1,0.91966
2,0.10233
3,-0.50719
4,0.94738
5,-0.17254
6,0.66321
7,0.82293
8,-0.73477
9,0.43041
10,0.88286
11,0.72889
12,-0.15903
13,-0.63796
14,-0.26197
15,0.91983
16,-0.03120
17,0.63907
18,0.66138
19,0.84106
20,0.51707
21,0.13771
22,0.86502
23,-0.45181
24,0.83592
25,-0.83373
26,-0.47593
27,0.82540
28,0.74953
29,0.93740
30,0.90863
31,-0.68214
32,0.74981
33,0.75534
34,0.74874
35,0.69063
36,-0.58398
37,0.67760
38,0.15907
39,0.91501
40,-0.22412
41,0.79526
42,0.05270
43,0.96868
44,0.90625
45,-0.67205
46,-0.08389
47,-0.82203
48,-0.20746
49,-0.63544
50,-0.49253
51,0.88251
52,0.90891
53,0.74176
54,-0.72600
55,0.89465
56,0.91216
57,0.90548
58,0.80284
59,-0.35239
60,-0.15150
61,-0.53377
62,0.74173
63,0.94307
64,0.41234
65,0.55647
66,-0.59653
67,-0.80410
68,-0.34316
69,-0.01522
70,-0.63942
71,0.84177
72,0.78090
73,0.33580
74,-0.74078
75,0.85561
76,-0.06240
77,0.86053
78,-0.46585
79,0.53998
80,0.84323
81,0.91179
82,-0.70906
83,0.16241
84,0.08399
85,-0.80379
86,0.83140
87,-0.03312
88,-0.15004
89,0.86882
90,0.62831
91,0.79953
92,0.70820
93,-0.24529
94,0.61481
95,0.94535
96,-0.20721
97,0.48675
98,-0.66905
99,0.95677
100,0.91901
101,0.55170
102,0.90723
103,0.93852
104,0.78528
105,0.77661
106,0.82094
107,0.74761
108,-0.20017
109,-0.59734
110,-0.76450
111,0.89461
112,0.88415
113,-0.29596
114,-0.29832
115,-0.47280
116,0.15079
117,-0.27172
118,0.73775
119,0.02132
120,-0.33925
121,0.81641
122,0.96012
123,-0.20634
124,-0.02901
125,0.59636
126,0.88583
127,0.93585
128,0.88092
129,0.62092
130,0.65616
131,-0.56043
132,0.85272
133,-0.65201
134,0.80844
135,0.85836
136,-0.50686
137,-0.56963
138,0.59563
139,0.85693
140,-0.68697
141,0.24950
142,-0.72746
143,-0.13529
144,-0.57996
145,0.73392
146,0.62178
147,-0.29150
148,0.86773
149,0.92374
150,-0.20476
151,-0.10025
152,0.85790
153,-0.69005
154,0.91006
155,0.96260
156,0.92919
157,0.81403
158,-0.05090
159,0.91380
160,0.84751
161,0.86724
162,0.82752
163,-0.50847
164,0.43229
165,0.83988
166,0.93114
167,0.70833
168,0.10616
169,-0.61441
170,0.91307
171,-0.81785
172,0.03523
173,-0.09583
174,0.81989
175,-0.83752
176,-0.05716
177,0.95079
178,0.21994
179,-0.15995
180,-0.34900
181,0.86031
182,0.93708
183,0.88456
184,-0.19748
185,0.93232
186,0.89445
187,0.92705
188,0.86252
189,-0.17788
190,-0.38918
191,0.92731
192,-0.71488
193,0.11835
194,0.89349
195,-0.90830
196,-0.78125
197,0.95613
198,-0.79847
199,-0.86270
200,0.93980
201,0.84113
202,0.94452
203,0.77637
204,0.80835
205,0.93292
206,0.71069
207,0.72053
208,0.52842
209,0.87775
210,0.92116
211,0.91536
212,-0.84537
213,0.97246
214,0.93640
215,0.84172
216,0.94844
217,0.84530
218,-0.94612
219,0.19511
220,0.38697
221,0.78853
222,0.90744
223,-0.49849
224,0.46558
225,0.49920
226,-0.33100
227,0.89859
228,0.75418
229,0.86201
230,0.44972
231,0.80237
232,0.19695
233,-0.13892
234,0.94849
235,0.75655
236,0.96012
237,0.90814
238,0.08886
239,0.02190
240,-0.73904
241,-0.14929
242,0.89694
243,0.47229
244,-0.27964
245,0.89479
246,0.05187
247,0.72752
248,-0.91149
249,-0.64181
250,0.24314
251,0.43028
252,-0.81873
253,-0.71753
254,0.88997
255,0.89920
256,0.90774
257,-0.56655
258,0.69393
259,0.20116
260,-0.18735
261,-0.71304
262,0.94385
263,0.82980
264,0.54561
265,-0.23697
266,0.98086
267,0.43663
268,0.92696
269,0.63059
270,-0.85292
271,0.54439
272,-0.12430
273,0.75568
274,-0.05960
275,0.74971
276,-0.52023
277,0.68995
278,0.20634
279,0.87070
280,-0.44546
281,0.18908
282,0.88791
283,0.92516
284,0.93518
285,-0.39007
286,0.89690
287,-0.18684
288,0.79662
289,-0.72405
290,-0.31370
291,-0.68325
292,0.92274
293,0.95213
294,0.32939
295,0.24007
296,0.93951
297,0.73104
298,0.15043
299,0.85911
300,0.79537
301,-0.85475
302,0.84195
303,-0.69076
304,-0.87095
305,0.89362
306,0.80948
307,-0.71534
308,-0.20922
309,0.16359
310,0.94337
311,-0.46574
312,0.04725
313,0.89830
314,-0.60534
315,-0.33002
316,-0.39479
317,0.81846
318,-0.24282
319,0.85223
320,0.59707
321,0.85593
322,-0.05088
323,0.92180
324,-0.69068
325,-0.31048
326,-0.20255
327,0.96686
328,0.87503
329,0.89473
330,0.67932
331,-0.26911
332,0.31103
333,0.93656
334,0.89534
335,-0.76296
336,-0.19500
337,0.68978
338,-0.54058
339,0.91498
340,0.84871
341,0.15474
342,-0.83458
343,0.88986
344,-0.39128
345,-0.64693
346,0.94771
347,0.59463
348,-0.13393
349,-0.40238
350,-0.93551
351,0.64298
352,0.95584
353,0.91603
354,-0.12231
355,0.80114
356,-0.60770
357,0.09192
358,0.93640
359,0.86930
360,-0.02312
361,0.95703
362,0.95344
363,0.86365
364,-0.00293
365,0.66464
366,-0.37831
367,0.02205
368,0.86486
369,0.14758
370,-0.70538
371,-0.31989
372,0.95235
373,0.87865
374,-0.73648
375,-0.44767
376,0.82269
377,0.55881
378,-0.80135
379,0.67772
380,0.17757
381,0.05429
382,-0.30893
383,-0.18785
384,-0.28790
385,-0.45511
386,0.89452
387,-0.05496
388,0.50626
389,0.05875
390,0.85093
391,0.94410
392,0.71776
393,0.75170
394,-0.59885
395,0.30626
396,0.85065
397,0.58054
398,-0.05578
399,0.97879
400,0.86449
401,0.57536
402,-0.75006
403,0.00639
404,-0.14305
405,0.77703
406,-0.02974
407,0.87188
408,0.95923
409,0.91604
410,-0.76775
411,-0.38383
412,0.93027
413,-0.84990
414,0.46836
415,-0.34131
416,-0.66936
417,0.93485
418,0.02480
419,0.17991
420,-0.70690
421,0.94964
422,-0.06273
423,-0.14948
424,0.91336
425,-0.04402
426,-0.14091
427,0.91055
428,0.89071
429,0.83039
430,0.84037
431,0.94137
432,-0.35200
433,0.72739
434,-0.67523
435,0.09913
436,0.47273
437,0.89723
438,0.69975
439,-0.62487
440,-0.68031
441,-0.48747
442,-0.55637
443,0.85410
444,0.21878
445,-0.83996
446,0.98608
447,-0.13715
448,0.85187
449,0.94639
450,-0.55558
451,0.40949
452,-0.61091
453,0.55708
454,0.92899
455,0.93019
456,-0.24920
457,0.46431
458,0.88307
459,-0.27364
460,0.92841
461,0.45551
462,0.81793
463,0.54549
464,0.23567
465,-0.55345
466,0.82840
467,0.88478
468,0.87620
469,0.95668
470,-0.51467
471,-0.70767
472,0.88901
473,0.89232
474,0.87095
475,0.40255
476,0.52474
477,-0.82394
478,0.60109
479,0.91632
480,0.57862
481,0.87186
482,0.29782
483,0.88674
484,0.90754
485,0.03085
486,-0.00319
487,0.96833
488,0.89446
489,0.89349
490,-0.57262
491,0.91256
492,0.06863
493,0.81438
494,0.91814
495,0.28987
496,0.84778
497,0.90741
498,0.92446
499,0.95156
500,0.43480
501,0.04957
502,-0.00786
503,0.94210
504,0.93422
505,-0.05958
506,0.82004
507,-0.80230
508,0.65419
509,0.04841
510,0.55424
511,0.60649
512,0.87541
513,0.62206
514,0.94003
515,0.83502
516,0.92292
517,-0.73050
518,0.72027
519,-0.05180
520,0.58818
521,0.36796
522,-0.76935
523,0.91334
524,-0.10290
525,0.80957
526,0.61519
527,0.02599
528,-0.30224
529,0.93004
530,0.98450
531,0.51837
532,0.06127
533,0.50385
534,0.87237
535,-0.29132
536,0.13047
537,-0.42879
538,-0.72763
539,0.17958
540,0.96154
541,-0.37599
542,-0.65700
543,0.46148
544,-0.07585
545,-0.11052
546,0.91115
547,0.74921
548,0.44961
549,0.29971
550,-0.34003
551,0.90501
552,0.89872
553,0.88114
554,0.24286
555,0.88956
556,0.87721
557,-0.48140
558,0.92011
559,0.97747
560,0.70138
561,0.57873
562,0.42232
563,0.82593
564,0.86878
565,0.91693
566,0.89976
567,-0.41695
568,0.52534
569,-0.25390
570,-0.70031
571,-0.45104
572,0.04173
573,0.86137
574,-0.70938
575,-0.74075
576,0.34862
577,-0.06199
578,0.87602
579,-0.58044
580,-0.71122
581,0.84450
582,0.61215
583,-0.20159
584,-0.02143
585,-0.75248
586,0.75154
587,0.92051
588,-0.03357
589,0.89665
590,0.86529
591,-0.09519
592,0.94735
593,0.85372
594,0.76039
595,0.87696
596,-0.70031
597,0.01205
598,0.22399
599,0.76321
600,0.92489
601,-0.61780
602,-0.87573
603,-0.86457
604,0.87431
605,-0.76608
606,0.26240
607,0.17951
608,0.31936
609,-0.71291
610,-0.78364
611,-0.00479
612,-0.44114
613,0.75306
614,0.55442
615,-0.11323
616,0.92525
617,-0.09994
618,0.80416
619,-0.34247
620,0.73698
621,-0.51391
622,0.92444
623,0.53945
624,-0.45052
625,-0.80537
626,0.89024
627,-0.63248
628,0.89478
629,0.89535
630,0.86833
631,0.93840
632,0.14163
633,0.91290
634,-0.82093
635,-0.70269
636,0.86389
637,-0.54494
638,-0.65509
639,-0.25243
640,0.90971
641,-0.30551
642,-0.17102
643,-0.10781
644,0.56680
645,0.95238
646,-0.01346
647,0.64593
648,0.87277
649,-0.30876
650,-0.91255
651,-0.62319
652,0.60828
653,-0.14320
654,-0.39468
655,0.92209
656,-0.70833
657,0.89375
658,0.24913
659,-0.49326
660,-0.62784
661,0.01999
662,0.78913
663,0.19663
664,-0.19065
665,0.69068
666,0.88271
667,0.92770
668,0.02100
669,-0.77620
670,-0.28140
671,0.97293
672,-0.62272
673,0.78012
674,0.44536
675,-0.00680
676,-0.06508
677,-0.70791
678,-0.03714
679,0.57789
680,0.32090
681,0.76923
682,-0.81966
683,-0.51839
684,-0.32385
685,-0.50581
686,0.81760
687,-0.41343
688,0.09122
689,0.92183
690,0.90757
691,-0.49077
692,-0.65171
693,0.73776
694,-0.56753
695,0.25611
696,-0.24752
697,-0.77132
698,0.00617
699,0.77792
700,0.94778
701,-0.78273
702,0.95412
703,-0.33654
704,0.97773
705,-0.24735
706,0.29024
707,-0.19388
708,0.90841
709,-0.55537
710,0.90490
711,-0.05956
712,-0.75904
713,-0.14530
714,0.32371
715,0.95733
716,-0.33397
717,0.50929
718,0.84259
719,-0.57509
720,0.79928
721,0.26127
722,0.95706
723,-0.10769
724,0.94839
725,0.21307
726,0.17924
727,0.91378
728,-0.25919
729,-0.08428
730,0.79632
731,0.90600
732,-0.44402
733,0.97225
734,0.95368
735,0.22769
736,0.73524
737,-0.59297
738,0.06757
739,0.96648
740,-0.79438
741,0.88730
742,-0.25809
743,0.96949
744,0.41581
745,0.89673
746,-0.84517
747,0.54843
748,0.83287
749,0.49048
750,-0.78014
751,-0.55531
752,0.88061
753,-0.07246
754,0.94526
755,-0.03489
756,0.95629
757,-0.30013
758,0.95315
759,-0.34471
760,0.95164
761,0.60176
762,0.54170
763,0.90143
764,0.89055
765,0.43138
766,0.68558
767,-0.34896
768,-0.73675
769,0.74693
770,0.67919
771,-0.25923
772,0.83260
773,0.04277
774,-0.48641
775,-0.66998
776,0.82832
777,0.75899
778,-0.44206
779,0.96471
780,0.87437
781,-0.88663
782,0.45977
783,0.90288
784,0.93700
785,0.41167
786,0.85931
787,0.81866
788,-0.21759
789,-0.16664
790,0.27594
791,0.89287
792,-0.09249
793,0.87559
794,-0.69876
795,0.87724
796,-0.38683
797,-0.24199
798,0.19655
799,-0.04075
800,0.73522
801,0.95465
802,0.80150
803,0.95341
804,0.77314
805,-0.87366
806,0.19922
807,-0.59471
808,-0.90575
809,-0.02517
810,0.61776
811,0.44609
812,0.81109
813,0.64697
814,0.30884
815,0.22657
816,-0.49255
817,0.32323
818,-0.65588
819,0.92158
820,-0.16345
821,-0.23948
822,-0.52551
823,-0.86703
824,0.86610
825,-0.05511
826,-0.61442
827,-0.21910
828,-0.77444
829,0.71613
830,0.96998
831,-0.50892
832,0.76936
833,-0.55923
834,0.70095
835,-0.17429
836,0.96262
837,0.85093
838,0.91145
839,0.61834
840,0.33403
841,0.91341
842,-0.01068
843,-0.46049
844,0.90384
845,0.88036
846,-0.13849
847,0.85934
848,-0.12175
849,0.76175
850,-0.80242
851,0.02139
852,-0.82170
853,0.36393
854,0.12553
855,0.92683
856,0.81555
857,-0.41866
858,0.80194
859,-0.08517
860,0.14873
861,-0.47644
862,-0.00539
863,0.92497
864,-0.61416
865,-0.52965
866,-0.72373
867,0.96075
868,-0.78993
869,0.00268
870,-0.80079
871,-0.38498
872,0.79110
873,0.81597
874,0.87475
875,-0.34683
876,-0.72669
877,-0.66857
878,0.64621
879,0.38301
880,-0.45828
881,0.93353
882,-0.61193
883,0.78565
884,0.45210
885,0.01716
886,-0.71251
887,0.93347
888,-0.18027
889,0.87918
890,0.04388
891,-0.77946
892,0.93183
893,0.75195
894,-0.50645
895,0.97858
896,0.76231
897,0.97311
898,0.89145
899,0.82624
900,0.51830
901,0.94451
902,0.91821
903,0.61248
904,-0.86474
905,-0.45970
906,-0.13859
907,-0.64180
908,-0.14833
909,-0.78356
910,-0.26157
911,0.67390
912,0.88640
913,-0.33253
914,0.72646
915,0.08653
916,0.60506
917,0.90903
918,0.95291
919,-0.24026
920,-0.22620
921,-0.02065
922,0.89110
923,0.70093
924,0.95441
925,-0.27895
926,-0.38882
927,0.45767
928,-0.12591
929,0.97614
930,-0.54216
931,-0.64556
932,0.96875
933,0.90527
934,0.91194
935,0.01076
936,-0.69484
937,0.87489
938,0.89502
939,0.85370
940,-0.46763
941,0.84904
942,-0.86729
943,0.00535
944,-0.08521
945,-0.78518
946,0.40759
947,-0.75645
948,0.80322
949,0.21709
950,0.37122
951,-0.68974
952,0.97137
953,-0.47156
954,-0.72309
955,0.94903
956,-0.21762
957,-0.32793
958,0.87324
959,0.91419
960,-0.60034
961,-0.40111
962,0.85225
963,0.29765
964,0.57798
965,0.86621
966,0.38425
967,0.80468
968,0.03304
969,0.93076
970,0.79387
971,0.95595
972,0.92554
973,0.90925
974,0.88979
975,0.67131
976,-0.91393
977,0.64235
978,-0.30211
979,0.50817
980,0.94873
981,0.28511
982,-0.75563
983,0.64294
984,0.88838
985,0.05307
986,0.84363
987,0.94868
988,-0.71669
989,-0.25972
990,0.89378
991,-0.79196
992,-0.60903
993,-0.64583
994,-0.61729
995,0.85131
996,0.32824
997,0.92796
998,0.81663
999,0.66419
1000,-0.76960
1001,0.81454
1002,0.23077
1003,0.87489
1004,0.27153
1005,0.16856
1006,0.78725
1007,-0.22710
1008,0.64270
1009,-0.64828
1010,0.86698
1011,0.74347
1012,0.82285
1013,0.08016
1014,0.94687
1015,-0.16071
1016,0.56287
1017,0.77819
1018,-0.80909
1019,0.93990
1020,0.86236
1021,0.88903
1022,-0.79547
1023,0.72456
1024,0.82418
1025,-0.92771
1026,0.96486
1027,-0.75723
1028,0.23788
1029,0.86719
1030,-0.31429
1031,-0.21273
1032,-0.10875
1033,0.15669
1034,0.92802
1035,0.88562
1036,-0.58284
1037,-0.54573
1038,0.55759
1039,0.80794
1040,0.88657
1041,-0.18220
1042,0.94301
1043,-0.64787
1044,0.91092
1045,0.88491
1046,0.53030
1047,0.76650
1048,0.88395
1049,0.03226
1050,-0.52746
1051,0.49884
1052,0.19963
1053,-0.83455
1054,0.28299
1055,0.47753
1056,0.80176
1057,0.44796
1058,0.82502
1059,0.22038
1060,0.93148
1061,0.87553
1062,0.86998
1063,-0.71744
1064,0.63367
1065,0.93794
1066,-0.70736
1067,0.01089
1068,0.73119
1069,0.94952
1070,-0.11083
1071,0.67218
1072,0.85663
1073,0.24695
1074,0.93722
1075,-0.83948
1076,-0.05591
1077,-0.91003
1078,0.92605
1079,0.80805
1080,-0.78803
1081,-0.62711
1082,0.17229
1083,0.85817
1084,-0.82416
1085,-0.09138
1086,-0.84728
1087,0.23986
1088,0.57359
1089,-0.87089
1090,0.84688
1091,0.06471
1092,-0.20685
1093,0.90351
1094,0.96400
1095,0.29732
1096,0.94549
1097,-0.68961
1098,-0.22876
1099,0.90876
1100,0.17325
1101,0.45208
1102,0.86819
1103,0.58999
1104,0.80294
1105,0.47565
1106,0.40619
1107,0.63024
1108,0.12385
1109,0.83894
1110,0.89345
1111,0.91189
1112,0.95199
1113,-0.75611
1114,0.99456
1115,-0.36383
1116,0.86123
1117,-0.52723
1118,-0.87509
1119,-0.73899
1120,-0.50340
1121,-0.52843
1122,0.77307
1123,0.09679
1124,-0.94680
1125,-0.87300
1126,0.90650
1127,0.83409
1128,-0.71675
1129,0.89132
1130,0.09628
1131,-0.49382
1132,0.85412
1133,-0.80920
1134,0.06983
1135,0.12929
1136,-0.12081
1137,-0.54095
1138,-0.78331
1139,0.93929
1140,-0.71991
1141,0.90844
1142,0.64619
1143,-0.86486
1144,0.48635
1145,0.43696
1146,0.91057
1147,0.75129
1148,0.91485
1149,0.82926
1150,0.85921
1151,-0.05337
1152,-0.53562
1153,-0.24617
1154,0.91957
1155,0.91763
1156,-0.91772
1157,0.94803
1158,-0.00423
1159,0.71066
1160,0.81222
1161,-0.78471
1162,0.91742
1163,0.94785
1164,0.90168
1165,0.97352
1166,-0.83335
1167,-0.68248
1168,0.86572
1169,0.91149
1170,0.87078
1171,-0.86224
1172,-0.02607
1173,0.13824
1174,0.81052
1175,0.69988
1176,0.93149
1177,0.93857
1178,0.89307
1179,-0.60340
1180,-0.84435
1181,0.07936
1182,0.82841
1183,0.10654
1184,0.70900
1185,0.94345
1186,-0.49433
1187,0.12666
1188,0.90788
1189,-0.71245
1190,-0.84209
1191,0.92016
1192,0.37089
1193,0.33944
1194,0.90697
1195,0.78313
1196,0.00376
1197,-0.75017
1198,0.66433
1199,-0.15761
1200,0.82997
1201,-0.41747
1202,-0.70373
1203,-0.64685
1204,0.83869
1205,-0.04308
1206,0.67406
1207,-0.62447
1208,0.89923
1209,0.63378
1210,-0.47003
1211,-0.82070
1212,0.12236
1213,-0.30919
1214,0.50913
1215,-0.02461
1216,-0.47558
1217,0.91277
1218,-0.37925
1219,-0.58317
1220,0.89966
1221,0.94479
1222,-0.82502
1223,-0.54397
1224,-0.65361
1225,0.61425
1226,0.92551
1227,-0.66549
1228,0.95566
1229,-0.87039
1230,-0.87079
1231,-0.95454
1232,0.85196
1233,-0.46121
1234,-0.69693
1235,-0.86748
1236,0.93025
1237,-0.59737
1238,-0.80098
1239,0.82824
1240,0.89555
1241,-0.60256
1242,0.20416
1243,-0.29771
1244,0.95134
1245,0.85308
1246,0.73360
1247,0.05222
1248,0.69715
1249,0.12797
1250,0.89618
1251,-0.47924
1252,0.62276
1253,0.00877
1254,-0.31948
1255,0.93010
1256,0.35504
1257,0.90565
1258,0.89456
1259,0.89993
1260,-0.05334
1261,-0.75654
1262,0.90227
1263,0.94641
1264,0.94467
1265,0.33189
1266,0.91880
1267,0.91070
1268,0.89413
1269,0.08017
1270,-0.84030
1271,0.89990
1272,-0.07628
1273,0.82632
1274,0.89842
1275,0.84356
1276,0.92886
1277,0.88454
1278,0.85722
1279,0.24191
1280,0.90885
1281,0.94966
1282,0.12835
1283,-0.38286
1284,0.92822
1285,0.88598
1286,0.69936
1287,0.93049
1288,0.75832
1289,-0.20510
1290,0.96316
1291,0.87957
1292,0.67670
1293,-0.56828
1294,0.84362
1295,0.89736
1296,0.65191
1297,0.39309
1298,0.90452
1299,0.75324
1300,-0.83276
1301,-0.26873
1302,0.82291
1303,0.85665
1304,0.16540
1305,0.95183
1306,-0.27399
1307,0.84363
1308,0.78441
1309,-0.01520
1310,0.78337
1311,0.84905
1312,0.96050
1313,-0.09556
1314,0.91543
1315,0.76125
1316,-0.69466
1317,-0.53205
1318,0.79974
1319,-0.66293
1320,-0.71270
1321,-0.74135
1322,0.35042
1323,-0.00182
1324,0.36957
1325,0.87011
1326,-0.88836
1327,0.15944
1328,-0.78535
1329,0.89225
1330,0.78234
1331,0.72652
1332,-0.54549
1333,0.64468
1334,0.85434
1335,0.85756
1336,-0.64694
1337,-0.45979
1338,0.75024
1339,0.89257
1340,0.83998
1341,-0.42762
1342,-0.29138
1343,-0.72820
1344,-0.25739
1345,-0.16426
1346,0.15132
1347,0.89547
1348,0.90824
1349,-0.80287
1350,-0.63853
1351,0.89261
1352,0.86288
1353,0.84992
1354,0.97974
1355,0.32757
1356,0.88354
1357,0.91364
1358,0.88505
1359,-0.66158
1360,0.88967
1361,0.91181
1362,0.93350
1363,0.88903
1364,0.68500
1365,0.82010
1366,0.07150
1367,0.74164
1368,0.01145
1369,0.65234
1370,0.82040
1371,-0.05950
1372,-0.04960
1373,0.96234
1374,0.84662
1375,0.86721
1376,0.78443
1377,0.72861
1378,-0.41480
1379,0.88775
1380,0.33377
1381,0.89999
1382,-0.06145
1383,-0.65211
1384,-0.41613
1385,0.94922
1386,0.86319
1387,-0.78749
1388,0.90765
1389,-0.18117
1390,0.39068
1391,0.76020
1392,0.10253
1393,-0.19289
1394,-0.42493
1395,-0.51115
1396,-0.89368
1397,-0.67124
1398,0.76093
1399,-0.85837
1400,0.21299
1401,0.90344
1402,0.92375
1403,-0.53397
1404,0.97137
1405,-0.33847
1406,0.86004
1407,0.50643
1408,-0.55784
1409,0.39539
1410,0.81458
1411,0.50821
1412,-0.00561
1413,-0.66218
1414,0.81978
1415,0.96384
1416,0.85577
1417,0.90966
1418,-0.05611
1419,0.95212
1420,0.93491
1421,-0.71964
1422,0.90282
1423,0.11805
1424,0.88069
1425,0.37887
1426,0.83765
1427,0.98440
1428,0.09476
1429,-0.16048
1430,-0.27600
1431,0.28547
1432,0.82544
1433,0.76481
1434,0.84480
1435,-0.78926
1436,0.56175
1437,0.87950
1438,0.88320
1439,0.16452
1440,0.91951
1441,0.92457
1442,-0.72020
1443,0.57912
1444,0.84095
1445,0.23428
1446,0.44454
1447,-0.78192
1448,-0.59458
1449,-0.72719
1450,-0.12537
1451,-0.65017
1452,-0.43658
1453,-0.29058
1454,0.91827
1455,0.91601
1456,0.88538
1457,0.83803
1458,-0.37496
1459,0.02002
1460,-0.84882
1461,0.92060
1462,-0.63661
1463,0.82300
1464,0.92173
1465,-0.06906
1466,0.61778
1467,-0.18194
1468,0.93516
1469,0.84139
1470,0.66837
1471,-0.52358
1472,0.70914
1473,0.55140
1474,0.91933
1475,0.00887
1476,-0.81861
1477,-0.35156
1478,-0.55038
1479,0.81555
1480,-0.07427
1481,-0.07493
1482,-0.05794
1483,0.94288
1484,-0.26277
1485,0.99440
1486,-0.34417
1487,-0.29320
1488,-0.78971
1489,0.78382
1490,-0.71093
1491,-0.06446
1492,-0.36954
1493,0.96776
1494,0.21093
1495,0.72184
1496,-0.78764
1497,-0.62225
1498,-0.07440
1499,-0.39788
1500,0.59404
1501,-0.24530
1502,-0.27636
1503,-0.75159
1504,0.00076
1505,0.93630
1506,-0.67669
1507,-0.73019
1508,0.90041
1509,0.97419
1510,0.56336
1511,0.84209
1512,-0.78098
1513,0.85511
1514,-0.81111
1515,0.55024
1516,0.01990
1517,-0.52188
1518,0.90025
1519,0.45618
1520,0.88249
1521,0.14281
1522,0.92369
1523,0.89595
1524,0.90230
1525,-0.38123
1526,0.87485
1527,-0.29216
1528,-0.83092
1529,0.61286
1530,0.29408
1531,0.60031
1532,0.80914
1533,-0.24983
1534,0.63045
1535,0.67497
1536,-0.73170
1537,0.94989
1538,0.86946
1539,-0.50004
1540,-0.77421
1541,-0.53509
1542,0.94368
1543,0.68278
1544,-0.11912
1545,0.89719
1546,-0.05010
1547,0.95657
1548,0.95701
1549,0.95765
1550,-0.06880
1551,0.37391
1552,-0.72638
1553,0.84864
1554,-0.25987
1555,0.21664
1556,-0.17487
1557,-0.60077
1558,0.31185
1559,0.76897
1560,0.78222
1561,0.73775
1562,0.89492
1563,0.94541
1564,0.04754
1565,-0.62553
1566,-0.80903
1567,0.80594
1568,-0.01604
1569,0.85865
1570,-0.72832
1571,-0.73691
1572,-0.08849
1573,0.86417
1574,0.93482
1575,0.52379
1576,0.67007
1577,0.54598
1578,0.50567
1579,0.33077
1580,0.86546
1581,0.78007
1582,0.15463
1583,0.78932
1584,-0.68616
1585,0.68091
1586,0.83504
1587,0.18136
1588,0.08114
1589,0.75114
1590,-0.00294
1591,0.95376
1592,-0.80736
1593,0.80909
1594,0.25682
1595,0.93734
1596,0.32267
1597,-0.74218
1598,0.95350
1599,-0.04847
1600,0.81035
1601,-0.24921
1602,0.12183
1603,-0.90147
1604,0.85842
1605,0.89355
1606,0.96672
1607,0.94195
1608,-0.32097
1609,0.68927
1610,0.67415
1611,-0.80085
1612,0.53772
1613,-0.61210
1614,-0.83364
1615,-0.77391
1616,-0.80001
1617,-0.40167
1618,-0.82260
1619,-0.66439
1620,0.82686
1621,0.55226
1622,-0.86490
1623,0.90739
1624,-0.87528
1625,0.00764
1626,0.44055
1627,0.76878
1628,0.83326
1629,-0.47501
1630,0.85980
1631,-0.31849
1632,0.39125
1633,-0.05868
1634,0.93941
1635,-0.57830
1636,0.70626
1637,0.45880
1638,0.16242
1639,-0.82499
1640,-0.25981
1641,-0.04470
1642,0.90401
1643,-0.78152
1644,-0.87203
1645,0.54202
1646,-0.50496
1647,-0.77401
1648,0.65237
1649,0.92827
1650,0.80825
1651,0.67482
1652,0.94989
1653,-0.87089
1654,-0.75051
1655,0.92280
1656,0.89537
1657,0.83089
1658,0.30442
1659,0.60916
1660,-0.75645
1661,-0.91941
1662,0.92948
1663,-0.09363
1664,0.91491
1665,0.95037
1666,0.70839
1667,-0.91378
1668,-0.10290
1669,0.52786
1670,-0.79055
1671,0.65995
1672,0.62063
1673,-0.73878
1674,0.89270
1675,0.72497
1676,0.96666
1677,-0.75586
1678,0.91402
1679,0.82888
1680,-0.79358
1681,0.92377
1682,-0.63580
1683,0.96444
1684,0.85705
1685,0.71459
1686,-0.80884
1687,-0.44134
1688,-0.46107
1689,-0.50117
1690,0.83002
1691,0.93175
1692,-0.86371
1693,-0.69920
1694,-0.67552
1695,-0.15321
1696,0.71669
1697,0.93034
1698,0.91271
1699,0.82506
1700,0.21375
1701,-0.59117
1702,0.83298
1703,0.88111
1704,0.89769
1705,-0.17748
1706,0.94997
1707,-0.60982
1708,0.85152
1709,0.32402
1710,0.86588
1711,-0.10135
1712,0.86539
1713,0.76743
1714,0.57396
1715,0.46653
1716,0.83507
1717,0.57608
1718,-0.64254
1719,-0.14710
1720,0.76342
1721,0.92389
1722,0.67471
1723,0.88958
1724,-0.38986
1725,0.92473
1726,0.59150
1727,0.88765
1728,-0.87836
1729,0.33994
1730,-0.70575
1731,-0.87275
1732,0.61339
1733,-0.61134
1734,0.93341
1735,-0.32402
1736,-0.81834
1737,0.94071
1738,0.94058
1739,0.72581
1740,-0.85107
1741,0.87670
1742,0.24561
1743,0.93289
1744,0.65186
1745,0.15591
1746,0.80132
1747,0.94469
1748,0.11461
1749,0.08239
1750,0.83263
1751,0.68723
1752,-0.70172
1753,0.88800
1754,0.67886
1755,0.91566
1756,0.83974
1757,0.91230
1758,0.78258
1759,0.85574
1760,-0.10290
1761,-0.71063
1762,0.97285
1763,-0.17199
1764,0.10396
1765,0.95278
1766,-0.79515
1767,-0.36543
1768,-0.75555
1769,-0.37386
1770,-0.67897
1771,0.04326
1772,0.74977
1773,0.51587
1774,0.82267
1775,0.96217
1776,0.86808
1777,-0.69691
1778,0.91381
1779,0.85419
1780,0.71953
1781,-0.57974
1782,0.96297
1783,0.84907
1784,-0.78576
1785,0.84686
1786,-0.06499
1787,-0.70315
1788,-0.42599
1789,0.95150
1790,0.88465
1791,-0.83113
1792,-0.58477
1793,0.38591
1794,-0.84885
1795,0.10975
1796,0.38566
1797,0.93092
1798,0.91187
1799,-0.67600
1800,0.56852
1801,0.18281
1802,0.91450
1803,0.88611
1804,-0.78706
1805,-0.77969
1806,-0.20878
1807,-0.55598
1808,0.93434
1809,0.91779
1810,0.77013
1811,0.87752
1812,-0.73642
1813,-0.77001
1814,-0.66183
1815,0.77686
1816,0.77826
1817,0.69836
1818,-0.77227
1819,0.58092
1820,-0.72811
1821,0.93015
1822,0.57669
1823,-0.68556
1824,0.25988
1825,0.35840
1826,0.91761
1827,0.51428
1828,-0.80518
1829,0.85522
1830,0.94358
1831,-0.72339
1832,0.75060
1833,-0.06671
1834,-0.27051
1835,-0.44778
1836,-0.09819
1837,-0.13834
1838,0.94655
1839,0.64161
1840,-0.90804
1841,-0.83344
1842,-0.22517
1843,0.86752
1844,0.95223
1845,0.94950
1846,0.94851
1847,-0.81715
1848,-0.70650
1849,0.78928
1850,0.91623
1851,0.88273
1852,-0.87235
1853,0.83347
1854,-0.58931
1855,-0.10785
1856,0.97745
1857,0.87611
1858,0.84918
1859,-0.88037
1860,-0.67728
1861,0.04678
1862,0.83486
1863,0.17094
1864,0.20972
1865,-0.22723
1866,-0.79320
1867,-0.58817
1868,0.84869
1869,-0.11277
1870,-0.56891
1871,-0.03367
1872,0.56708
1873,0.91220
1874,0.89070
1875,0.41373
1876,0.92895
1877,-0.75059
1878,0.93689
1879,0.61878
1880,-0.95324
1881,0.83602
1882,0.43937
1883,0.91708
1884,-0.50511
1885,-0.05702
1886,0.84922
1887,0.95513
1888,0.00141
1889,-0.66898
1890,-0.90435
1891,0.69902
1892,0.57518
1893,0.94074
1894,-0.76920
1895,0.84293
1896,0.49017
1897,0.91975
1898,0.53037
1899,0.95848
1900,0.95001
1901,0.93030
1902,0.81134
1903,0.90046
1904,0.90660
1905,-0.62647
1906,0.90943
1907,-0.04468
1908,-0.27682
1909,-0.66873
1910,0.01158
1911,-0.37102
1912,0.03507
1913,-0.12663
1914,-0.72847
1915,-0.24834
1916,0.74315
1917,-0.67082
1918,0.84349
1919,0.24210
1920,0.51939
1921,0.63307
1922,0.92372
1923,0.79164
1924,0.91112
1925,0.79679
1926,0.01242
1927,0.77153
1928,0.86340
1929,0.90935
1930,-0.40172
1931,-0.42876
1932,0.87373
1933,0.90079
1934,-0.18007
1935,0.56573
1936,0.95765
1937,0.93335
1938,-0.03903
1939,0.89392
1940,0.07875
1941,0.82949
1942,-0.91850
1943,-0.69669
1944,-0.75483
1945,-0.65867
1946,0.80066
1947,0.62480
1948,0.83084
1949,0.97599
1950,0.51128
1951,-0.84220
1952,-0.25882
1953,-0.10021
1954,0.89194
1955,0.29451
1956,0.87541
1957,0.89160
1958,0.92430
1959,-0.78672
1960,0.95043
1961,0.55310
1962,-0.75267
1963,-0.07072
1964,0.71395
1965,0.94263
1966,-0.78211
1967,0.92578
1968,0.15824
1969,0.91663
1970,-0.84964
1971,0.06321
1972,-0.12754
1973,0.63185
1974,0.86410
1975,0.80149
1976,0.38110
1977,-0.82543
1978,0.46063
1979,-0.71825
1980,-0.51049
1981,0.59429
1982,0.83854
1983,0.19997
1984,0.43711
1985,0.86321
1986,0.96338
1987,-0.74029
1988,0.46800
1989,0.92921
1990,-0.88989
1991,0.80704
1992,-0.06630
1993,0.74441
1994,0.85430
1995,-0.83653
1996,0.06674
1997,-0.55846
1998,0.82847
1999,0.41844
2000,-0.69598
2001,-0.07047
2002,-0.00592
2003,-0.01849
2004,-0.82418
2005,0.84498
2006,0.93720
2007,-0.73190
2008,0.04766
2009,0.89052
2010,0.63629
2011,0.82326
2012,-0.14363
2013,-0.87503
2014,0.25288
2015,0.88982
2016,-0.60824
2017,0.94062
2018,0.94554
2019,-0.68141
2020,0.95012
2021,0.76386
2022,0.91617
2023,-0.61232
2024,0.92426
2025,-0.34070
2026,0.94745
2027,0.96803
2028,0.96665
2029,-0.76113
2030,-0.85413
2031,0.08421
2032,-0.06259
2033,-0.50750
2034,0.83875
2035,0.29221
2036,0.75619
2037,0.23733
2038,-0.77861
2039,0.80484
2040,-0.17248
2041,-0.20715
2042,0.87513
2043,0.45802
2044,0.90452
2045,0.92707
2046,0.93879
2047,0.85514
2048,-0.05465
2049,0.82714
2050,-0.34133
2051,0.21292
2052,-0.76651
2053,-0.80670
2054,0.81785
2055,0.85171
2056,0.92495
2057,0.52020
2058,-0.80944
2059,0.41337
2060,-0.58789
2061,-0.16981
2062,0.90527
2063,0.95661
2064,-0.45212
2065,0.81135
2066,0.88681
2067,0.85619
2068,0.02095
2069,0.94577
2070,-0.69372
2071,0.97344
2072,-0.80732
2073,0.91232
2074,-0.32149
2075,-0.33086
2076,-0.39612
2077,0.90910
2078,0.04801
2079,-0.67447
2080,-0.77393
2081,0.65852
2082,0.94323
2083,-0.31610
2084,-0.84230
2085,0.94088
2086,-0.13857
2087,0.83642
2088,-0.61783
2089,0.47485
2090,0.80689
2091,0.90924
2092,0.91750
2093,0.87398
2094,-0.66364
2095,0.75651
2096,-0.72591
2097,0.85985
2098,-0.21807
2099,0.78902
2100,0.06182
2101,-0.01990
2102,-0.81913
2103,0.85971
2104,0.64745
2105,0.85457
2106,0.18778
2107,-0.71883
2108,0.96493
2109,-0.33300
2110,0.94984
2111,-0.68394
2112,0.88902
2113,0.96340
2114,0.92196
2115,0.85276
2116,0.92388
2117,-0.25588
2118,0.03609
2119,-0.33367
2120,0.23382
2121,-0.86243
2122,0.88056
2123,0.06480
2124,0.32215
2125,0.95960
2126,0.96075
2127,0.32367
2128,0.01511
2129,0.94128
2130,0.61801
2131,0.72668
2132,0.03562
2133,0.55274
2134,-0.63455
2135,-0.67382
2136,0.87332
2137,0.81391
2138,0.38067
2139,-0.15899
2140,0.90651
2141,0.87405
2142,0.93729
2143,0.93011
2144,-0.39263
2145,-0.48623
2146,0.79274
2147,0.46857
2148,0.76156
2149,-0.79179
2150,0.84075
2151,0.71805
2152,-0.30770
2153,0.49302
2154,0.83415
2155,0.88844
2156,-0.33223
2157,0.88332
2158,0.92292
2159,0.48174
2160,0.84677
2161,0.82132
2162,-0.44138
2163,0.87827
2164,-0.39557
2165,0.66048
2166,-0.10546
2167,0.92569
2168,-0.88946
2169,0.67733
2170,0.88764
2171,-0.72945
2172,0.92024
2173,-0.33997
2174,0.97381
2175,0.69804
2176,0.91941
2177,0.93949
2178,0.88315
2179,-0.55603
2180,0.08799
2181,-0.17051
2182,0.91741
2183,0.81552
2184,-0.73620
2185,0.91093
2186,0.47065
2187,-0.59177
2188,0.53589
2189,0.79214
2190,0.93753
2191,0.92256
2192,0.23272
2193,-0.10450
2194,0.08205
2195,0.94458
2196,0.79796
2197,-0.39746
2198,-0.70149
2199,-0.36602
2200,-0.68440
2201,0.73684
2202,-0.33106
2203,-0.93529
2204,-0.83648
2205,-0.15151
2206,0.75996
2207,0.80801
2208,0.01826
2209,0.62306
2210,0.39723
2211,0.19128
2212,-0.58345
2213,-0.67743
2214,-0.81053
2215,0.92273
2216,0.74913
2217,-0.41087
2218,-0.67150
2219,0.78276
2220,0.58294
2221,0.89507
2222,0.25123
2223,-0.77757
2224,-0.31824
2225,0.90524
2226,0.30257
2227,-0.57989
2228,0.57172
2229,-0.03973
2230,0.80390
2231,0.91189
2232,0.90630
2233,0.48306
2234,0.88610
2235,0.79143
2236,-0.57650
2237,0.10553
2238,0.96131
2239,0.88904
2240,-0.71553
2241,0.94749
2242,0.97062
2243,0.87399
2244,-0.15814
2245,-0.28261
2246,-0.21360
2247,0.25999
2248,-0.78748
2249,-0.11007
2250,0.52538
2251,0.87407
2252,0.95826
2253,0.90942
2254,-0.66849
2255,0.92672
2256,-0.69048
2257,0.80087
2258,0.07025
2259,-0.22743
2260,0.68198
2261,-0.84188
2262,0.12930
2263,0.92281
2264,-0.51576
2265,-0.74279
2266,-0.81141
2267,0.53786
2268,0.95209
2269,0.79527
2270,0.39363
2271,0.43945
2272,0.90156
2273,0.04639
2274,0.13703
2275,0.92452
2276,0.91382
2277,-0.68866
2278,0.71673
2279,-0.74145
2280,-0.76207
2281,0.84197
2282,0.88161
2283,0.78977
2284,0.68966
2285,0.93378
2286,-0.79618
2287,-0.37646
2288,0.73505
2289,-0.61776
2290,0.25768
2291,-0.79837
2292,0.85950
2293,-0.62576
2294,-0.80885
2295,0.86849
2296,0.64542
2297,-0.63669
2298,0.82713
2299,-0.65296
2300,0.71870
2301,-0.35075
2302,0.85662
2303,-0.08107
2304,-0.41437
2305,0.86727
2306,0.71367
2307,0.83776
2308,-0.77434
2309,0.93331
2310,0.84009
2311,-0.51522
2312,-0.44369
2313,-0.80135
2314,0.89404
2315,-0.10034
2316,-0.34227
2317,0.83106
2318,0.94911
2319,0.16171
2320,0.95653
2321,0.88746
2322,0.92565
2323,0.94598
2324,-0.73988
2325,0.77737
2326,0.88426
2327,0.65955
2328,-0.82466
2329,-0.44677
2330,0.91992
2331,-0.79026
2332,0.73891
2333,-0.72157
2334,0.33490
2335,-0.81964
2336,0.91144
2337,-0.65711
2338,-0.56171
2339,0.87139
2340,0.87683
2341,0.95371
2342,0.85177
2343,-0.14064
2344,0.95424
2345,0.86366
2346,-0.78043
2347,0.72813
2348,0.91428
2349,0.06285
2350,-0.61693
2351,0.91938
2352,0.00380
2353,-0.58992
2354,0.93851
2355,0.94515
2356,0.83014
2357,-0.28212
2358,-0.67317
2359,-0.82428
2360,0.70891
2361,0.90544
2362,-0.64433
2363,-0.21854
2364,0.79088
2365,-0.25366
2366,-0.14268
2367,-0.01975
2368,0.33053
2369,-0.68361
2370,-0.80512
2371,0.89654
2372,0.50036
2373,0.04634
2374,0.78529
2375,0.73733
2376,0.91816
2377,0.89560
2378,-0.57335
2379,0.91914
2380,-0.09637
2381,0.78833
2382,0.88242
2383,0.78481
2384,-0.87124
2385,0.94352
2386,0.88448
2387,-0.10001
2388,0.92825
2389,-0.54379
2390,0.06154
2391,0.89646
2392,-0.02575
2393,0.90214
2394,-0.51332
2395,-0.20212
2396,-0.13015
2397,0.11771
2398,-0.63337
2399,0.79180
2400,-0.07174
2401,-0.61080
2402,0.30405
2403,0.92302
2404,-0.25134
2405,-0.43741
2406,-0.73395
2407,0.78939
2408,0.93819
2409,-0.18840
2410,-0.90118
2411,0.71978
2412,-0.77438
2413,0.89932
2414,0.85670
2415,0.68613
2416,0.85422
2417,0.92343
2418,-0.53393
2419,0.83671
2420,0.94456
2421,0.31744
2422,-0.31745
2423,0.51012
2424,-0.48116
2425,-0.22844
2426,0.88366
2427,0.93277
2428,0.13611
2429,0.89541
2430,-0.12444
2431,-0.28813
2432,0.51923
2433,0.82958
2434,0.34983
2435,-0.81165
2436,0.89410
2437,0.82318
2438,0.07207
2439,0.92369
2440,0.85659
2441,-0.74642
2442,0.77456
2443,0.90748
2444,0.78730
2445,0.90500
2446,-0.66975
2447,0.55421
2448,0.66971
2449,0.91941
2450,0.89672
2451,-0.17702
2452,0.92064
2453,-0.09359
2454,-0.62528
2455,0.93645
2456,-0.63582
2457,0.58156
2458,0.67411
2459,-0.59848
2460,-0.23720
2461,0.77519
2462,-0.69938
2463,0.83874
2464,0.23913
2465,-0.82209
2466,-0.63612
2467,0.91077
2468,0.26076
2469,0.80725
2470,-0.31762
2471,0.86743
2472,-0.72534
2473,0.86156
2474,0.87651
2475,0.96221
2476,-0.64909
2477,-0.03147
2478,-0.21853
2479,0.44687
2480,0.89449
2481,-0.26754
2482,0.91253
2483,0.20511
2484,0.40010
2485,-0.72097
2486,-0.15980
2487,-0.14113
2488,-0.20005
2489,0.75810
2490,0.62953
2491,0.84875
2492,0.77483
2493,-0.14747
2494,-0.34145
2495,0.92596
2496,0.91553
2497,-0.28557
2498,0.92279
2499,-0.84236
2500,-0.15330
2501,0.93484
2502,0.93824
2503,-0.00608
2504,0.91074
2505,0.90144
2506,-0.61485
2507,0.88711
2508,0.90724
2509,0.90410
2510,0.94276
2511,-0.62130
2512,-0.79525
2513,0.40052
2514,0.53956
2515,-0.48725
2516,-0.27154
2517,0.44341
2518,-0.64837
2519,-0.22225
2520,0.75278
2521,-0.69255
2522,-0.90826
2523,-0.24020
2524,0.86333
2525,0.88360
2526,0.78534
2527,0.55373
2528,0.10586
2529,0.94590
2530,-0.02295
2531,0.24099
2532,0.81197
2533,0.88892
2534,-0.90947
2535,0.89573
2536,-0.46293
2537,0.90609
2538,-0.76291
2539,-0.18810
2540,0.92650
2541,-0.17233
2542,0.88695
2543,0.74576
2544,0.57637
2545,0.93498
2546,0.13657
2547,0.89118
2548,0.92227
2549,0.30378
2550,0.81379
2551,0.25428
2552,0.06886
2553,0.74454
2554,0.88615
2555,0.71624
2556,-0.87618
2557,-0.74809
2558,0.94097
2559,-0.53208
2560,-0.72501
2561,0.44849
2562,-0.58103
2563,0.89186
2564,-0.59090
2565,0.77199
2566,0.88878
2567,0.93147
2568,0.94366
2569,0.09780
2570,-0.12068
2571,0.50844
2572,-0.24813
2573,-0.36270
2574,-0.88644
2575,0.72507
2576,0.78248
2577,0.80467
2578,0.54626
2579,-0.72749
2580,-0.61540
2581,-0.69278
2582,0.55829
2583,0.86714
2584,0.45310
2585,0.28702
2586,0.91534
2587,-0.42820
2588,0.80685
2589,0.84426
2590,-0.77020
2591,-0.33995
2592,-0.47993
2593,-0.35534
2594,-0.40050
2595,-0.29229
2596,-0.82919
2597,-0.25548
2598,0.94314
2599,0.00456
2600,-0.63238
2601,0.79201
2602,-0.88341
2603,-0.18794
2604,0.91764
2605,-0.28819
2606,-0.50924
2607,-0.92390
2608,0.05536
2609,-0.05076
2610,0.85824
2611,0.91478
2612,0.92637
2613,0.77927
2614,-0.52219
2615,0.91536
2616,-0.31626
2617,0.90683
2618,0.03397
2619,0.90318
2620,0.03066
2621,0.86310
2622,-0.63588
2623,-0.89683
2624,-0.80300
2625,-0.77666
2626,0.84741
2627,0.88101
2628,0.63621
2629,-0.82126
2630,-0.28532
2631,-0.85120
2632,-0.11670
2633,0.95710
2634,0.00827
2635,0.87894
2636,-0.90359
2637,0.85078
2638,0.90012
2639,-0.92688
2640,0.82995
2641,-0.03889
2642,0.75437
2643,0.87714
2644,0.86379
2645,-0.23305
2646,-0.76907
2647,0.45269
2648,-0.10807
2649,-0.11112
2650,0.91872
2651,-0.68067
2652,0.77860
2653,0.94970
2654,0.90520
2655,-0.66783
2656,-0.79042
2657,0.89306
2658,-0.05721
2659,0.71865
2660,-0.23654
2661,0.59997
2662,0.91640
2663,0.54717
2664,0.54444
2665,0.79604
2666,-0.78510
2667,-0.70429
2668,0.90403
2669,-0.22870
2670,-0.69234
2671,0.90666
2672,-0.68403
2673,0.49263
2674,0.88065
2675,-0.51826
2676,0.59979
2677,0.87320
2678,0.17205
2679,0.56149
2680,-0.12742
2681,-0.57685
2682,0.39667
2683,0.33023
2684,-0.73174
2685,-0.75836
2686,-0.72787
2687,-0.22081
2688,0.89955
2689,0.44426
2690,0.37571
2691,0.75938
2692,0.72457
2693,0.90488
2694,0.69375
2695,0.94969
2696,-0.86977
2697,0.88688
2698,0.89427
2699,0.79487
2700,0.89229
2701,-0.04176
2702,0.90137
2703,-0.70893
2704,-0.15339
2705,-0.17936
2706,0.89523
2707,0.86967
2708,0.85499
2709,0.77144
2710,-0.71846
2711,0.72004
2712,-0.07930
2713,0.82363
2714,0.52209
2715,0.93930
2716,0.60526
2717,-0.50188
2718,0.90977
2719,0.22124
2720,-0.76492
2721,0.62245
2722,-0.20967
2723,0.88382
2724,0.80527
2725,0.87051
2726,0.90125
2727,0.95495
2728,0.77868
2729,0.91452
2730,0.15486
2731,-0.08927
2732,0.77133
2733,-0.26411
2734,0.88208
2735,0.63455
2736,0.77771
2737,0.57971
2738,0.93823
2739,-0.64266
2740,-0.85785
2741,-0.35150
2742,0.53424
2743,0.92538
2744,0.71069
2745,-0.61305
2746,0.21537
2747,0.86485
2748,-0.39240
2749,-0.24861
2750,0.92771
2751,-0.48726
2752,-0.72933
2753,0.93769
2754,0.91347
2755,0.76524
2756,0.41858
2757,-0.67415
2758,0.71215
2759,0.93528
2760,0.85019
2761,-0.77506
2762,0.89111
2763,0.87290
2764,-0.01141
2765,0.01689
2766,-0.78953
2767,0.80440
2768,-0.79159
2769,0.95123
2770,0.94578
2771,-0.25419
2772,-0.63090
2773,0.66736
2774,-0.50610
2775,0.21865
2776,0.79915
2777,0.81094
2778,0.87759
2779,-0.18747
2780,-0.53399
2781,-0.78025
2782,-0.89925
2783,0.33847
2784,0.03377
2785,-0.82134
2786,0.94304
2787,0.81219
2788,0.86268
2789,0.71642
2790,0.73392
2791,0.94560
2792,0.12937
2793,0.80353
2794,-0.03326
2795,0.74986
2796,-0.10227
2797,0.93418
2798,0.86997
2799,0.06351
2800,-0.67316
2801,-0.55083
2802,-0.64169
2803,-0.85247
2804,-0.84534
2805,0.84323
2806,-0.68677
2807,0.95659
2808,0.33594
2809,0.91410
2810,-0.57474
2811,-0.87523
2812,0.92915
2813,0.16458
2814,0.91132
2815,0.96126
2816,-0.50020
2817,-0.26299
2818,0.00878
2819,-0.09209
2820,-0.10945
2821,-0.33008
2822,-0.03577
2823,-0.29159
2824,0.92776
2825,0.94225
2826,0.84004
2827,0.91187
2828,0.92156
2829,0.72678
2830,0.92579
2831,0.89484
2832,-0.20458
2833,-0.53069
2834,-0.11174
2835,0.75327
2836,0.92199
2837,0.92442
2838,0.08253
2839,0.00025
2840,0.75482
2841,-0.58678
2842,-0.14412
2843,0.02082
2844,0.02201
2845,0.89231
2846,0.10499
2847,0.15080
2848,-0.80550
2849,-0.66777
2850,-0.75971
2851,-0.72295
2852,0.42522
2853,0.93166
2854,-0.86089
2855,-0.78245
2856,-0.26397
2857,-0.62367
2858,0.80834
2859,-0.49390
2860,-0.72078
2861,-0.86152
2862,0.27972
2863,-0.68637
2864,0.40294
2865,0.96355
2866,-0.76677
2867,-0.79365
2868,0.92437
2869,-0.49387
2870,0.68207
2871,0.40514
2872,-0.49055
2873,0.88679
2874,0.94509
2875,-0.77819
2876,-0.73079
2877,-0.76407
2878,0.09691
2879,-0.77195
2880,0.83156
2881,0.36798
2882,0.91753
2883,0.91391
2884,-0.00715
2885,0.96648
2886,-0.58604
2887,0.13164
2888,-0.30197
2889,-0.84444
2890,0.85326
2891,0.84528
2892,0.83808
2893,0.18286
2894,0.53871
2895,0.89794
2896,0.94744
2897,0.93106
2898,-0.77299
2899,0.89146
2900,-0.97588
2901,0.60499
2902,0.92667
2903,-0.13218
2904,-0.52647
2905,0.91452
2906,0.92339
2907,0.90583
2908,0.88295
2909,-0.95108
2910,0.76479
2911,0.65247
2912,-0.89462
2913,0.91645
2914,-0.60438
2915,0.89193
2916,-0.02803
2917,0.94593
2918,0.92899
2919,-0.10208
2920,0.74054
2921,-0.15251
2922,0.86758
2923,-0.42953
2924,0.66196
2925,0.88949
2926,0.78154
2927,-0.00586
2928,-0.10760
2929,0.86929
2930,-0.70828
2931,0.50183
2932,0.88977
2933,0.64353
2934,0.87575
2935,0.89160
2936,0.92362
2937,-0.61906
2938,0.88511
2939,0.78519
2940,0.00841
2941,0.91476
2942,-0.36400
2943,-0.63257
2944,0.82434
2945,0.92535
2946,0.59805
2947,0.68939
2948,0.36013
2949,-0.29246
2950,0.92816
2951,-0.67494
2952,0.18715
2953,0.92594
2954,-0.83921
2955,0.82963
2956,0.85403
2957,-0.06934
2958,-0.84729
2959,0.90511
2960,-0.82712
2961,-0.21944
2962,-0.59027
2963,-0.26857
2964,0.79901
2965,-0.07421
2966,0.64963
2967,0.85221
2968,-0.20347
2969,0.87137
2970,-0.44949
2971,-0.70686
2972,0.86752
2973,0.91094
2974,0.10045
2975,-0.14153
2976,0.19992
2977,0.18820
2978,0.84262
2979,0.10947
2980,0.08535
2981,0.90373
2982,0.92680
2983,0.91683
2984,-0.12197
2985,-0.55382
2986,-0.76241
2987,-0.03344
2988,0.53220
2989,-0.51758
2990,0.45610
2991,0.92206
2992,0.86119
2993,-0.11965
2994,0.83661
2995,0.83708
2996,0.76550
2997,0.96501
2998,0.91178
2999,-0.05764
3000,0.93944
3001,0.75588
3002,0.85501
3003,0.83417
3004,0.80608
3005,0.44972
3006,0.45871
3007,-0.62760
3008,0.88224
3009,0.79429
3010,-0.40988
3011,-0.18599
3012,0.89578
3013,0.79615
3014,-0.69099
3015,0.75640
3016,0.34023
3017,0.88485
3018,0.84491
3019,0.97131
3020,-0.28140
3021,-0.04395
3022,0.68374
3023,0.84845
3024,-0.16874
3025,0.93175
3026,-0.78255
3027,-0.91485
3028,0.02679
3029,0.89056
3030,-0.07514
3031,0.85685
3032,-0.74629
3033,-0.76314
3034,0.89918
3035,-0.01948
3036,0.91778
3037,-0.67350
3038,-0.45217
3039,0.85654
3040,0.97312
3041,-0.06307
3042,0.58221
3043,0.93937
3044,0.39677
3045,-0.83923
3046,0.83006
3047,-0.01845
3048,0.02735
3049,0.72082
3050,-0.78441
3051,0.84135
3052,0.93689
3053,-0.09641
3054,-0.71710
3055,0.31679
3056,0.80046
3057,-0.76820
3058,0.49962
3059,-0.43026
3060,-0.83775
3061,0.22427
3062,0.95392
3063,-0.15140
3064,0.81905
3065,-0.67439
3066,0.62193
3067,0.65993
3068,-0.09432
3069,0.87516
3070,0.95571
3071,-0.85276
3072,-0.47832
3073,0.23913
3074,0.86792
3075,0.89245
3076,-0.38943
3077,0.92882
3078,-0.67438
3079,-0.17033
3080,-0.40808
3081,0.39745
3082,0.86445
3083,-0.55752
3084,0.91087
3085,-0.01621
3086,-0.29928
3087,0.94600
3088,-0.62327
3089,0.63020
3090,0.52208
3091,-0.17889
3092,0.90539
3093,0.47748
3094,-0.38409
3095,-0.84949
3096,0.95628
3097,-0.55030
3098,0.84455
3099,-0.73187
3100,0.90260
3101,-0.63103
3102,0.89580
3103,-0.86299
3104,0.95996
3105,0.86632
3106,0.91048
3107,-0.07754
3108,-0.81701
3109,-0.39468
3110,0.95695
3111,0.91200
3112,0.85174
3113,-0.41735
3114,-0.68394
3115,0.03840
3116,0.91607
3117,0.87202
3118,-0.91780
3119,0.61912
3120,-0.75864
3121,-0.35171
3122,0.87758
3123,0.61829
3124,0.86503
3125,-0.79080
3126,0.90428
3127,0.58732
3128,0.08557
3129,0.96120
3130,-0.30609
3131,-0.54413
3132,0.62701
3133,-0.74029
3134,-0.89476
3135,-0.42532
3136,0.63266
3137,-0.73020
3138,0.92651
3139,0.91062
3140,-0.04202
3141,0.92856
3142,0.85834
3143,-0.08097
3144,-0.53058
3145,-0.13998
3146,-0.46888
3147,0.90580
3148,-0.65608
3149,-0.15337
3150,-0.12212
3151,-0.58678
3152,-0.78981
3153,-0.17521
3154,0.47270
3155,0.95088
3156,0.86454
3157,-0.87658
3158,0.92754
3159,0.91081
3160,0.82450
3161,0.92966
3162,0.66034
3163,0.84958
3164,-0.57890
3165,-0.04543
3166,0.00107
3167,0.93808
3168,0.72813
3169,-0.66714
3170,0.93778
3171,0.63051
3172,0.95604
3173,-0.75269
3174,-0.42452
3175,0.97119
3176,0.92143
3177,0.89419
3178,0.90937
3179,-0.39156
3180,0.49061
3181,0.88210
3182,0.84867
3183,0.36720
3184,-0.63141
3185,-0.15783
3186,0.86420
3187,0.32378
3188,0.95694
3189,0.85682
3190,0.62580
3191,-0.64901
3192,-0.72898
3193,0.93137
3194,-0.22785
3195,-0.05060
3196,0.95604
3197,0.98318
3198,0.85928
3199,0.88597
3200,-0.46635
3201,0.83520
3202,0.91133
3203,-0.43841
3204,0.40667
3205,0.88082
3206,0.67204
3207,-0.17281
3208,-0.68547
3209,0.93028
3210,0.92069
3211,0.44367
3212,-0.13017
3213,-0.78313
3214,-0.41709
3215,-0.30382
3216,0.78379
3217,0.38836
3218,-0.76706
3219,0.01758
3220,-0.00812
3221,-0.55818
3222,-0.16033
3223,0.69375
3224,0.77255
3225,0.87604
3226,-0.51553
3227,0.93364
3228,-0.34601
3229,0.37411
3230,-0.35606
3231,0.79395
3232,0.90527
3233,0.89041
3234,0.06739
3235,0.91852
3236,-0.10546
3237,0.94364
3238,0.95757
3239,-0.43376
3240,0.33833
3241,0.43245
3242,0.91139
3243,-0.80810
3244,0.89017
3245,0.95911
3246,-0.70778
3247,0.03459
3248,0.83546
3249,-0.36211
3250,0.90299
3251,-0.77314
3252,0.49951
3253,-0.70824
3254,-0.03246
3255,0.86433
3256,0.94381
3257,-0.15878
3258,-0.66106
3259,-0.36880
3260,-0.13440
3261,-0.24408
3262,0.74245
3263,-0.32710
3264,0.10997
3265,-0.19355
3266,0.86172
3267,-0.18184
3268,0.07044
3269,0.96884
3270,0.60457
3271,0.90968
3272,0.57919
3273,0.56748
3274,0.87803
3275,-0.73907
3276,0.63705
3277,-0.28343
3278,-0.48629
3279,0.95775
3280,0.76914
3281,0.91291
3282,0.73828
3283,-0.36820
3284,-0.66498
3285,0.00547
3286,0.90842
3287,0.90917
3288,-0.01282
3289,-0.85877
3290,0.80282
3291,0.85498
3292,0.85356
3293,-0.75596
3294,0.84243
3295,0.88577
3296,0.47427
3297,0.28805
3298,0.83777
3299,0.95939
3300,0.91767
3301,-0.25176
3302,0.91830
3303,-0.60274
3304,-0.15381
3305,0.04368
3306,-0.59102
3307,-0.61883
3308,-0.17938
3309,0.66738
3310,-0.62345
3311,-0.13174
3312,0.13150
3313,0.72539
3314,0.77087
3315,0.89165
3316,-0.32296
3317,0.31556
3318,0.88086
3319,0.74301
3320,0.02154
3321,0.71360
3322,0.69278
3323,0.75430
3324,-0.06311
3325,0.89384
3326,0.94989
3327,-0.85516
3328,-0.49489
3329,0.57732
3330,-0.05367
3331,0.79476
3332,-0.44490
3333,-0.60463
3334,0.85419
3335,0.93815
3336,0.24560
3337,0.82296
3338,-0.56042
3339,0.96632
3340,-0.47160
3341,-0.70579
3342,0.68015
3343,0.96257
3344,0.05503
3345,0.21462
3346,-0.89014
3347,0.85099
3348,0.93134
3349,0.03655
3350,-0.67162
3351,0.87357
3352,0.01047
3353,0.95289
3354,-0.16132
3355,0.83521
3356,0.92793
3357,-0.16611
3358,-0.92038
3359,0.84658
3360,0.72174
3361,-0.66090
3362,-0.80833
3363,0.22107
3364,0.86994
3365,0.37599
3366,0.85847
3367,-0.50702
3368,0.00996
3369,0.95344
3370,0.94059
3371,0.75492
3372,-0.65996
3373,0.89896
3374,-0.76369
3375,-0.68711
3376,0.69643
3377,-0.05466
3378,0.83543
3379,-0.07317
3380,-0.02781
3381,0.80522
3382,0.81352
3383,0.90188
3384,0.80611
3385,-0.50770
3386,0.86958
3387,-0.67272
3388,0.02503
3389,-0.87588
3390,0.94279
3391,0.54340
3392,0.88142
3393,0.89282
3394,-0.80527
3395,0.88437
3396,-0.35338
3397,0.95411
3398,0.82567
3399,-0.31371
3400,-0.74372
3401,-0.20455
3402,0.59542
3403,-0.84115
3404,0.89795
3405,0.93167
3406,0.95512
3407,0.90600
3408,0.00082
3409,0.96093
3410,-0.21113
3411,-0.01135
3412,0.95839
3413,-0.84858
3414,0.91333
3415,-0.18943
3416,0.92062
3417,0.92733
3418,-0.05746
3419,0.90973
3420,0.90975
3421,-0.03234
3422,0.72564
3423,0.87128
3424,-0.05988
3425,-0.55638
3426,-0.06698
3427,-0.55547
3428,-0.75397
3429,0.87915
3430,0.89057
3431,0.94334
3432,0.50314
3433,0.57332
3434,0.40536
3435,-0.65496
3436,0.84847
3437,-0.31555
3438,0.82297
3439,-0.57273
3440,0.95399
3441,-0.21569
3442,0.21932
3443,0.18929
3444,-0.16968
3445,-0.50178
3446,0.79012
3447,0.02454
3448,0.88502
3449,0.86633
3450,0.94128
3451,-0.57900
3452,0.68837
3453,-0.35245
3454,0.01970
3455,0.85376
3456,-0.22068
3457,-0.29966
3458,-0.30412
3459,0.89690
3460,-0.89600
3461,0.85527
3462,0.94131
3463,-0.46739
3464,-0.25035
3465,-0.74271
3466,0.23450
3467,0.75859
3468,-0.38005
3469,-0.17762
3470,0.84988
3471,0.86073
3472,0.03946
3473,-0.73790
3474,0.85054
3475,0.90032
3476,-0.72470
3477,0.04033
3478,-0.01966
3479,0.89729
3480,0.89171
3481,0.79440
3482,0.74625
3483,-0.47844
3484,0.93596
3485,0.77251
3486,0.82232
3487,0.84987
3488,-0.01900
3489,-0.39841
3490,0.88051
3491,-0.60584
3492,0.91218
3493,0.92693
3494,0.68437
3495,0.91786
3496,0.00665
3497,0.86993
3498,-0.68896
3499,0.92024
3500,-0.35006
3501,0.94472
3502,0.77746
3503,0.60534
3504,-0.15640
3505,0.21839
3506,0.96838
3507,0.65562
3508,0.96691
3509,0.30698
3510,-0.77368
3511,0.84593
3512,0.79114
3513,-0.76846
3514,0.90368
3515,0.68569
3516,0.92392
3517,-0.06031
3518,0.63125
3519,0.62862
3520,0.68562
3521,0.88931
3522,-0.65883
3523,0.76493
3524,-0.74554
3525,0.96450
3526,-0.89281
3527,0.80496
3528,0.92008
3529,-0.76028
3530,-0.13965
3531,0.94983
3532,0.94972
3533,-0.04553
3534,0.31053
3535,0.86885
3536,-0.60657
3537,0.87395
3538,-0.77011
3539,-0.67949
3540,0.91836
3541,-0.23945
3542,0.08570
3543,0.94207
3544,0.18641
3545,0.75103
3546,0.91997
3547,-0.58604
3548,0.80186
3549,0.73029
3550,-0.33912
3551,-0.23780
3552,0.79893
3553,-0.69743
3554,0.24117
3555,0.55920
3556,-0.69594
3557,-0.25040
3558,0.85768
3559,0.52963
3560,-0.47504
3561,0.93438
3562,0.88952
3563,0.74393
3564,-0.33574
3565,0.81984
3566,0.44070
3567,0.12217
3568,0.75219
3569,-0.29989
3570,-0.10087
3571,0.05809
3572,-0.59278
3573,0.89545
3574,-0.13623
3575,0.89747
3576,0.04061
3577,-0.77623
3578,0.92438
3579,-0.31368
3580,-0.02214
3581,0.91226
3582,-0.77825
3583,0.86887
3584,0.66009
3585,-0.74180
3586,-0.88764
3587,-0.09984
3588,-0.46693
3589,-0.72968
3590,0.86872
3591,0.86008
3592,0.84115
3593,0.07768
3594,-0.44804
3595,0.13294
3596,0.83226
3597,-0.15439
3598,-0.32455
3599,-0.30610
3600,0.88832
3601,0.92362
3602,-0.01142
3603,0.04104
3604,-0.39749
3605,0.90727
3606,-0.40136
3607,-0.02829
3608,-0.29694
3609,-0.50213
3610,0.87814
3611,-0.78976
3612,0.89926
3613,0.42704
3614,0.89990
3615,0.92048
3616,-0.17330
3617,-0.84304
3618,0.60505
3619,0.25900
3620,0.87473
3621,0.81367
3622,-0.75962
3623,-0.61511
3624,-0.11181
3625,0.16441
3626,0.74049
3627,0.87498
3628,-0.60224
3629,-0.13238
3630,-0.74278
3631,0.16291
3632,0.90163
3633,0.19808
3634,0.89400
3635,-0.37468
3636,-0.20248
3637,-0.74404
3638,0.85692
3639,0.10880
3640,-0.58064
3641,-0.70283
3642,0.75931
3643,-0.71064
3644,0.91296
3645,-0.02188
3646,0.05331
3647,-0.12877
3648,0.91546
3649,0.93970
3650,0.96283
3651,0.67089
3652,0.89235
3653,-0.68788
3654,0.91732
3655,0.81343
3656,0.20559
3657,0.90545
3658,-0.56257
3659,-0.04663
3660,0.85413
3661,0.44435
3662,-0.84451
3663,0.27344
3664,-0.79522
3665,-0.19685
3666,0.56694
3667,-0.04004
3668,-0.50911
3669,-0.24194
3670,0.62041
3671,-0.74339
3672,-0.17568
3673,-0.45433
3674,-0.70076
3675,0.92486
3676,-0.61305
3677,-0.33206
3678,0.16962
3679,0.88899
3680,-0.71981
3681,0.88996
3682,0.51585
3683,0.41109
3684,0.93367
3685,0.01179
3686,0.02322
3687,0.53989
3688,0.79494
3689,0.92325
3690,0.87659
3691,0.87838
3692,-0.07703
3693,0.92956
3694,0.91299
3695,0.90472
3696,-0.26413
3697,0.48069
3698,0.78838
3699,0.43662
3700,-0.12919
3701,-0.92435
3702,0.06178
3703,-0.86044
3704,0.95142
3705,0.88852
3706,-0.07109
3707,-0.79594
3708,0.64939
3709,0.27942
3710,0.72948
3711,0.51478
3712,0.59994
3713,0.97312
3714,0.90886
3715,0.25598
3716,-0.83803
3717,0.93824
3718,0.78642
3719,-0.76245
3720,-0.33182
3721,0.90871
3722,-0.23372
3723,-0.42333
3724,-0.41798
3725,-0.55890
3726,0.62618
3727,0.68458
3728,-0.56527
3729,0.93904
3730,0.50758
3731,-0.60367
3732,-0.50945
3733,0.85090
3734,-0.70993
3735,0.86830
3736,0.81450
3737,-0.06746
3738,0.84832
3739,0.96187
3740,0.90640
3741,0.93006
3742,0.96289
3743,0.86444
3744,0.87003
3745,-0.68451
3746,0.91781
3747,0.84638
3748,0.69699
3749,0.62754
3750,0.63514
3751,0.60902
3752,-0.80823
3753,0.86607
3754,-0.25432
3755,-0.81187
3756,0.82763
3757,-0.74845
3758,0.93250
3759,0.89646
3760,-0.85841
3761,0.83198
3762,0.92823
3763,0.90269
3764,-0.81058
3765,-0.68888
3766,0.89313
3767,-0.45406
3768,-0.50301
3769,0.02423
3770,-0.25611
3771,0.41228
3772,0.84503
3773,0.33613
3774,0.91094
3775,0.85884
3776,0.31647
3777,-0.82190
3778,0.82969
3779,-0.57281
3780,0.90198
3781,0.97978
3782,0.91252
3783,-0.78264
3784,-0.66711
3785,0.85749
3786,0.34835
3787,-0.73802
3788,-0.59214
3789,0.88047
3790,-0.80009
3791,0.76218
3792,0.04616
3793,-0.05627
3794,-0.26778
3795,0.61446
3796,-0.74066
3797,0.37059
3798,0.87339
3799,-0.69688
3800,0.81199
3801,-0.00245
3802,0.54068
3803,0.92754
3804,0.92667
3805,0.93291
3806,0.00437
3807,0.91809
3808,0.71985
3809,0.68294
3810,0.82190
3811,0.68724
3812,0.05718
3813,0.88160
3814,-0.65846
3815,-0.24011
3816,-0.79638
3817,-0.56841
3818,0.47911
3819,0.07792
3820,0.93834
3821,0.44851
3822,-0.46729
3823,0.80714
3824,-0.85955
3825,-0.62137
3826,-0.81076
3827,-0.04693
3828,-0.17534
3829,-0.63159
3830,0.92422
3831,-0.57463
3832,-0.01995
3833,0.85106
3834,-0.05490
3835,-0.43051
3836,0.43076
3837,-0.15603
3838,0.92812
3839,-0.63882
3840,0.87839
3841,0.24482
3842,-0.84036
3843,-0.04176
3844,0.95916
3845,0.88206
3846,0.93067
3847,0.24589
3848,0.81357
3849,-0.80127
3850,-0.05513
3851,0.96092
3852,0.80503
3853,-0.68152
3854,0.94088
3855,0.79334
3856,0.92706
3857,0.85556
3858,0.91840
3859,-0.91588
3860,-0.04706
3861,-0.69631
3862,-0.78598
3863,0.93247
3864,0.91378
3865,-0.50278
3866,0.78507
3867,0.66554
3868,0.05065
3869,-0.49496
3870,0.86818
3871,-0.76069
3872,-0.22616
3873,0.09905
3874,0.69575
3875,-0.79702
3876,-0.73388
3877,0.76182
3878,-0.09643
3879,0.94239
3880,-0.55163
3881,0.93770
3882,-0.22415
3883,-0.59740
3884,0.82862
3885,0.86035
3886,-0.67375
3887,-0.81844
3888,0.93921
3889,-0.06318
3890,0.84859
3891,0.61697
3892,0.62556
3893,-0.05133
3894,0.85685
3895,0.30385
3896,-0.73941
3897,-0.56066
3898,-0.45819
3899,0.90700
3900,0.95680
3901,0.06076
3902,-0.07288
3903,0.89585
3904,0.94422
3905,0.44644
3906,0.11848
3907,0.05067
3908,0.75614
3909,0.05824
3910,0.90335
3911,0.90658
3912,0.77119
3913,-0.79701
3914,0.87382
3915,0.96721
3916,0.67065
3917,0.55511
3918,-0.58180
3919,-0.31870
3920,0.81434
3921,-0.09852
3922,0.91838
3923,0.73172
3924,0.85931
3925,0.95212
3926,0.82607
3927,0.88303
3928,0.78817
3929,-0.11214
3930,-0.64490
3931,0.90870
3932,0.88153
3933,-0.56308
3934,0.90450
3935,0.95168
3936,0.86365
3937,-0.22599
3938,0.28554
3939,-0.66355
3940,0.87273
3941,0.82303
3942,0.06545
3943,-0.65355
3944,0.91797
3945,0.86633
3946,-0.60392
3947,0.70397
3948,0.35139
3949,0.78550
3950,0.94698
3951,0.92086
3952,0.63351
3953,0.69456
3954,-0.56131
3955,0.91614
3956,0.92040
3957,-0.66148
3958,0.86556
3959,0.83865
3960,0.94028
3961,-0.70083
3962,0.93258
3963,-0.37300
3964,0.91287
3965,0.70067
3966,-0.28129
3967,0.89840
3968,0.78634
3969,-0.16258
3970,0.70617
3971,-0.61767
3972,-0.26860
3973,0.90488
3974,0.95470
3975,0.55000
3976,0.84858
3977,0.82740
3978,-0.00155
3979,0.83030
3980,0.82666
3981,0.92923
3982,0.93730
3983,0.62726
3984,-0.79146
3985,0.73028
3986,-0.85722
3987,-0.67982
3988,0.82369
3989,0.92957
3990,-0.43805
3991,0.92876
3992,0.91694
3993,0.10294
3994,0.04582
3995,0.91649
3996,0.95730
3997,-0.17502
3998,-0.22967
3999,-0.41930
4000,0.96271
4001,0.83411
4002,0.89303
4003,-0.38698
4004,0.71970
4005,0.90514
4006,-0.18033
4007,0.33088
4008,0.65155
4009,-0.45434
4010,-0.69720
4011,0.06459
4012,-0.94630
4013,0.80946
4014,0.92518
4015,0.80502
4016,0.81155
4017,-0.75692
4018,0.87305
4019,0.87264
4020,-0.81447
4021,-0.61875
4022,0.92757
4023,0.85940
4024,0.00853
4025,0.23743
4026,0.83633
4027,-0.36471
4028,-0.03113
4029,0.92550
4030,-0.30456
4031,0.36415
4032,0.53864
4033,0.88031
4034,-0.38940
4035,0.83609
4036,-0.61582
4037,0.82870
4038,-0.28848
4039,-0.70108
4040,-0.65249
4041,0.31769
4042,0.67119
4043,0.19160
4044,0.10975
4045,-0.31745
4046,0.18063
4047,-0.12063
4048,-0.06859
4049,0.98382
4050,0.08861
4051,-0.84099
4052,0.62144
4053,-0.85863
4054,-0.77330
4055,-0.43117
4056,-0.24390
4057,0.56207
4058,0.91985
4059,-0.80151
4060,0.85210
4061,0.28277
4062,0.44635
4063,0.35610
4064,0.91065
4065,-0.09862
4066,-0.00639
4067,0.85295
4068,-0.73747
4069,-0.68147
4070,0.73880
4071,0.85141
4072,0.89096
4073,0.83541
4074,-0.36699
4075,-0.05840
4076,-0.06993
4077,0.95171
4078,0.45594
4079,0.09385
4080,0.60778
4081,-0.32572
4082,-0.49157
4083,0.91359
4084,-0.75408
4085,0.60035
4086,0.64497
4087,-0.09485
4088,0.36012
4089,0.64692
4090,-0.65245
4091,-0.87835
4092,0.90072
4093,0.90708
4094,0.95711
4095,0.05858
4096,-0.50270
4097,0.80185
4098,0.91500
4099,0.88507
4100,0.91234
4101,0.93674
4102,0.55097
4103,-0.33824
4104,0.73113
4105,0.84386
4106,0.87188
4107,0.94535
4108,0.34596
4109,0.84185
4110,-0.15489
4111,0.56776
4112,0.86827
4113,-0.72717
4114,0.90184
4115,0.92492
4116,0.85957
4117,0.95593
4118,0.87407
4119,0.08163
4120,0.89450
4121,0.91169
4122,-0.05045
4123,-0.67163
4124,0.60814
4125,-0.88931
4126,-0.82481
4127,0.82518
4128,0.90809
4129,0.84017
4130,0.48147
4131,0.73649
4132,0.71859
4133,0.90955
4134,0.96936
4135,0.85158
4136,-0.19150
4137,-0.33044
4138,0.88324
4139,-0.79941
4140,0.64788
4141,0.64897
4142,-0.62327
4143,0.62010
4144,0.05472
4145,-0.53028
4146,0.85902
4147,0.78058
4148,-0.58335
4149,0.42109
4150,0.39408
4151,0.74861
4152,0.54487
4153,0.93789
4154,-0.02615
4155,0.15973
4156,0.69391
4157,0.90108
4158,-0.91112
4159,-0.77073
4160,0.01300
4161,0.89565
4162,0.86376
4163,-0.52104
4164,0.89869
4165,0.90027
4166,-0.07972
4167,-0.04229
4168,0.72230
4169,0.94760
4170,-0.02474
4171,0.88593
4172,0.77368
4173,0.65268
4174,0.94030
4175,-0.86981
4176,-0.77900
4177,-0.42460
4178,0.91687
4179,0.01061
4180,0.42468
4181,0.89013
4182,-0.75621
4183,-0.06239
4184,0.92104
4185,0.85038
4186,-0.79542
4187,0.86479
4188,-0.71500
4189,-0.39404
4190,-0.74894
4191,0.89578
4192,0.94360
4193,0.88008
4194,0.85933
4195,-0.68509
4196,0.02222
4197,0.10582
4198,0.61266
4199,0.89027
4200,0.04893
4201,0.84193
4202,0.89680
4203,0.77052
4204,-0.38621
4205,0.73934
4206,0.49685
4207,-0.72882
4208,0.88595
4209,0.85478
4210,-0.69584
4211,-0.11404
4212,-0.75830
4213,0.15692
4214,0.84929
4215,0.84192
4216,0.88152
4217,0.90758
4218,0.88111
4219,0.80294
4220,-0.79016
4221,0.83459
4222,0.33158
4223,0.92120
4224,-0.66844
4225,-0.90402
4226,0.77461
4227,0.66694
4228,0.49676
4229,0.86402
4230,-0.99966
4231,-0.06631
4232,-0.58777
4233,0.89030
4234,0.84902
4235,0.87762
4236,0.30396
4237,0.13757
4238,0.20753
4239,0.74350
4240,-0.09270
4241,-0.89454
4242,0.47817
4243,-0.31860
4244,0.09765
4245,0.81764
4246,-0.06201
4247,-0.60632
4248,0.38019
4249,0.03093
4250,-0.68137
4251,-0.60939
4252,0.98162
4253,-0.11396
4254,-0.19375
4255,0.96038
4256,0.03006
4257,-0.44930
4258,0.52552
4259,0.54502
4260,0.91932
4261,0.13401
4262,-0.19028
4263,0.90167
4264,-0.01984
4265,-0.38524
4266,-0.29219
4267,-0.04456
4268,0.87340
4269,0.57750
4270,0.63908
4271,0.73063
4272,0.89855
4273,-0.37831
4274,0.93331
4275,-0.08579
4276,0.83962
4277,0.66957
4278,-0.29028
4279,0.90275
4280,0.87531
4281,-0.14924
4282,-0.75631
4283,-0.74015
4284,0.28696
4285,-0.45813
4286,0.88406
4287,-0.44216
4288,0.67260
4289,-0.79828
4290,-0.61979
4291,0.84352
4292,0.83674
4293,0.96974
4294,-0.33071
4295,0.65755
4296,0.46743
4297,0.14129
4298,0.44575
4299,0.08601
4300,0.89969
4301,0.94702
4302,-0.18754
4303,0.80150
4304,0.75913
4305,0.94550
4306,0.84707
4307,0.87661
4308,-0.66141
4309,-0.90778
4310,0.13023
4311,-0.65044
4312,-0.07217
4313,0.94343
4314,-0.14551
4315,0.93535
4316,-0.34034
4317,0.69870
4318,-0.60614
4319,-0.55844
4320,-0.64619
4321,0.92481
4322,-0.81769
4323,0.00846
4324,0.52979
4325,-0.45893
4326,-0.67561
4327,0.03370
4328,0.81687
4329,0.93329
4330,0.85758
4331,-0.19266
4332,-0.39604
4333,0.39196
4334,0.82045
4335,-0.70128
4336,0.89546
4337,-0.37573
4338,0.94123
4339,-0.25342
4340,-0.06212
4341,0.83655
4342,-0.57725
4343,0.11449
4344,-0.70225
4345,0.88266
4346,0.91880
4347,0.82276
4348,0.73119
4349,0.08605
4350,-0.27770
4351,0.88751
4352,0.91743
4353,0.91338
4354,0.64664
4355,0.14055
4356,-0.62881
4357,0.25754
4358,0.11872
4359,0.88917
4360,0.88887
4361,0.42804
4362,0.64793
4363,0.17156
4364,-0.90062
4365,0.94131
4366,0.91006
4367,0.90426
4368,0.86107
4369,-0.09717
4370,0.96098
4371,0.76122
4372,0.91154
4373,0.87041
4374,-0.66324
4375,-0.07678
4376,-0.63315
4377,0.92264
4378,0.76636
4379,-0.06099
4380,-0.09804
4381,-0.44681
4382,0.91942
4383,-0.04466
4384,-0.76815
4385,0.82896
4386,-0.55325
4387,0.69422
4388,-0.11103
4389,0.91146
4390,-0.01222
4391,0.20791
4392,0.82069
4393,0.69567
4394,-0.74006
4395,0.33568
4396,-0.26521
4397,0.84689
4398,0.29792
4399,0.81670
4400,0.70460
4401,0.62143
4402,0.37082
4403,0.93646
4404,0.81076
4405,-0.74796
4406,-0.01541
4407,-0.80187
4408,0.85810
4409,0.09661
4410,0.94432
4411,0.96950
4412,-0.04621
4413,0.01726
4414,0.91694
4415,0.76136
4416,0.96796
4417,-0.84762
4418,-0.43961
4419,-0.66508
4420,-0.22818
4421,0.91411
4422,-0.22809
4423,0.52317
4424,-0.57945
4425,0.60700
4426,-0.07398
4427,-0.04114
4428,-0.54445
4429,-0.80405
4430,-0.62426
4431,0.80417
4432,0.31267
4433,0.76355
4434,0.83636
4435,0.12298
4436,-0.78590
4437,0.76514
4438,0.82285
4439,-0.58698
4440,-0.29016
4441,-0.24838
4442,-0.06987
4443,-0.70682
4444,0.92345
4445,-0.12860
4446,0.66054
4447,0.90247
4448,-0.70850
4449,-0.82003
4450,-0.50002
4451,0.09413
4452,-0.08825
4453,0.92805
4454,0.95391
4455,0.90569
4456,0.74335
4457,0.58946
4458,-0.46258
4459,0.48668
4460,-0.01320
4461,-0.19172
4462,0.61484
4463,0.39286
4464,0.29934
4465,0.39756
4466,0.85078
4467,-0.71590
4468,0.67797
4469,0.80022
4470,-0.73303
4471,0.78627
4472,-0.27953
4473,-0.90680
4474,-0.23437
4475,0.75670
4476,0.87109
4477,0.98747
4478,0.95471
4479,0.97552
4480,0.53747
4481,-0.52864
4482,0.93478
4483,0.92859
4484,-0.16987
4485,-0.27044
4486,0.90336
4487,0.43164
4488,-0.62200
4489,-0.77938
4490,0.75184
4491,-0.73226
4492,-0.11080
4493,0.95946
4494,-0.68097
4495,-0.52126
4496,0.85592
4497,0.91165
4498,0.92730
4499,0.90853
4500,0.90051
4501,0.70615
4502,-0.81387
4503,0.95559
4504,0.91146
4505,0.96182
4506,-0.69871
4507,0.59427
4508,0.29196
4509,0.84341
4510,0.96057
4511,0.57100
4512,0.91186
4513,0.87780
4514,0.79460
4515,-0.59874
4516,-0.67537
4517,-0.61353
4518,0.92024
4519,-0.73831
4520,-0.14840
4521,-0.07495
4522,0.73360
4523,0.95627
4524,-0.15676
4525,-0.51203
4526,0.93331
4527,0.42587
4528,-0.78426
4529,0.13240
4530,-0.60303
4531,0.01743
4532,0.58169
4533,0.90297
4534,-0.04119
4535,0.93762
4536,-0.89088
4537,0.08761
4538,0.93912
4539,0.88124
4540,-0.33459
4541,-0.79141
4542,-0.91532
4543,-0.05884
4544,0.60097
4545,0.07644
4546,0.84203
4547,-0.79361
4548,0.95904
4549,-0.77490
4550,0.91934
4551,0.83637
4552,-0.03662
4553,0.86111
4554,0.86903
4555,0.83874
4556,0.66040
4557,-0.84773
4558,0.96670
4559,-0.38419
4560,-0.05952
4561,-0.58732
4562,0.95711
4563,-0.02866
4564,-0.84774
4565,0.95984
4566,0.29498
4567,0.82215
4568,-0.75782
4569,0.90102
4570,0.31389
4571,0.66873
4572,0.70514
4573,-0.00709
4574,-0.85612
4575,-0.21051
4576,-0.68472
4577,0.93183
4578,0.82895
4579,-0.02811
4580,0.07225
4581,0.91293
4582,0.84538
4583,0.87053
4584,-0.13723
4585,-0.51761
4586,0.89247
4587,-0.75253
4588,0.53418
4589,0.84524
4590,-0.11742
4591,0.77996
4592,-0.09606
4593,0.61409
4594,-0.83157
4595,0.71906
4596,0.01561
4597,0.87674
4598,0.89870
4599,0.66748
4600,-0.04501
4601,0.04762
4602,0.89357
4603,-0.44460
4604,-0.15429
4605,-0.07022
4606,0.25934
4607,0.95971
4608,-0.73328
4609,0.02916
4610,-0.55138
4611,-0.55370
4612,-0.14869
4613,0.20070
4614,0.90618
4615,0.67826
4616,-0.79396
4617,0.53514
4618,-0.28958
4619,0.34960
4620,0.83660
4621,-0.68284
4622,-0.62503
4623,0.87108
4624,0.84968
4625,-0.64687
4626,-0.83902
4627,0.81658
4628,0.77044
4629,-0.58239
4630,0.86988
4631,-0.82353
4632,0.82012
4633,-0.14564
4634,-0.01096
4635,0.51276
4636,-0.31022
4637,0.92330
4638,-0.85645
4639,0.76625
4640,-0.25124
4641,0.82018
4642,-0.07497
4643,0.91574
4644,0.40819
4645,-0.51154
4646,0.73439
4647,0.85470
4648,-0.12258
4649,0.48950
4650,-0.56973
4651,0.88877
4652,-0.06769
4653,0.39900
4654,0.75844
4655,0.94097
4656,0.33301
4657,0.85465
4658,0.60490
4659,0.97237
4660,-0.49212
4661,0.79038
4662,-0.06453
4663,-0.85455
4664,0.64547
4665,-0.95075
4666,0.31234
4667,0.86994
4668,-0.79844
4669,0.94647
4670,0.56825
4671,0.47753
4672,0.02391
4673,-0.84053
4674,0.64331
4675,0.76508
4676,0.60638
4677,-0.47412
4678,-0.62240
4679,-0.64097
4680,0.93511
4681,0.35115
4682,-0.74877
4683,0.62572
4684,-0.60269
4685,-0.69218
4686,0.84167
4687,0.79925
4688,0.49054
4689,-0.05102
4690,0.46688
4691,0.41596
4692,-0.32878
4693,-0.62797
4694,-0.71114
4695,0.22522
4696,-0.49758
4697,-0.24397
4698,0.18620
4699,0.57943
4700,-0.61755
4701,-0.06195
4702,0.93860
4703,-0.87583
4704,-0.65027
4705,0.41970
4706,0.92558
4707,0.93375
4708,-0.05178
4709,0.84332
4710,-0.69991
4711,0.73671
4712,-0.69176
4713,-0.51027
4714,0.66787
4715,-0.07265
4716,0.84589
4717,0.81724
4718,0.84204
4719,-0.50675
4720,0.69087
4721,0.27216
4722,-0.65739
4723,0.94125
4724,0.83702
4725,0.94389
4726,0.58563
4727,0.35572
4728,-0.38452
4729,0.81951
4730,0.34901
4731,0.64403
4732,0.93920
4733,0.78314
4734,0.35959
4735,-0.93173
4736,0.05639
4737,-0.24767
4738,0.46502
4739,0.83218
4740,0.79748
4741,0.95295
4742,0.57667
4743,-0.76271
4744,-0.58425
4745,0.60178
4746,0.87259
4747,-0.06510
4748,0.84609
4749,0.61898
4750,-0.84345
4751,-0.13124
4752,0.26663
4753,0.34781
4754,0.92416
4755,0.87381
4756,0.71789
4757,-0.79964
4758,-0.02842
4759,-0.44467
4760,-0.21809
4761,0.92934
4762,0.90494
4763,0.90323
4764,0.81173
4765,0.96366
4766,-0.76808
4767,0.32129
4768,0.89074
4769,0.88093
4770,0.76732
4771,0.84836
4772,-0.34836
4773,-0.74236
4774,-0.03111
4775,-0.10810
4776,0.77120
4777,0.57317
4778,-0.46531
4779,-0.04032
4780,-0.36050
4781,0.19398
4782,0.63214
4783,0.95078
4784,-0.03969
4785,-0.57138
4786,-0.73640
4787,0.81351
4788,-0.30050
4789,0.04294
4790,0.93506
4791,-0.89850
4792,0.90144
4793,0.83450
4794,0.85400
4795,0.93417
4796,-0.16178
4797,-0.49780
4798,-0.82453
4799,0.00280
4800,-0.73644
4801,0.84473
4802,0.88380
4803,0.86664
4804,0.94414
4805,-0.66977
4806,-0.40342
4807,0.91369
4808,-0.72101
4809,-0.52149
4810,0.79853
4811,0.77924
4812,0.91267
4813,0.83510
4814,0.83045
4815,-0.39121
4816,0.46017
4817,0.18531
4818,0.14923
4819,-0.85875
4820,0.72371
4821,-0.04374
4822,0.79044
4823,-0.81114
4824,-0.42446
4825,-0.01649
4826,0.74157
4827,-0.74089
4828,0.28551
4829,-0.59666
4830,-0.01037
4831,-0.78131
4832,0.87122
4833,-0.83675
4834,0.88573
4835,0.60197
4836,0.72870
4837,-0.02514
4838,-0.82196
4839,-0.79470
4840,-0.43421
4841,-0.08839
4842,0.88718
4843,0.84843
4844,-0.66396
4845,0.19544
4846,0.54255
4847,0.49337
4848,-0.68530
4849,-0.00599
4850,-0.16781
4851,0.84244
4852,0.62961
4853,0.81844
4854,0.87801
4855,-0.02592
4856,0.84284
4857,0.90633
4858,0.91521
4859,-0.80512
4860,0.75467
4861,0.78641
4862,0.86568
4863,-0.67070
4864,-0.21853
4865,0.71491
4866,0.80941
4867,-0.53757
4868,0.89259
4869,-0.42192
4870,0.09073
4871,-0.07769
4872,0.97249
4873,-0.58467
4874,0.89804
4875,-0.79022
4876,-0.12148
4877,-0.79341
4878,0.92429
4879,0.89271
4880,-0.39972
4881,0.12453
4882,-0.13519
4883,0.41032
4884,0.90630
4885,0.86188
4886,0.49991
4887,-0.76247
4888,0.70375
4889,-0.31122
4890,0.00252
4891,0.63001
4892,0.86900
4893,0.02231
4894,-0.02437
4895,0.80133
4896,0.75530
4897,0.12417
4898,0.93955
4899,0.50692
4900,0.84382
4901,-0.03190
4902,-0.15206
4903,-0.88467
4904,-0.24067
4905,0.91096
4906,0.94092
4907,0.60576
4908,-0.17298
4909,0.22612
4910,-0.31419
4911,0.82174
4912,0.75158
4913,0.86260
4914,-0.90823
4915,0.70607
4916,0.89815
4917,0.83854
4918,-0.04307
4919,0.52774
4920,0.87003
4921,-0.78129
4922,0.74278
4923,0.93642
4924,-0.37570
4925,0.58636
4926,0.39452
4927,0.82656
4928,0.97004
4929,0.87024
4930,-0.34186
4931,-0.63693
4932,-0.19756
4933,0.78376
4934,0.95100
4935,0.10743
4936,-0.91542
4937,0.89582
4938,0.70760
4939,0.91109
4940,-0.73992
4941,-0.18080
4942,-0.00048
4943,-0.01315
4944,0.92519
4945,-0.29751
4946,0.87311
4947,-0.06361
4948,-0.48386
4949,-0.62074
4950,0.46671
4951,0.95688
4952,-0.26635
4953,0.88041
4954,-0.12410
4955,-0.02694
4956,-0.16545
4957,-0.11614
4958,-0.66580
4959,-0.59413
4960,0.90754
4961,0.81970
4962,0.71787
4963,-0.08671
4964,0.02361
4965,0.92535
4966,-0.15690
4967,-0.05578
4968,0.75999
4969,-0.88447
4970,-0.89848
4971,0.82962
4972,0.73836
4973,-0.80022
4974,-0.78827
4975,0.58662
4976,0.82897
4977,0.56357
4978,-0.45620
4979,0.07904
4980,-0.67939
4981,-0.43550
4982,0.91386
4983,0.17528
4984,0.94968
4985,-0.72811
4986,0.88839
4987,0.84970
4988,0.30279
4989,0.80385
4990,-0.18711
4991,-0.67431
4992,-0.01620
4993,-0.23591
4994,0.92926
4995,0.89277
4996,-0.23659
4997,0.94920
4998,0.56983
4999,0.96324
5000,-0.57013
5001,-0.21885
5002,-0.76775
5003,0.85962
5004,0.94961
5005,-0.67079
5006,-0.63612
5007,0.17175
5008,0.30830
5009,0.70202
5010,0.88721
5011,-0.79019
5012,-0.01015
5013,0.96768
5014,-0.13771
5015,-0.03753
5016,0.78702
5017,-0.53323
5018,0.79516
5019,-0.18028
5020,-0.00700
5021,0.51713
5022,-0.46960
5023,0.90986
5024,0.71652
5025,0.48968
5026,0.95814
5027,0.88054
5028,0.75208
5029,0.80776
5030,0.90315
5031,0.70466
5032,0.93953
5033,0.96063
5034,-0.65451
5035,0.85067
5036,-0.79922
5037,0.94365
5038,-0.45083
5039,0.35068
5040,0.96709
5041,0.20919
5042,-0.25925
5043,0.15107
5044,-0.11479
5045,0.89973
5046,0.34833
5047,0.68112
5048,0.93202
5049,0.88659
5050,0.37598
5051,0.94663
5052,0.87204
5053,0.34521
5054,-0.80697
5055,-0.67106
5056,0.89793
5057,0.93796
5058,0.88950
5059,0.79943
5060,0.93408
5061,-0.01549
5062,0.84210
5063,0.83366
5064,-0.77805
5065,-0.62514
5066,0.00788
5067,0.88466
5068,-0.76345
5069,0.85289
5070,0.88796
5071,0.47227
5072,0.97651
5073,0.87937
5074,0.85296
5075,-0.10566
5076,-0.33993
5077,0.33148
5078,-0.29691
5079,0.94770
5080,0.88407
5081,-0.27432
5082,0.82240
5083,0.96488
5084,-0.36620
5085,-0.09250
5086,0.76846
5087,-0.60905
5088,0.49623
5089,0.56416
5090,0.52341
5091,0.94658
5092,0.82868
5093,-0.78330
5094,0.38212
5095,0.92660
5096,0.64973
5097,-0.24493
5098,0.16645
5099,0.16222
5100,-0.09768
5101,0.96670
5102,0.91546
5103,-0.47821
5104,0.93953
5105,0.64217
5106,0.17759
5107,0.84216
5108,0.85247
5109,0.00868
5110,0.94320
5111,0.93663
5112,0.65563
5113,-0.01053
5114,0.20892
5115,0.87273
5116,0.62988
5117,0.87649
5118,0.72801
5119,0.76579
5120,-0.55302
5121,0.89737
5122,-0.46360
5123,-0.85664
5124,0.83297
5125,0.17227
5126,-0.60775
5127,0.94429
5128,0.21500
5129,0.61743
5130,-0.45822
5131,0.73844
5132,0.29997
5133,0.92727
5134,0.92435
5135,-0.66111
5136,0.80999
5137,-0.45211
5138,0.87617
5139,0.85792
5140,-0.36744
5141,0.87122
5142,-0.13576
5143,-0.73319
5144,-0.52530
5145,0.86502
5146,0.92249
5147,-0.28400
5148,-0.10105
5149,0.78936
5150,0.95656
5151,-0.63785
5152,0.78156
5153,0.90429
5154,-0.79918
5155,-0.61634
5156,0.93548
5157,-0.09458
5158,-0.58676
5159,0.93136
5160,0.60012
5161,0.03988
5162,0.94968
5163,0.94761
5164,0.83849
5165,-0.06139
5166,0.94115
5167,-0.81217
5168,0.11476
5169,-0.29230
5170,-0.75525
5171,0.91153
5172,0.48440
5173,0.91055
5174,-0.30175
5175,0.02496
5176,0.90622
5177,-0.21946
5178,-0.12533
5179,0.93006
5180,-0.68171
5181,-0.56683
5182,-0.07232
5183,0.71872
5184,0.06913
5185,-0.54979
5186,0.61721
5187,0.35392
5188,-0.92007
5189,0.69207
5190,0.84023
5191,0.37155
5192,0.87567
5193,-0.67332
5194,0.79075
5195,0.81712
5196,-0.57725
5197,0.87023
5198,0.16074
5199,0.43463
5200,-0.46281
5201,-0.58671
5202,0.84755
5203,0.89796
5204,0.89303
5205,0.79789
5206,-0.05481
5207,-0.83007
5208,-0.83293
5209,-0.01120
5210,-0.17838
5211,0.74525
5212,-0.10852
5213,-0.16912
5214,0.00714
5215,0.45287
5216,-0.35303
5217,0.70050
5218,0.96629
5219,0.88194
5220,0.86021
5221,0.83748
5222,-0.57938
5223,-0.64464
5224,0.00956
5225,0.62235
5226,0.74845
5227,0.81369
5228,-0.73255
5229,-0.23808
5230,0.54909
5231,-0.34778
5232,-0.75488
5233,-0.72725
5234,0.61741
5235,0.86296
5236,-0.68732
5237,-0.72996
5238,-0.74837
5239,0.62774
5240,0.82376
5241,0.87891
5242,0.10946
5243,0.09030
5244,0.06608
5245,-0.07864
5246,0.94211
5247,0.93265
5248,0.88239
5249,0.79299
5250,0.87452
5251,-0.13294
5252,0.03977
5253,0.52625
5254,0.81908
5255,0.59610
5256,0.48654
5257,0.74661
5258,0.93647
5259,0.83536
5260,0.65019
5261,0.07272
5262,0.48831
5263,0.94018
5264,-0.13641
5265,-0.00178
5266,-0.01924
5267,-0.16316
5268,-0.74656
5269,-0.04271
5270,-0.20029
5271,-0.16944
5272,0.96321
5273,0.90966
5274,0.87238
5275,-0.66156
5276,0.93968
5277,-0.56756
5278,-0.17932
5279,0.34052
5280,0.00604
5281,0.23096
5282,0.97541
5283,-0.28394
5284,-0.73834
5285,-0.87905
5286,0.06448
5287,0.12753
5288,-0.53923
5289,0.79804
5290,0.84724
5291,0.89581
5292,0.35422
5293,0.95593
5294,0.86324
5295,0.58090
5296,0.94447
5297,0.64254
5298,-0.49413
5299,0.44136
5300,0.91457
5301,0.82623
5302,0.81861
5303,0.72135
5304,-0.82637
5305,-0.43044
5306,0.61853
5307,0.85259
5308,-0.77702
5309,-0.60202
5310,0.90935
5311,0.42359
5312,-0.27447
5313,0.84306
5314,0.82222
5315,-0.20417
5316,-0.02393
5317,0.89252
5318,-0.13047
5319,-0.89762
5320,-0.10362
5321,0.50328
5322,-0.11785
5323,-0.01999
5324,0.66796
5325,0.67670
5326,-0.59875
5327,0.45269
5328,0.82496
5329,-0.43248
5330,-0.40478
5331,-0.06270
5332,0.29856
5333,0.69982
5334,0.92424
5335,0.96272
5336,-0.11362
5337,0.61578
5338,0.61630
5339,0.78142
5340,0.91768
5341,-0.75546
5342,-0.81152
5343,0.51810
5344,0.02168
5345,-0.77825
5346,-0.28524
5347,0.58246
5348,-0.81142
5349,-0.46970
5350,0.92337
5351,0.62923
5352,0.74196
5353,-0.12240
5354,0.85406
5355,-0.00007
5356,0.85385
5357,0.90965
5358,0.94456
5359,-0.71283
5360,0.85559
5361,-0.79380
5362,0.91818
5363,0.71064
5364,0.95430
5365,0.44432
5366,-0.83183
5367,0.91724
5368,0.23515
5369,0.79143
5370,0.70394
5371,0.94236
5372,0.82568
5373,0.31895
5374,0.92064
5375,0.95771
5376,0.91248
5377,0.80936
5378,0.35481
5379,0.55107
5380,0.88072
5381,-0.66279
5382,-0.51294
5383,0.00537
5384,0.77515
5385,-0.23946
5386,0.91324
5387,0.93049
5388,-0.62198
5389,-0.70480
5390,0.34486
5391,0.28049
5392,0.96417
5393,-0.48680
5394,0.64488
5395,0.83853
5396,0.93412
5397,0.70515
5398,0.50686
5399,0.93978
5400,-0.71035
5401,0.74115
5402,-0.95069
5403,-0.71702
5404,0.91836
5405,-0.50501
5406,-0.61403
5407,-0.18620
5408,-0.79930
5409,0.64065
5410,0.77571
5411,0.91827
5412,0.82991
5413,-0.49760
5414,0.96538
5415,0.79045
5416,-0.81965
5417,0.90159
5418,-0.76350
5419,0.62618
5420,0.93740
5421,0.90298
5422,-0.60462
5423,0.80851
5424,0.08378
5425,0.77283
5426,0.86766
5427,0.40221
5428,0.92790
5429,-0.68537
5430,0.62886
5431,0.67716
5432,0.89278
5433,-0.30960
5434,0.86687
5435,-0.38504
5436,0.72508
5437,-0.80997
5438,-0.74787
5439,-0.66638
5440,-0.80485
5441,0.26530
5442,0.90494
5443,0.77405
5444,-0.07996
5445,-0.22942
5446,-0.67810
5447,0.74476
5448,-0.27160
5449,-0.87494
5450,-0.59684
5451,0.83510
5452,0.91309
5453,0.67639
5454,0.91407
5455,-0.63319
5456,-0.69908
5457,0.95413
5458,0.95900
5459,-0.54681
5460,-0.27802
5461,0.76175
5462,-0.25941
5463,-0.81848
5464,0.56669
5465,0.27808
5466,0.99143
5467,0.64772
5468,0.82812
5469,0.90708
5470,-0.27621
5471,0.82345
5472,0.88068
5473,0.89851
5474,0.80992
5475,0.67070
5476,-0.13392
5477,-0.85364
5478,0.79610
5479,0.88743
5480,-0.67337
5481,0.81183
5482,0.83893
5483,0.89924
5484,0.78330
5485,0.73305
5486,-0.86342
5487,0.50737
5488,0.80754
5489,-0.64136
5490,0.96155
5491,0.88310
5492,0.63787
5493,0.96498
5494,0.13260
5495,-0.64811
5496,-0.37652
5497,-0.86197
5498,0.98194
5499,0.84564
5500,0.77084
5501,-0.11373
5502,0.52169
5503,-0.57566
5504,0.47237
5505,-0.03622
5506,-0.77221
5507,0.90441
5508,-0.63255
