1,0.98821
2,0.00139
3,-0.70833
4,0.98782
5,0.00463
6,0.45967
7,0.52657
8,-0.53214
9,0.20423
10,0.57045
11,0.24817
12,0.34643
13,-0.62095
14,-0.01545
15,0.34672
16,0.42222
17,0.83021
18,-0.23111
19,0.94934
20,0.58440
21,-0.30310
22,0.98782
23,-0.23167
24,0.98801
25,-0.67615
26,-0.67044
27,1.00000
28,0.37392
29,0.98782
30,0.69994
31,-0.93518
32,0.98782
33,0.43000
34,0.38077
35,0.56444
36,-0.72092
37,0.36595
38,-0.05821
39,0.99473
40,-0.05000
41,0.97136
42,0.14350
43,0.69996
44,0.98782
45,-0.88619
46,-0.05000
47,-0.58990
48,-0.00033
49,-0.56286
50,-0.77428
51,0.94576
52,0.99539
53,0.90543
54,-0.03908
55,0.91464
56,0.82588
57,0.98782
58,0.71327
59,-0.39928
60,-0.05015
61,-0.33262
62,0.60530
63,0.98782
64,0.47647
65,0.23470
66,-0.50000
67,-0.34042
68,-0.10417
69,-0.28750
70,-0.63015
71,0.98730
72,0.63438
73,-0.02095
74,-0.75000
75,0.49455
76,-0.06688
77,0.98782
78,-0.27590
79,0.57167
80,0.89577
81,0.98884
82,-0.60595
83,-0.00432
84,-0.15792
85,-0.98577
86,0.98821
87,-0.00037
88,-0.33250
89,0.98864
90,0.84701
91,0.59163
92,0.95000
93,-0.24167
94,0.55667
95,0.98782
96,-0.10037
97,0.68931
98,-0.46583
99,0.62858
100,0.34333
101,0.80242
102,0.99934
103,0.58417
104,0.81250
105,0.79241
106,0.95060
107,0.69750
108,-0.22583
109,-0.10284
110,-0.58988
111,0.98592
112,0.98782
113,-0.13990
114,-0.22132
115,-0.67801
116,-0.00357
117,-0.35247
118,0.09559
119,-0.00033
120,-0.45519
121,0.84948
122,0.75455
123,-0.05033
124,-0.60417
125,0.65793
126,0.75433
127,1.00000
128,0.98782
129,0.98940
130,0.98848
131,-0.62500
132,0.83882
133,-0.07283
134,0.98964
135,0.87333
136,-0.47015
137,-0.20631
138,0.18665
139,0.62500
140,-0.64897
141,0.20015
142,-0.67811
143,-0.03605
144,-0.89358
145,0.99569
146,0.41744
147,-0.16564
148,0.98475
149,0.98672
150,-0.34864
151,0.07333
152,0.98782
153,-0.42193
154,0.98782
155,0.98782
156,0.98782
157,0.91250
158,0.01735
159,0.98782
160,0.36725
161,0.98782
162,0.98848
163,-0.68186
164,0.27167
165,0.99342
166,0.98782
167,0.83996
168,0.23889
169,-0.45537
170,0.98848
171,-0.98362
172,-0.25833
173,0.01127
174,0.98848
175,-0.43081
176,-0.03367
177,0.98782
178,0.66333
179,-0.20931
180,0.01500
181,0.99309
182,0.98782
183,0.99060
184,-0.02467
185,0.94269
186,0.98782
187,0.98681
188,0.98719
189,-0.14484
190,-0.38350
191,0.99514
192,-0.98386
193,-0.08893
194,0.97647
195,-0.65088
196,-0.59911
197,0.98782
198,-0.51968
199,-0.69000
200,0.98532
201,0.79870
202,0.98782
203,0.98697
204,0.80000
205,0.98782
206,-0.01590
207,0.88750
208,0.09677
209,0.98782
210,0.98848
211,0.67184
212,-0.85619
213,0.98782
214,0.98782
215,0.83984
216,0.98848
217,0.63143
218,-0.56522
219,0.20462
220,-0.19478
221,0.95000
222,0.98782
223,-0.21911
224,0.36591
225,0.26167
226,-0.10033
227,0.98622
228,0.98664
229,0.62687
230,0.20500
231,0.50643
232,0.08179
233,-0.24417
234,0.98782
235,0.98923
236,0.98782
237,0.98782
238,0.58296
239,-0.24246
240,-0.94576
241,0.08071
242,0.94060
243,0.85938
244,-0.81368
245,0.99342
246,0.12560
247,0.98782
248,-0.75815
249,-0.17567
250,0.30955
251,0.03147
252,-0.98262
253,-0.33538
254,0.99216
255,0.94080
256,0.99332
257,-0.54935
258,0.15655
259,0.04967
260,-0.26807
261,-0.98636
262,0.86124
263,0.52462
264,0.34214
265,-0.38667
266,0.98954
267,0.27500
268,0.99342
269,0.50877
270,-0.64061
271,0.84000
272,-0.05000
273,0.98848
274,-0.26266
275,0.20153
276,-0.03939
277,0.97817
278,0.29761
279,0.98848
280,-0.41321
281,-0.09373
282,0.98407
283,0.91574
284,0.98782
285,0.07167
286,0.98782
287,0.69958
288,0.98887
289,-0.77333
290,-0.47639
291,-0.80245
292,0.95645
293,0.98782
294,0.44531
295,0.08855
296,0.98782
297,0.42500
298,0.43312
299,0.88524
300,0.81289
301,-0.44722
302,0.80000
303,-0.51064
304,-0.49979
305,0.98782
306,0.98614
307,-0.52127
308,0.06327
309,0.33859
310,0.98782
311,-0.37299
312,-0.08333
313,0.98782
314,-0.88367
315,-0.09167
316,-0.17875
317,0.70062
318,-0.26173
319,0.99701
320,0.57989
321,0.84338
322,-0.00033
323,0.99811
324,-0.44690
325,-0.44375
326,-0.04903
327,0.98782
328,0.98439
329,0.98821
330,0.98697
331,0.05982
332,-0.05667
333,0.51047
334,0.98864
335,-0.11944
336,-0.24017
337,0.72656
338,0.22437
339,0.98782
340,0.91336
341,0.05181
342,-0.98437
343,0.99934
344,-0.30302
345,-0.06528
346,0.98782
347,-0.30000
348,-0.21597
349,-0.84353
350,-0.40850
351,0.83601
352,0.99663
353,0.98782
354,-0.11806
355,0.98790
356,-0.40268
357,0.41381
358,0.88664
359,0.98672
360,0.10000
361,0.50503
362,0.98782
363,0.84445
364,-0.30063
365,-0.34061
366,-0.29667
367,-0.04402
368,0.98782
369,0.01020
370,-0.59058
371,-0.08265
372,0.98848
373,0.98782
374,-0.86680
375,-0.66298
376,0.29106
377,0.42851
378,-0.22276
379,0.84167
380,0.51807
381,0.14315
382,0.47041
383,0.02062
384,-0.10956
385,-0.95000
386,0.98848
387,-0.20565
388,0.78443
389,0.24781
390,1.00000
391,0.98888
392,0.98848
393,0.98848
394,-0.25024
395,0.42441
396,0.29394
397,0.69738
398,-0.00012
399,0.88936
400,0.65048
401,0.98431
402,-0.78221
403,-0.00033
404,-0.00033
405,0.95648
406,-0.11776
407,0.98782
408,0.99060
409,0.76991
410,-0.81741
411,-0.12308
412,0.98782
413,-0.98477
414,0.59920
415,-0.02348
416,-0.31587
417,0.92458
418,-0.31911
419,0.04988
420,-0.78988
421,0.76434
422,-0.03500
423,-0.14768
424,1.00000
425,0.00000
426,0.00687
427,0.90308
428,0.83864
429,0.98848
430,0.91287
431,0.98848
432,0.13831
433,0.73624
434,-0.51806
435,-0.02259
436,-0.02951
437,0.99263
438,0.49183
439,0.05111
440,-0.79404
441,-0.60221
442,-0.52848
443,0.98782
444,0.77273
445,-0.84677
446,0.47454
447,-0.37944
448,0.98782
449,0.98782
450,0.02074
451,0.47083
452,-0.99928
453,-0.01059
454,0.98782
455,0.96804
456,-0.02518
457,0.04583
458,0.99722
459,-0.15556
460,0.98782
461,0.13242
462,0.85000
463,0.98848
464,0.12056
465,-0.54889
466,0.98848
467,0.98782
468,0.98903
469,0.90210
470,-0.69426
471,-0.85438
472,0.98622
473,0.99934
474,0.48750
475,0.67972
476,0.68893
477,-0.85759
478,0.98611
479,0.99576
480,0.98821
481,0.84404
482,0.13333
483,0.98782
484,0.98782
485,0.00833
486,-0.00037
487,0.54958
488,0.98782
489,0.98782
490,-0.01801
491,0.98782
492,0.33321
493,0.99073
494,0.98782
495,0.44448
496,0.98782
497,1.00000
498,0.89160
499,0.98782
500,0.09020
501,0.03689
502,0.14411
503,0.98607
504,0.98782
505,-0.01456
506,0.77710
507,-0.93639
508,0.85336
509,-0.07024
510,0.98853
511,0.98416
512,0.98622
513,0.72765
514,0.98782
515,0.98672
516,0.98782
517,-0.94391
518,0.49721
519,-0.18923
520,0.81168
521,-0.03190
522,-0.97429
523,0.98782
524,-0.07720
525,0.94934
526,0.12963
527,0.00568
528,-0.75857
529,0.98782
530,0.41746
531,-0.07460
532,0.12833
533,0.61539
534,0.86667
535,-0.12597
536,-0.08723
537,-0.38186
538,-0.38750
539,-0.02083
540,0.99019
541,0.48750
542,-0.82023
543,0.98932
544,-0.01308
545,0.10000
546,0.99763
547,0.98782
548,0.21177
549,0.19263
550,-0.49286
551,0.98782
552,0.98782
553,0.72144
554,-0.08812
555,0.99733
556,0.98782
557,-0.00681
558,0.98782
559,0.80357
560,0.29250
561,0.94915
562,0.44152
563,0.98782
564,0.98782
565,0.65721
566,0.98864
567,-0.00703
568,0.41000
569,-0.01375
570,-0.53911
571,0.08042
572,-0.01667
573,0.98782
574,-0.41667
575,-0.69615
576,0.35918
577,-0.05621
578,0.99085
579,-0.93876
580,-0.94823
581,0.54381
582,0.63208
583,0.32620
584,-0.20947
585,-0.75714
586,0.62502
587,0.94879
588,0.12143
589,0.22778
590,0.99557
591,0.00000
592,0.98864
593,0.98782
594,0.85388
595,0.98782
596,-0.98906
597,0.15381
598,-0.28560
599,0.85000
600,0.98587
601,-0.60417
602,-0.58798
603,-0.71371
604,0.98611
605,-0.66713
606,0.17126
607,0.45702
608,0.34167
609,-0.74034
610,-0.85804
611,0.42396
612,-0.48194
613,0.51200
614,0.44687
615,-0.07533
616,0.99019
617,-0.22459
618,0.98848
619,-0.21199
620,0.80972
621,-0.55795
622,0.72966
623,0.69545
624,-0.60042
625,-0.74616
626,0.99257
627,0.06621
628,0.98848
629,0.88615
630,0.98848
631,0.98782
632,0.07685
633,0.76000
634,-0.89156
635,-0.21991
636,0.98782
637,-0.59627
638,-0.63287
639,-0.89339
640,0.98782
641,-0.40250
642,-0.17522
643,-0.26432
644,0.25394
645,0.69612
646,0.17111
647,0.86875
648,0.98782
649,-0.38147
650,-0.98205
651,-0.90250
652,0.70833
653,-0.15750
654,-0.33625
655,0.98782
656,-0.53625
657,0.98848
658,0.12734
659,-0.40000
660,-0.69291
661,0.11874
662,0.81387
663,-0.04060
664,-0.02250
665,0.99768
666,0.94058
667,0.98782
668,-0.34260
669,-0.84703
670,-0.75235
671,0.59167
672,-0.77733
673,0.99576
674,0.84392
675,-0.06542
676,-0.09375
677,-0.36859
678,-0.07085
679,0.53907
680,0.50212
681,0.82459
682,-0.66648
683,-0.25167
684,-0.58734
685,-0.44667
686,0.98782
687,-0.39849
688,0.83167
689,0.98782
690,0.94473
691,-0.70699
692,-0.94620
693,1.00000
694,-0.19381
695,-0.53942
696,-0.52426
697,-0.42097
698,-0.07187
699,0.66378
700,0.98848
701,-0.74954
702,0.98613
703,-0.19667
704,0.98782
705,0.11868
706,0.53030
707,-0.10423
708,0.99156
709,-0.49369
710,0.96348
711,-0.00033
712,-0.69135
713,0.07465
714,-0.04060
715,0.99826
716,0.15778
717,0.57138
718,0.76483
719,-0.00893
720,0.96696
721,0.19394
722,0.98782
723,-0.08472
724,0.98782
725,-0.11472
726,-0.08000
727,0.98864
728,-0.31738
729,-0.48125
730,0.98782
731,0.98828
732,-0.00167
733,0.67649
734,0.09449
735,-0.03488
736,0.19439
737,-1.00000
738,-0.00033
739,0.99019
740,-0.48920
741,0.95994
742,-0.35357
743,0.98782
744,-0.18272
745,0.99839
746,-0.68739
747,-0.05179
748,0.93525
749,0.37944
750,-0.59538
751,-0.29002
752,0.98660
753,0.58129
754,0.99171
755,-0.01685
756,0.93893
757,-0.20106
758,0.96236
759,0.20970
760,0.98525
761,0.33818
762,0.97494
763,0.98622
764,0.98782
765,0.27560
766,0.43500
767,-0.66423
768,-0.93750
769,0.94934
770,0.75714
771,0.74576
772,0.56825
773,0.38750
774,-0.80365
775,-0.80351
776,0.81208
777,0.92934
778,-0.67273
779,0.99934
780,0.98782
781,-0.54978
782,0.24766
783,0.85038
784,0.99562
785,0.46364
786,0.98782
787,0.98520
788,-0.30143
789,0.04760
790,-0.07619
791,0.98895
792,0.59750
793,0.98782
794,-0.24570
795,0.98782
796,0.33598
797,-0.40000
798,-0.26494
799,0.08877
800,-0.26393
801,0.83154
802,0.84000
803,0.98864
804,0.69935
805,-0.12121
806,-0.28974
807,-0.78740
808,-0.77804
809,-0.00033
810,0.91333
811,0.02332
812,0.94484
813,0.64708
814,0.34673
815,0.98696
816,-0.21881
817,0.08466
818,-0.57027
819,0.98782
820,-0.05000
821,-0.00022
822,-0.44930
823,-0.29458
824,0.98782
825,-0.20115
826,-0.93514
827,-0.00033
828,-0.90515
829,0.74231
830,1.00000
831,-0.66803
832,0.58333
833,-0.18756
834,0.81570
835,-0.16911
836,0.65417
837,0.95000
838,0.98782
839,0.53868
840,-0.04798
841,0.32629
842,0.14236
843,0.18371
844,0.98782
845,0.89550
846,-0.00033
847,0.15042
848,0.09115
849,0.87692
850,-0.59978
851,0.12199
852,-0.86684
853,0.14961
854,-0.08926
855,0.95000
856,0.99167
857,0.06919
858,0.82222
859,-0.10015
860,0.19545
861,-0.39083
862,0.04583
863,0.98782
864,-0.42572
865,-0.76002
866,-0.93418
867,0.81310
868,-0.90808
869,-0.04000
870,-0.81458
871,-0.35548
872,0.73403
873,0.52309
874,0.98782
875,-0.18000
876,-0.76621
877,-0.59954
878,0.15958
879,-0.40859
880,-0.51750
881,0.88398
882,-0.13810
883,0.98848
884,0.35110
885,-0.09583
886,-0.34813
887,0.81850
888,-0.31888
889,0.98782
890,-0.25556
891,-0.74780
892,0.98782
893,0.32833
894,-0.76614
895,0.86166
896,0.92510
897,0.93812
898,0.84835
899,0.98821
900,0.82434
901,0.98782
902,0.98782
903,0.99576
904,-0.98921
905,-0.36905
906,-0.00033
907,-0.76171
908,0.01188
909,-0.42381
910,-0.03917
911,0.54184
912,0.68105
913,-0.16813
914,0.88713
915,0.41234
916,0.90105
917,0.98782
918,0.89884
919,-0.40375
920,-0.20704
921,-0.15476
922,0.66839
923,0.50400
924,0.98991
925,-0.07845
926,-0.35010
927,0.87017
928,-0.20556
929,0.91400
930,-0.46198
931,-0.59158
932,0.93815
933,0.98821
934,0.98790
935,0.56459
936,0.14556
937,0.41492
938,0.81368
939,0.94811
940,-0.80591
941,0.99934
942,-0.73258
943,-0.00515
944,-0.09033
945,-0.80000
946,0.33488
947,-0.86554
948,0.88522
949,0.15386
950,0.50939
951,-0.65559
952,0.77523
953,-0.31929
954,-0.67177
955,0.58571
956,0.16315
957,-0.07292
958,0.99627
959,0.67121
960,-0.30009
961,-0.29464
962,0.95319
963,0.28539
964,0.76452
965,0.08946
966,0.27593
967,0.98821
968,-0.19250
969,0.98782
970,0.74934
971,0.98782
972,0.88714
973,0.98812
974,0.99934
975,0.62733
976,-0.74834
977,0.98782
978,-0.43945
979,0.01787
980,0.98724
981,-0.34417
982,-0.94423
983,0.43762
984,0.98821
985,0.57143
986,0.98333
987,0.89122
988,-0.19667
989,0.04126
990,0.98782
991,-0.59207
992,-0.64895
993,-0.80000
994,-0.73876
995,0.91434
996,0.36905
997,0.98964
998,0.81718
999,0.91242
1000,-0.94006
1001,0.89156
1002,0.20500
1003,0.88889
1004,0.08781
1005,0.05000
1006,0.62500
1007,-0.26897
1008,0.90000
1009,-0.81761
1010,0.94930
1011,0.13828
1012,0.74444
1013,-0.21269
1014,0.98782
1015,-0.05238
1016,0.70833
1017,0.85000
1018,-0.53695
1019,0.88875
1020,0.33903
1021,0.98510
1022,-0.36167
1023,0.87026
1024,0.54175
1025,-0.89462
1026,0.98782
1027,-0.46227
1028,0.17500
1029,0.99514
1030,-0.11035
1031,-0.12500
1032,0.21607
1033,-0.00143
1034,0.98950
1035,0.93125
1036,-0.76400
1037,-0.93702
1038,0.09363
1039,-0.17448
1040,0.98639
1041,-0.26774
1042,0.75290
1043,-0.52500
1044,0.98782
1045,0.98848
1046,0.39551
1047,0.43333
1048,0.81234
1049,0.24833
1050,-0.12092
1051,0.73944
1052,0.42900
1053,-0.79403
1054,0.12754
1055,0.37724
1056,0.22724
1057,0.12167
1058,0.90000
1059,-0.30111
1060,0.98782
1061,0.98782
1062,0.54583
1063,-0.44443
1064,0.78963
1065,0.98782
1066,-0.29734
1067,-0.00575
1068,0.93658
1069,0.98848
1070,-0.00012
1071,0.42936
1072,0.98532
1073,0.17667
1074,0.98782
1075,-0.99050
1076,0.00000
1077,-0.92647
1078,0.84602
1079,0.78083
1080,0.05909
1081,-0.36520
1082,0.62712
1083,0.98782
1084,-0.36884
1085,-0.26250
1086,0.11690
1087,-0.03265
1088,0.64979
1089,0.04397
1090,0.42054
1091,-0.15672
1092,-0.30357
1093,0.98782
1094,0.98782
1095,0.22081
1096,0.98893
1097,-0.72801
1098,-0.12749
1099,0.98782
1100,-0.06925
1101,-0.22667
1102,0.98782
1103,0.60639
1104,0.91074
1105,0.80000
1106,-0.03494
1107,0.58793
1108,-0.28042
1109,0.98848
1110,0.67589
1111,0.98848
1112,0.98782
1113,-0.70524
1114,0.88665
1115,-0.12091
1116,0.74636
1117,-0.64120
1118,-0.66595
1119,-0.65733
1120,-0.40045
1121,-0.45865
1122,0.66500
1123,-0.03583
1124,-0.98133
1125,-0.66911
1126,0.98782
1127,0.50977
1128,-0.78552
1129,0.41298
1130,0.15020
1131,-0.01424
1132,0.98848
1133,-0.62866
1134,-0.26806
1135,0.14250
1136,0.05800
1137,0.64367
1138,-0.99453
1139,0.98782
1140,-0.75859
1141,0.98431
1142,0.15284
1143,-0.71622
1144,0.21861
1145,0.84874
1146,0.98782
1147,0.36483
1148,0.78906
1149,0.40695
1150,0.95967
1151,-0.03880
1152,-0.41349
1153,-0.25000
1154,0.98782
1155,0.98848
1156,-0.69111
1157,0.75317
1158,-0.22244
1159,0.54375
1160,0.68023
1161,-0.86878
1162,0.99728
1163,0.98782
1164,0.98782
1165,0.97289
1166,-0.89545
1167,-0.75083
1168,0.99666
1169,0.98782
1170,0.98782
1171,-0.70739
1172,-0.14739
1173,0.08829
1174,0.98782
1175,0.70728
1176,0.98439
1177,0.84934
1178,0.91000
1179,-0.59049
1180,-0.90000
1181,0.74751
1182,0.95000
1183,0.04967
1184,0.85000
1185,0.99029
1186,-0.48678
1187,0.98712
1188,0.98782
1189,-0.55133
1190,-0.76026
1191,0.76206
1192,-0.02341
1193,0.34375
1194,0.95350
1195,0.76407
1196,-0.00012
1197,-0.94190
1198,0.75170
1199,-0.01283
1200,0.98439
1201,-0.34429
1202,-0.85919
1203,-0.48457
1204,0.33788
1205,0.11786
1206,0.36394
1207,-0.34697
1208,0.97434
1209,0.70833
1210,0.04167
1211,-0.72044
1212,-0.21795
1213,-0.31548
1214,0.81267
1215,0.08643
1216,-0.38027
1217,0.98782
1218,-0.32619
1219,-0.37947
1220,0.98782
1221,0.98782
1222,-0.37212
1223,-0.45857
1224,-0.60167
1225,0.93834
1226,0.98782
1227,-0.55667
1228,0.96299
1229,-0.98133
1230,-0.65519
1231,-0.00179
1232,0.17865
1233,0.22609
1234,-0.52952
1235,-0.54553
1236,0.98782
1237,0.18167
1238,-0.98458
1239,0.65030
1240,0.99367
1241,-0.42496
1242,0.60505
1243,-0.19167
1244,0.98848
1245,0.98848
1246,0.06667
1247,-0.21575
1248,0.98930
1249,0.19004
1250,0.98848
1251,0.09706
1252,0.62727
1253,0.25405
1254,-0.83249
1255,0.68961
1256,-0.01184
1257,1.00000
1258,0.93877
1259,0.98622
1260,-0.15208
1261,-0.69536
1262,0.79052
1263,0.99663
1264,0.99934
1265,0.11032
1266,0.98782
1267,0.84579
1268,0.80521
1269,0.06424
1270,-0.81997
1271,0.98782
1272,-0.00033
1273,0.98575
1274,0.98782
1275,0.84424
1276,0.98782
1277,0.98848
1278,0.72800
1279,-0.41042
1280,0.98697
1281,0.73017
1282,-0.27426
1283,0.08810
1284,0.90276
1285,0.67250
1286,0.70333
1287,0.99379
1288,0.77000
1289,-0.05732
1290,0.98782
1291,0.89182
1292,0.57919
1293,-0.65977
1294,0.99576
1295,0.99111
1296,0.56355
1297,-0.04679
1298,0.98782
1299,-0.00721
1300,-0.93784
1301,0.04739
1302,0.65000
1303,0.98821
1304,0.55000
1305,0.98848
1306,0.28833
1307,0.98782
1308,0.98742
1309,0.03337
1310,0.10407
1311,0.90232
1312,0.98848
1313,0.06731
1314,0.98724
1315,0.50000
1316,-0.82992
1317,-0.41250
1318,0.95625
1319,-0.73882
1320,-0.94266
1321,-0.75900
1322,-0.00978
1323,-0.18614
1324,0.43750
1325,0.12991
1326,-0.84102
1327,0.34500
1328,-0.82049
1329,0.59582
1330,0.98782
1331,0.65000
1332,0.45929
1333,0.21026
1334,0.98782
1335,0.98930
1336,0.06409
1337,-0.08205
1338,0.54760
1339,0.98693
1340,0.85000
1341,-0.26694
1342,-0.00033
1343,-0.87006
1344,-0.08333
1345,-0.30830
1346,0.07976
1347,0.20288
1348,0.92728
1349,-0.33423
1350,-0.72000
1351,0.99663
1352,0.99763
1353,0.70000
1354,0.96668
1355,0.22622
1356,0.98782
1357,0.98782
1358,1.00000
1359,-0.30333
1360,0.86359
1361,1.00000
1362,0.98782
1363,0.99701
1364,0.66410
1365,0.63722
1366,0.23472
1367,0.68333
1368,-0.14167
1369,0.46633
1370,0.98782
1371,-0.05033
1372,-0.24339
1373,0.88333
1374,0.98595
1375,0.57083
1376,0.98782
1377,1.00000
1378,0.06111
1379,0.98782
1380,0.93459
1381,0.98782
1382,-0.20428
1383,-0.69587
1384,-0.70188
1385,0.98782
1386,0.63571
1387,-0.93127
1388,0.62000
1389,-0.07947
1390,0.20000
1391,0.92141
1392,0.16337
1393,-0.17778
1394,-0.42500
1395,0.01461
1396,-0.47202
1397,-0.70369
1398,0.83750
1399,-0.74332
1400,0.39893
1401,0.98782
1402,0.98848
1403,-0.99201
1404,0.98782
1405,-0.20538
1406,0.79789
1407,-0.20429
1408,-0.65952
1409,0.62639
1410,0.10417
1411,0.14465
1412,-0.00033
1413,-0.50169
1414,0.34936
1415,0.26655
1416,0.21515
1417,0.98848
1418,-0.03345
1419,0.99681
1420,0.98782
1421,-0.94200
1422,0.96188
1423,-0.09702
1424,0.90666
1425,0.10240
1426,0.61269
1427,0.49333
1428,-0.16597
1429,-0.48282
1430,-0.03266
1431,0.33615
1432,1.00000
1433,0.54135
1434,0.90533
1435,-0.93678
1436,0.30889
1437,0.98782
1438,0.98782
1439,0.45948
1440,0.98782
1441,0.69649
1442,-0.90417
1443,-0.10218
1444,0.99667
1445,0.00955
1446,0.18011
1447,-0.60385
1448,-0.98824
1449,-0.28288
1450,-0.00033
1451,-0.58167
1452,0.31365
1453,-0.46194
1454,0.98782
1455,0.99728
1456,0.88871
1457,1.00000
1458,-0.09794
1459,-0.03500
1460,-0.60097
1461,0.78440
1462,-0.00278
1463,0.75000
1464,0.98782
1465,0.00779
1466,0.72039
1467,-0.05012
1468,0.99002
1469,0.33940
1470,0.10723
1471,-0.47340
1472,0.98821
1473,0.57436
1474,0.98782
1475,-0.05000
1476,-0.40607
1477,0.18583
1478,-0.47439
1479,0.98782
1480,-0.10410
1481,0.00000
1482,-0.00033
1483,0.98724
1484,-0.25769
1485,0.92222
1486,-0.36097
1487,-0.59716
1488,-0.25833
1489,0.29042
1490,-0.70916
1491,-0.00033
1492,-0.81125
1493,0.88125
1494,-0.43181
1495,0.49232
1496,-0.99528
1497,-0.64139
1498,-0.05033
1499,-0.17531
1500,0.81944
1501,-0.25951
1502,-0.45000
1503,-0.98814
1504,0.00000
1505,0.69131
1506,-0.83374
1507,-0.49940
1508,0.99934
1509,0.98782
1510,0.57564
1511,0.98848
1512,-0.70208
1513,1.00000
1514,-0.98635
1515,0.19029
1516,0.00000
1517,-0.47045
1518,0.98782
1519,0.00500
1520,0.95000
1521,0.10000
1522,0.98782
1523,0.73303
1524,0.90000
1525,-0.00305
1526,0.99934
1527,-0.19167
1528,-0.46347
1529,0.00061
1530,0.05909
1531,0.98431
1532,0.98782
1533,0.06905
1534,0.20190
1535,0.80000
1536,-0.65358
1537,0.99934
1538,0.89619
1539,-0.70082
1540,-0.83102
1541,-0.50417
1542,0.98782
1543,0.25239
1544,-0.29540
1545,0.23277
1546,-0.26083
1547,0.98782
1548,0.98848
1549,0.62375
1550,0.43309
1551,0.22149
1552,0.02324
1553,0.99934
1554,-0.04052
1555,0.14175
1556,-0.02981
1557,-0.92289
1558,0.75000
1559,0.88029
1560,0.82791
1561,0.86538
1562,0.98782
1563,0.98848
1564,0.38006
1565,-0.62455
1566,-0.86644
1567,0.98782
1568,-0.32379
1569,0.92909
1570,-0.84388
1571,-0.28260
1572,-0.01649
1573,0.98821
1574,0.98848
1575,0.69130
1576,0.28942
1577,0.25468
1578,0.37781
1579,-0.26871
1580,0.94701
1581,0.98875
1582,-0.01810
1583,0.89247
1584,-0.59276
1585,0.43190
1586,0.47575
1587,0.33607
1588,0.07431
1589,0.79842
1590,-0.00033
1591,0.92039
1592,-0.74801
1593,0.83870
1594,0.10818
1595,0.98782
1596,-0.29149
1597,-0.58050
1598,0.98782
1599,0.03636
1600,0.42629
1601,-0.39372
1602,0.12500
1603,-0.90877
1604,0.98782
1605,0.88846
1606,0.68350
1607,0.99375
1608,-0.39476
1609,0.67643
1610,0.71439
1611,-0.98960
1612,0.49500
1613,-0.69231
1614,-0.89140
1615,-0.92189
1616,-0.94201
1617,-0.50083
1618,-0.98375
1619,-0.11095
1620,0.96250
1621,0.67009
1622,-0.51704
1623,0.98782
1624,-0.30539
1625,0.03446
1626,0.18250
1627,1.00000
1628,0.99668
1629,-0.74319
1630,0.95331
1631,-0.39888
1632,0.27060
1633,-0.03952
1634,0.98724
1635,-0.40857
1636,-0.03818
1637,0.53454
1638,0.21845
1639,-0.80233
1640,0.04485
1641,0.10556
1642,0.97331
1643,-0.98563
1644,-0.98644
1645,-0.07189
1646,-0.58230
1647,-0.20953
1648,0.83556
1649,0.98782
1650,0.98921
1651,0.39397
1652,0.66873
1653,-0.69944
1654,-0.64611
1655,0.98782
1656,0.98782
1657,0.92434
1658,0.53000
1659,0.52399
1660,-0.15976
1661,-0.46313
1662,0.98782
1663,0.91529
1664,0.98782
1665,0.98782
1666,0.73087
1667,-0.88741
1668,-0.01287
1669,0.27294
1670,-0.95071
1671,0.53056
1672,0.03651
1673,-0.99676
1674,0.98622
1675,0.19545
1676,0.74343
1677,-0.18393
1678,0.99728
1679,0.98848
1680,-0.72844
1681,0.98782
1682,-0.65833
1683,0.92419
1684,0.99934
1685,0.88381
1686,-0.89549
1687,0.55714
1688,-0.66548
1689,-0.42493
1690,0.98782
1691,0.98782
1692,-0.91745
1693,-0.11270
1694,-0.51550
1695,-0.06039
1696,0.06773
1697,0.95471
1698,0.99410
1699,0.98782
1700,0.22000
1701,-0.32500
1702,0.49762
1703,0.89342
1704,0.64944
1705,-0.57591
1706,0.77438
1707,-0.71818
1708,0.84924
1709,0.19595
1710,0.95000
1711,-0.03842
1712,0.91467
1713,0.98622
1714,0.74890
1715,0.05898
1716,0.89780
1717,0.55429
1718,-0.96398
1719,-0.07287
1720,0.98590
1721,0.98629
1722,0.01954
1723,0.98782
1724,-0.76698
1725,0.98821
1726,0.45905
1727,0.98782
1728,-0.29039
1729,0.10833
1730,0.29331
1731,-0.92241
1732,0.79594
1733,-0.67878
1734,0.98930
1735,-0.07625
1736,-0.90386
1737,0.98782
1738,0.80974
1739,1.00000
1740,-0.88609
1741,0.98848
1742,0.49824
1743,0.67736
1744,0.47250
1745,-0.13462
1746,0.98782
1747,0.98782
1748,-0.20375
1749,0.01145
1750,0.50997
1751,-0.07950
1752,-0.74375
1753,0.98782
1754,0.55500
1755,0.46634
1756,0.98782
1757,0.98590
1758,0.80698
1759,0.60143
1760,-0.06385
1761,-0.35694
1762,0.63784
1763,-0.30455
1764,-0.01098
1765,0.98590
1766,-0.98801
1767,-0.24134
1768,-0.98205
1769,-0.13110
1770,-0.68125
1771,-0.01667
1772,0.97593
1773,0.59167
1774,0.70602
1775,0.76323
1776,0.48979
1777,-0.94796
1778,0.51667
1779,0.98175
1780,0.21875
1781,-0.60406
1782,0.49761
1783,0.45033
1784,-0.87192
1785,0.47424
1786,0.07807
1787,-0.79664
1788,-0.05022
1789,0.53178
1790,0.98702
1791,-0.59544
1792,-0.58296
1793,0.72539
1794,-0.81524
1795,0.30472
1796,-0.20122
1797,0.98782
1798,0.92529
1799,-0.98867
1800,0.60000
1801,0.05004
1802,0.98702
1803,0.98821
1804,-0.35476
1805,-0.96479
1806,-0.07022
1807,-0.14466
1808,0.93942
1809,0.98875
1810,0.87903
1811,0.98782
1812,-0.22900
1813,-0.98612
1814,-0.84712
1815,0.81797
1816,0.98782
1817,0.90000
1818,-0.79762
1819,0.40833
1820,-0.83936
1821,0.82261
1822,0.49318
1823,-0.45320
1824,0.07496
1825,0.87201
1826,0.98848
1827,0.99576
1828,-0.56503
1829,0.95034
1830,0.98782
1831,-0.09813
1832,0.10732
1833,-0.08186
1834,-0.31222
1835,-0.51520
1836,-0.13889
1837,0.07462
1838,0.23106
1839,0.98884
1840,-0.94958
1841,-0.98792
1842,-0.34982
1843,0.98964
1844,0.98782
1845,0.98782
1846,0.98964
1847,-0.98518
1848,-0.44444
1849,0.99751
1850,0.75500
1851,0.98848
1852,-0.64333
1853,0.98782
1854,-0.55256
1855,0.01008
1856,0.95529
1857,0.98782
1858,0.41251
1859,-0.92668
1860,-0.24278
1861,0.06539
1862,0.91626
1863,0.20568
1864,0.16717
1865,0.12982
1866,-0.88894
1867,-0.82811
1868,1.00000
1869,-0.10661
1870,-0.93991
1871,-0.05012
1872,0.80679
1873,0.98782
1874,0.77222
1875,0.44058
1876,0.98439
1877,-0.69858
1878,0.99099
1879,0.38000
1880,-0.60865
1881,0.98611
1882,0.89693
1883,0.98782
1884,-0.04750
1885,-0.24024
1886,0.94887
1887,0.80458
1888,-0.07932
1889,-0.93580
1890,-0.80853
1891,0.16750
1892,0.41498
1893,0.90375
1894,-0.54616
1895,0.88519
1896,0.78636
1897,0.91601
1898,0.27912
1899,0.98782
1900,0.87321
1901,0.88877
1902,0.88750
1903,0.64037
1904,0.73683
1905,-0.74616
1906,0.98782
1907,-0.02273
1908,0.09053
1909,-0.69917
1910,-0.00012
1911,-0.28340
1912,-0.00012
1913,0.31939
1914,-0.61500
1915,-0.51045
1916,0.34524
1917,-0.68437
1918,0.94934
1919,0.04861
1920,0.75220
1921,-0.12266
1922,0.94190
1923,0.51000
1924,0.98525
1925,0.31690
1926,-0.01956
1927,-0.12566
1928,0.71298
1929,0.98782
1930,0.22648
1931,-0.64556
1932,0.98864
1933,0.94934
1934,-0.14167
1935,0.11571
1936,0.65417
1937,0.93636
1938,-0.18690
1939,0.98657
1940,0.28115
1941,0.90331
1942,-0.88281
1943,-0.98975
1944,-0.01429
1945,-0.74608
1946,0.98782
1947,0.80625
1948,0.98590
1949,0.88048
1950,0.98489
1951,0.16042
1952,-0.02587
1953,-0.23022
1954,0.96437
1955,0.36059
1956,0.98782
1957,0.97472
1958,0.94934
1959,-0.99097
1960,0.98782
1961,0.43289
1962,-0.84576
1963,-0.15341
1964,-0.15321
1965,0.98848
1966,-0.81073
1967,0.98782
1968,0.05556
1969,0.98782
1970,-0.72482
1971,0.56006
1972,-0.57500
1973,0.60000
1974,0.98592
1975,0.99407
1976,0.30996
1977,-0.49508
1978,0.52202
1979,-0.77198
1980,0.37129
1981,0.35675
1982,0.84934
1983,0.29356
1984,0.69665
1985,0.84569
1986,0.98782
1987,0.07726
1988,0.43377
1989,0.98782
1990,-0.93759
1991,0.40516
1992,-0.00012
1993,0.93127
1994,0.99663
1995,-0.81273
1996,-0.17847
1997,-0.66278
1998,0.87932
1999,0.21564
2000,-0.46386
2001,-0.45333
2002,-0.37600
2003,0.02296
2004,-0.51116
2005,0.98986
2006,0.87569
2007,-0.54939
2008,0.83215
2009,0.94173
2010,0.64167
2011,1.00000
2012,-0.16044
2013,-0.94415
2014,0.20883
2015,0.98782
2016,-0.71371
2017,0.99342
2018,0.71782
2019,-0.85620
2020,0.98782
2021,0.85789
2022,0.98622
2023,-0.10889
2024,0.98782
2025,-0.21705
2026,0.99067
2027,0.98782
2028,0.89645
2029,-0.59881
2030,-0.99183
2031,0.05000
2032,0.45635
2033,-0.40188
2034,0.98782
2035,0.42560
2036,0.98782
2037,0.66945
2038,-0.54828
2039,0.77318
2040,-0.00033
2041,-0.41012
2042,0.89095
2043,0.11681
2044,0.99728
2045,0.98782
2046,0.99221
2047,0.94189
2048,-0.02361
2049,0.26190
2050,0.93125
2051,0.38096
2052,-0.81425
2053,-0.99026
2054,0.99282
2055,0.67484
2056,0.98782
2057,0.24872
2058,-0.94032
2059,0.57905
2060,-0.48810
2061,-0.01000
2062,0.28903
2063,0.98782
2064,-0.09500
2065,0.98484
2066,0.56167
2067,0.98782
2068,-0.08208
2069,0.98717
2070,-0.44341
2071,0.98782
2072,-0.98779
2073,0.98622
2074,-0.55126
2075,-0.33444
2076,-0.05552
2077,0.99934
2078,0.19421
2079,-0.31106
2080,-0.06074
2081,0.15595
2082,0.98999
2083,-0.81347
2084,0.15651
2085,0.98782
2086,-0.00033
2087,0.89429
2088,-0.10495
2089,0.71615
2090,0.25988
2091,0.98782
2092,0.93503
2093,0.98782
2094,-0.44583
2095,0.36123
2096,-0.79167
2097,0.98672
2098,-0.05015
2099,0.60227
2100,0.04380
2101,-0.22374
2102,-0.13779
2103,0.97105
2104,-0.06972
2105,0.98848
2106,-0.17576
2107,-0.11250
2108,0.88848
2109,-0.79716
2110,0.99663
2111,-0.34647
2112,0.98782
2113,0.98782
2114,0.98525
2115,0.98930
2116,0.98782
2117,-0.56068
2118,0.00694
2119,0.27235
2120,0.36635
2121,-0.86546
2122,0.58755
2123,0.06416
2124,-0.12333
2125,0.98848
2126,0.98782
2127,0.24067
2128,-0.00012
2129,0.98782
2130,0.56667
2131,0.97856
2132,0.30292
2133,0.74662
2134,-0.25543
2135,-0.19762
2136,0.98782
2137,0.98782
2138,0.53321
2139,-0.20062
2140,0.56345
2141,0.65556
2142,0.98782
2143,0.62992
2144,-0.50000
2145,-0.85562
2146,0.20952
2147,0.25636
2148,0.99029
2149,-1.00000
2150,0.92061
2151,0.47296
2152,-0.65000
2153,0.82332
2154,0.98782
2155,0.95226
2156,-0.14557
2157,0.98848
2158,0.89701
2159,0.38750
2160,0.99663
2161,0.32940
2162,-0.28726
2163,0.30714
2164,-0.19810
2165,0.98622
2166,-0.06127
2167,0.98782
2168,-0.90381
2169,0.93480
2170,0.87778
2171,-0.59178
2172,0.98782
2173,-0.08472
2174,0.89938
2175,0.98303
2176,0.98782
2177,0.98848
2178,0.99000
2179,-0.57968
2180,0.39482
2181,-0.37464
2182,0.36989
2183,0.68038
2184,-0.46548
2185,0.98782
2186,0.43143
2187,-0.39325
2188,0.98857
2189,0.98667
2190,0.98864
2191,0.99118
2192,0.93868
2193,0.00000
2194,0.15702
2195,0.98848
2196,0.92857
2197,-0.34278
2198,-0.78777
2199,-0.13403
2200,-0.50667
2201,0.69825
2202,-0.35000
2203,-0.30325
2204,-0.32729
2205,-0.10022
2206,0.98986
2207,0.94286
2208,-0.09878
2209,0.21876
2210,0.19949
2211,-0.01619
2212,-0.18518
2213,-0.37156
2214,-0.83989
2215,0.89934
2216,0.25476
2217,-0.10978
2218,-0.82871
2219,0.95000
2220,0.98821
2221,0.98904
2222,0.61788
2223,-0.99131
2224,-0.30833
2225,0.98848
2226,0.84934
2227,-0.66705
2228,0.82267
2229,-0.29524
2230,0.98903
2231,0.91590
2232,0.98782
2233,0.27639
2234,0.98525
2235,0.93125
2236,-0.61502
2237,0.44343
2238,0.84101
2239,0.98782
2240,-0.59935
2241,0.98782
2242,0.98782
2243,0.98622
2244,-0.12667
2245,-0.20625
2246,-0.79714
2247,0.42528
2248,-0.43380
2249,-0.50625
2250,0.59524
2251,0.98303
2252,0.98782
2253,0.98782
2254,-0.16609
2255,0.79934
2256,-0.47667
2257,0.98782
2258,0.01417
2259,0.01212
2260,0.92805
2261,-0.71355
2262,0.15000
2263,0.98782
2264,-0.51139
2265,-0.56760
2266,-0.53463
2267,0.19583
2268,0.98782
2269,0.57750
2270,0.15824
2271,0.45000
2272,0.98848
2273,0.25000
2274,0.09778
2275,0.88848
2276,0.75714
2277,-0.80073
2278,0.99781
2279,-0.48819
2280,-0.63664
2281,0.81000
2282,0.98930
2283,0.99342
2284,0.71384
2285,0.95485
2286,-0.98225
2287,-0.44057
2288,0.17911
2289,-0.53821
2290,0.72917
2291,-0.79707
2292,0.78326
2293,-0.88802
2294,-0.93689
2295,0.12616
2296,0.45857
2297,-0.72500
2298,0.67684
2299,-0.41167
2300,0.82500
2301,0.08174
2302,0.98782
2303,-0.09167
2304,-0.90903
2305,0.98848
2306,0.45794
2307,0.32455
2308,-0.75189
2309,0.98782
2310,0.88728
2311,-0.02900
2312,-0.50348
2313,-0.78542
2314,0.99702
2315,-0.06978
2316,-0.12040
2317,0.94699
2318,0.99543
2319,0.48071
2320,0.98782
2321,0.99622
2322,0.99579
2323,0.98782
2324,-0.40548
2325,0.99663
2326,0.98782
2327,0.55139
2328,0.04229
2329,-0.88654
2330,0.98724
2331,-0.99197
2332,-0.11202
2333,-0.86666
2334,0.65000
2335,-0.22000
2336,0.98782
2337,-0.40194
2338,-0.67946
2339,0.57292
2340,0.98782
2341,0.95000
2342,0.87811
2343,-0.09250
2344,0.85829
2345,0.99948
2346,-0.79580
2347,0.99934
2348,0.98622
2349,-0.29833
2350,-0.65404
2351,0.39788
2352,-0.00033
2353,-0.71651
2354,0.98848
2355,0.98782
2356,0.65168
2357,-0.34935
2358,-0.87862
2359,-0.94661
2360,0.98475
2361,0.90000
2362,-0.89672
2363,-0.10000
2364,0.98712
2365,-0.05022
2366,-0.00637
2367,-0.24952
2368,0.37727
2369,-0.84635
2370,-0.88555
2371,0.98782
2372,0.21916
2373,-0.18147
2374,0.78809
2375,0.71896
2376,0.99663
2377,0.98827
2378,-0.21424
2379,0.96263
2380,0.11111
2381,0.71771
2382,0.94934
2383,0.98848
2384,-0.98240
2385,0.97003
2386,0.69257
2387,-0.00891
2388,0.98672
2389,-0.39349
2390,0.22542
2391,0.93942
2392,-0.04011
2393,0.99576
2394,-0.71731
2395,0.24092
2396,-0.25523
2397,0.01500
2398,-0.35528
2399,0.98672
2400,-0.29053
2401,-0.78102
2402,0.00086
2403,0.92500
2404,-0.00362
2405,-0.16333
2406,-0.59796
2407,0.92661
2408,0.78750
2409,-0.05377
2410,-0.65913
2411,0.74526
2412,-0.29370
2413,0.96079
2414,0.98664
2415,0.92870
2416,0.98782
2417,0.98848
2418,-0.38500
2419,0.99540
2420,0.67561
2421,0.10455
2422,-0.54707
2423,0.75000
2424,-0.04895
2425,-0.03482
2426,0.85662
2427,0.98782
2428,0.08015
2429,0.98848
2430,-0.03375
2431,-0.20000
2432,0.41333
2433,0.98782
2434,0.41667
2435,-0.31215
2436,0.98782
2437,0.99934
2438,0.33252
2439,0.98848
2440,0.98782
2441,-0.51405
2442,0.98782
2443,0.94282
2444,0.45516
2445,0.63931
2446,-0.43395
2447,0.21477
2448,0.53869
2449,0.98782
2450,0.98782
2451,-0.10643
2452,0.98782
2453,-0.00022
2454,-0.74900
2455,0.98782
2456,-0.90353
2457,0.73704
2458,0.99167
2459,-0.62610
2460,-0.06249
2461,0.29996
2462,-0.23159
2463,0.65841
2464,-0.05614
2465,-0.98707
2466,-0.68094
2467,0.98782
2468,-0.43853
2469,0.98848
2470,0.12038
2471,0.98622
2472,-0.64667
2473,0.98782
2474,0.89539
2475,0.99309
2476,-0.89729
2477,-0.00037
2478,-0.05417
2479,-0.46667
2480,0.39311
2481,-0.09965
2482,0.98782
2483,0.25017
2484,-0.33958
2485,-0.21170
2486,-0.30000
2487,-0.08189
2488,-0.10710
2489,0.91000
2490,0.47874
2491,0.76762
2492,0.97861
2493,-0.47013
2494,-0.13762
2495,0.98782
2496,0.98903
2497,-0.28483
2498,0.98864
2499,-0.71250
2500,0.00967
2501,1.00000
2502,0.98782
2503,0.33424
2504,0.98782
2505,0.98848
2506,-0.84954
2507,0.98884
2508,0.98622
2509,0.98991
2510,1.00000
2511,-0.32375
2512,-0.98908
2513,0.43375
2514,0.87083
2515,-0.09040
2516,-0.31366
2517,0.41638
2518,-0.76229
2519,-0.35875
2520,0.98782
2521,-0.40398
2522,-0.75126
2523,-0.27024
2524,0.99342
2525,0.98622
2526,0.98622
2527,0.88249
2528,-0.16667
2529,0.73333
2530,-0.08037
2531,0.18929
2532,0.88934
2533,0.98782
2534,-0.75402
2535,0.56917
2536,-0.51688
2537,0.98782
2538,-0.66995
2539,-0.01287
2540,0.91858
2541,-0.14508
2542,0.98848
2543,0.31024
2544,0.18485
2545,0.88880
2546,0.48778
2547,0.98848
2548,0.98782
2549,0.83515
2550,0.38950
2551,-0.29427
2552,0.21908
2553,0.98782
2554,0.98782
2555,0.51815
2556,-0.98377
2557,-0.96765
2558,0.98782
2559,-0.37143
2560,-0.16191
2561,0.37202
2562,-0.47515
2563,0.98782
2564,-0.94954
2565,0.76946
2566,0.98782
2567,0.98782
2568,0.98782
2569,0.45015
2570,0.01704
2571,0.63750
2572,-0.04446
2573,-0.10033
2574,-0.98337
2575,0.13750
2576,0.98376
2577,0.98846
2578,0.99407
2579,-0.10640
2580,0.17496
2581,-0.98502
2582,0.90000
2583,0.99645
2584,0.23004
2585,0.98853
2586,0.98782
2587,-0.18056
2588,0.69117
2589,0.98782
2590,-0.69650
2591,-0.10022
2592,-0.20241
2593,-0.43849
2594,-0.51064
2595,-0.09355
2596,-0.64588
2597,-0.05018
2598,0.99934
2599,0.05667
2600,-0.66383
2601,0.75000
2602,-0.65075
2603,-0.13287
2604,0.98629
2605,-0.15071
2606,0.47560
2607,-0.44597
2608,-0.00033
2609,0.01842
2610,0.98782
2611,0.98586
2612,1.00000
2613,0.62586
2614,-0.29619
2615,0.99635
2616,-0.17535
2617,0.98622
2618,-0.12907
2619,0.98782
2620,-0.10596
2621,0.99751
2622,-0.80642
2623,-0.66919
2624,-0.67601
2625,-0.60487
2626,-0.04314
2627,0.44381
2628,0.99666
2629,-0.76055
2630,0.04967
2631,-0.49464
2632,-0.16776
2633,0.98782
2634,0.02667
2635,0.98848
2636,-0.24733
2637,0.72619
2638,0.98782
2639,-0.98270
2640,0.98782
2641,-0.02000
2642,0.08333
2643,0.98590
2644,0.32571
2645,-0.12917
2646,-0.72064
2647,0.43894
2648,0.01833
2649,-0.10000
2650,0.98782
2651,-0.47556
2652,0.80667
2653,0.99366
2654,0.98782
2655,-0.10250
2656,-0.97314
2657,0.89576
2658,-0.13284
2659,0.99241
2660,-0.11503
2661,0.79890
2662,0.99663
2663,0.65000
2664,0.22250
2665,0.87386
2666,-0.95752
2667,-0.50559
2668,0.99160
2669,-0.66027
2670,-0.71513
2671,0.98782
2672,-0.35407
2673,0.25000
2674,0.98782
2675,-0.49692
2676,0.00183
2677,0.99934
2678,0.39000
2679,0.97753
2680,0.07865
2681,-0.63704
2682,0.25612
2683,0.83333
2684,-0.16424
2685,-0.76825
2686,-0.67796
2687,-0.00018
2688,0.99792
2689,0.29417
2690,-0.02437
2691,0.71444
2692,0.99068
2693,0.71909
2694,0.36250
2695,0.98782
2696,-0.97611
2697,0.94870
2698,0.55164
2699,0.93564
2700,0.91940
2701,-0.31417
2702,1.00000
2703,-0.89428
2704,0.01083
2705,0.01923
2706,0.98782
2707,0.68333
2708,0.98782
2709,0.33277
2710,-0.20714
2711,-0.04066
2712,0.05833
2713,0.77096
2714,0.08333
2715,0.98782
2716,0.21333
2717,-0.26197
2718,0.98782
2719,-0.00500
2720,-0.74222
2721,0.70159
2722,-0.47678
2723,0.98782
2724,0.29484
2725,0.70571
2726,0.98525
2727,0.93870
2728,0.88646
2729,0.98782
2730,-0.23472
2731,-0.27333
2732,0.82833
2733,0.04656
2734,0.90625
2735,0.99697
2736,0.63028
2737,0.45104
2738,0.98782
2739,-0.40149
2740,-0.99385
2741,-0.85000
2742,0.26475
2743,0.98782
2744,0.69598
2745,-0.02749
2746,0.35424
2747,1.00000
2748,-0.20455
2749,-0.72143
2750,0.98848
2751,-0.65883
2752,-0.43078
2753,0.98848
2754,0.96250
2755,0.84869
2756,0.41845
2757,-0.57526
2758,0.98782
2759,0.98848
2760,0.94701
2761,-0.98352
2762,0.98782
2763,0.99663
2764,0.05893
2765,0.44983
2766,0.00462
2767,-0.21146
2768,-0.98941
2769,0.98702
2770,0.98848
2771,-0.42204
2772,-0.61693
2773,0.48768
2774,-0.46470
2775,0.09786
2776,0.96500
2777,0.76456
2778,0.54727
2779,-0.10773
2780,0.22009
2781,-0.98759
2782,-0.96629
2783,-0.03972
2784,-0.00033
2785,-0.90530
2786,0.98782
2787,0.84874
2788,0.98732
2789,0.98848
2790,0.87799
2791,0.93609
2792,0.35280
2793,0.93864
2794,-0.04627
2795,0.63788
2796,-0.20232
2797,0.98848
2798,0.98782
2799,0.10988
2800,-0.44067
2801,-0.72008
2802,-0.38931
2803,-0.25444
2804,-0.98528
2805,0.63333
2806,-0.71806
2807,0.81250
2808,0.87879
2809,0.77427
2810,-0.47056
2811,-0.54019
2812,0.98782
2813,0.00952
2814,0.98782
2815,0.98782
2816,-0.94967
2817,0.07393
2818,-0.01518
2819,-0.00108
2820,-0.00056
2821,-0.53067
2822,-0.41373
2823,-0.09389
2824,0.98782
2825,0.98782
2826,0.75121
2827,0.98782
2828,0.98782
2829,0.46782
2830,0.57909
2831,0.98782
2832,-0.24112
2833,-0.74615
2834,-0.08188
2835,0.99133
2836,1.00000
2837,0.99029
2838,0.05693
2839,0.98848
2840,0.98782
2841,-0.51311
2842,-0.05000
2843,-0.43125
2844,0.01486
2845,0.03869
2846,-0.09417
2847,-0.01234
2848,-0.93409
2849,-0.47365
2850,-0.76137
2851,-0.85257
2852,-0.27364
2853,0.98782
2854,-0.98213
2855,-0.62113
2856,-0.20083
2857,0.02536
2858,0.80000
2859,-0.98496
2860,-0.43532
2861,-0.04167
2862,-0.10889
2863,-0.93718
2864,0.31410
2865,0.98782
2866,-0.13562
2867,-0.81058
2868,0.62625
2869,-0.58000
2870,0.94521
2871,0.26167
2872,-0.54536
2873,0.90000
2874,0.98782
2875,-0.57928
2876,-0.93967
2877,-0.95943
2878,0.07381
2879,-0.05491
2880,0.97701
2881,-0.17855
2882,0.98964
2883,1.00000
2884,0.79910
2885,0.98342
2886,-0.50041
2887,0.30760
2888,-0.38403
2889,-0.80295
2890,0.98892
2891,1.00000
2892,0.98782
2893,0.04000
2894,0.48211
2895,0.94182
2896,0.98848
2897,0.98782
2898,-0.76840
2899,0.81987
2900,-0.52937
2901,0.13143
2902,0.98956
2903,-0.43448
2904,-0.98813
2905,0.98782
2906,0.39496
2907,0.24332
2908,0.95000
2909,-0.47264
2910,0.68917
2911,0.66722
2912,-0.98624
2913,0.90000
2914,-0.44611
2915,0.98848
2916,-0.00033
2917,0.98848
2918,0.93184
2919,-0.00916
2920,0.11922
2921,0.35667
2922,1.00000
2923,-0.73546
2924,0.98000
2925,0.99576
2926,0.99221
2927,-0.26111
2928,-0.01458
2929,0.55054
2930,-0.11333
2931,0.54182
2932,0.98782
2933,0.48542
2934,0.77953
2935,0.98782
2936,0.90908
2937,-0.83289
2938,0.98848
2939,0.18260
2940,0.52857
2941,0.85539
2942,-0.23762
2943,-0.20063
2944,0.95627
2945,0.98782
2946,0.46154
2947,-0.10448
2948,-0.14583
2949,-0.00022
2950,0.61643
2951,0.17389
2952,0.46136
2953,0.99934
2954,-0.91752
2955,0.98782
2956,0.69274
2957,0.00696
2958,-0.92239
2959,0.98782
2960,-0.98345
2961,0.04416
2962,-0.22573
2963,-0.06250
2964,0.46705
2965,0.18365
2966,0.27143
2967,0.98782
2968,-0.00018
2969,0.97602
2970,0.00659
2971,-0.77064
2972,0.89967
2973,0.81163
2974,0.01332
2975,-0.00033
2976,0.58740
2977,0.36625
2978,0.91000
2979,-0.08833
2980,-0.72500
2981,0.98782
2982,0.95000
2983,0.92500
2984,-0.29391
2985,-0.52708
2986,-0.98539
2987,-0.00033
2988,0.57972
2989,0.23958
2990,0.33300
2991,0.98782
2992,0.99090
2993,0.22880
2994,0.98782
2995,0.98782
2996,0.95455
2997,0.98848
2998,0.98848
2999,0.07000
3000,0.98782
3001,0.98848
3002,0.59500
3003,0.66624
3004,0.98782
3005,0.02125
3006,0.89053
3007,-0.51111
3008,0.98782
3009,0.94968
3010,-0.11250
3011,-0.40022
3012,0.93496
3013,-0.12119
3014,-0.67477
3015,0.90000
3016,0.75714
3017,0.98501
3018,0.40294
3019,0.98782
3020,0.01000
3021,-0.04250
3022,0.30227
3023,0.98782
3024,-0.02857
3025,0.98622
3026,-0.14959
3027,-0.63143
3028,0.08963
3029,0.98782
3030,0.39921
3031,0.96875
3032,-0.85667
3033,-0.76474
3034,0.87927
3035,-0.10000
3036,0.88004
3037,-0.26084
3038,0.20713
3039,0.98782
3040,0.73616
3041,-0.14045
3042,0.33080
3043,0.66181
3044,0.37887
3045,-0.68485
3046,0.98383
3047,0.09333
3048,0.11667
3049,0.02860
3050,-0.59919
3051,0.99407
3052,0.99216
3053,-0.02972
3054,-0.99105
3055,0.52139
3056,0.26722
3057,-0.81928
3058,0.19197
3059,-0.45556
3060,-0.77120
3061,-0.17873
3062,0.99934
3063,0.01008
3064,0.98782
3065,-0.72698
3066,0.62554
3067,0.19667
3068,-0.02308
3069,0.91429
3070,0.85648
3071,-0.33791
3072,-0.41414
3073,-0.32681
3074,0.86841
3075,0.99156
3076,-0.00033
3077,0.98622
3078,-0.30750
3079,0.38681
3080,-0.02167
3081,0.19774
3082,0.98866
3083,-0.60397
3084,0.94669
3085,0.00000
3086,-0.13500
3087,0.99060
3088,-0.70912
3089,0.97500
3090,0.79500
3091,0.37000
3092,0.94890
3093,0.92152
3094,-0.33375
3095,-0.42667
3096,0.90000
3097,-0.36861
3098,0.98821
3099,-0.75619
3100,0.99569
3101,-0.22182
3102,0.98782
3103,-0.07604
3104,0.98848
3105,0.98782
3106,0.98782
3107,-0.11444
3108,0.12839
3109,-0.20022
3110,0.98782
3111,0.95433
3112,0.99019
3113,-0.66432
3114,-0.51318
3115,0.30857
3116,0.45056
3117,0.59143
3118,-0.27777
3119,0.15423
3120,-0.69197
3121,-0.56215
3122,0.98848
3123,0.98724
3124,0.98782
3125,-0.78315
3126,0.98782
3127,0.80214
3128,0.10000
3129,0.98848
3130,-0.59753
3131,-0.07916
3132,0.79831
3133,-0.67733
3134,0.02445
3135,-0.69474
3136,0.53333
3137,-0.73333
3138,0.98782
3139,0.98782
3140,-0.53582
3141,0.50992
3142,0.50600
3143,-0.15833
3144,-0.98673
3145,-0.17654
3146,-0.18621
3147,0.64426
3148,-0.72737
3149,0.64857
3150,-0.00238
3151,-0.65098
3152,-0.98498
3153,-0.25500
3154,0.04556
3155,0.61690
3156,-0.09965
3157,-0.62597
3158,0.99958
3159,0.99663
3160,0.98782
3161,0.98782
3162,0.98267
3163,0.55153
3164,-0.27919
3165,-0.05022
3166,-0.00033
3167,0.98848
3168,0.41256
3169,-0.33756
3170,0.98782
3171,0.17718
3172,0.89000
3173,-0.70926
3174,-0.43929
3175,1.00000
3176,0.20077
3177,0.91859
3178,0.98782
3179,-0.35928
3180,0.48833
3181,0.98848
3182,0.98782
3183,0.64273
3184,-0.16319
3185,-0.18593
3186,0.98688
3187,0.32833
3188,0.98848
3189,0.26100
3190,0.10667
3191,-0.89384
3192,-0.63999
3193,0.80619
3194,-0.29282
3195,-0.03702
3196,0.98782
3197,0.72186
3198,0.46508
3199,0.98182
3200,-0.57662
3201,0.60893
3202,0.82500
3203,-0.43714
3204,0.01944
3205,0.98782
3206,0.62038
3207,0.02594
3208,-1.00000
3209,0.98782
3210,0.98782
3211,0.51255
3212,-0.50417
3213,-0.99181
3214,-0.04150
3215,-0.21175
3216,0.89728
3217,0.84934
3218,-0.55964
3219,0.03065
3220,-0.00154
3221,-0.80961
3222,-0.10012
3223,0.85489
3224,0.12651
3225,0.97433
3226,-0.61000
3227,0.98782
3228,-0.25022
3229,0.78119
3230,-0.30357
3231,0.84667
3232,0.98782
3233,0.98782
3234,0.44680
3235,0.98782
3236,0.05455
3237,0.74194
3238,0.98864
3239,-0.38403
3240,-0.05946
3241,0.23750
3242,0.98782
3243,-0.56185
3244,0.58055
3245,0.98848
3246,-0.45000
3247,-0.01583
3248,0.98864
3249,-0.31180
3250,0.98782
3251,-0.56667
3252,0.28667
3253,-0.94567
3254,-0.25000
3255,0.98821
3256,0.83053
3257,-0.33083
3258,-0.80757
3259,-0.66425
3260,-0.08251
3261,-0.24265
3262,0.73875
3263,-0.31355
3264,-0.05000
3265,-0.39412
3266,0.98342
3267,0.19643
3268,-0.15018
3269,0.98782
3270,0.34838
3271,0.98575
3272,0.51431
3273,0.18060
3274,0.98782
3275,-0.22500
3276,-0.30417
3277,0.03074
3278,-0.33889
3279,0.89666
3280,0.89540
3281,0.98848
3282,0.77500
3283,0.16819
3284,-0.60752
3285,-0.12620
3286,0.62925
3287,0.98848
3288,0.24864
3289,-0.84928
3290,0.97145
3291,0.98622
3292,0.98782
3293,-0.66975
3294,0.76368
3295,0.98782
3296,0.41530
3297,0.34074
3298,0.79663
3299,0.77694
3300,0.99724
3301,0.52565
3302,0.98782
3303,-0.69326
3304,-0.03772
3305,0.25000
3306,-0.39510
3307,-0.51474
3308,0.02967
3309,0.87975
3310,-0.54264
3311,-0.13103
3312,-0.10033
3313,0.72667
3314,0.76847
3315,0.89549
3316,-0.36208
3317,-0.19667
3318,0.89681
3319,0.89660
3320,-0.03762
3321,0.79500
3322,0.47819
3323,0.89576
3324,-0.00033
3325,0.94669
3326,0.98782
3327,-0.58667
3328,-0.60000
3329,0.98848
3330,0.31904
3331,0.98657
3332,0.05623
3333,-0.60523
3334,0.98456
3335,0.98782
3336,0.01074
3337,0.90000
3338,-0.18527
3339,0.46778
3340,-0.85000
3341,-0.93853
3342,-0.07542
3343,0.30314
3344,-0.00015
3345,0.53061
3346,-0.29325
3347,0.59082
3348,0.99029
3349,0.00000
3350,-0.83750
3351,0.98782
3352,0.09988
3353,0.98782
3354,-0.47281
3355,0.99801
3356,0.98782
3357,-0.17611
3358,-0.93317
3359,0.70000
3360,0.70357
3361,-0.61291
3362,-0.98370
3363,0.15357
3364,0.98782
3365,0.27318
3366,0.92143
3367,-0.62141
3368,-0.15833
3369,0.98782
3370,0.94407
3371,0.91419
3372,-0.75209
3373,0.99554
3374,-0.47591
3375,-0.61458
3376,0.61429
3377,-0.35428
3378,0.84753
3379,-0.00022
3380,0.01770
3381,0.98848
3382,0.91076
3383,0.98821
3384,0.98782
3385,-0.04213
3386,0.99799
3387,-0.31708
3388,0.32322
3389,-0.75000
3390,0.94294
3391,0.48571
3392,0.85362
3393,0.98864
3394,-0.53608
3395,0.74807
3396,-0.14154
3397,0.98782
3398,0.49911
3399,-0.20015
3400,-0.80808
3401,-0.05022
3402,0.99448
3403,-0.55149
3404,0.94896
3405,0.98848
3406,0.89668
3407,0.99068
3408,-0.23295
3409,0.98782
3410,-0.04508
3411,-0.10574
3412,0.98864
3413,-0.66540
3414,0.97017
3415,-0.28766
3416,0.98393
3417,0.98782
3418,0.80829
3419,0.69722
3420,0.98431
3421,0.33150
3422,0.21780
3423,0.87857
3424,-0.00033
3425,-0.22269
3426,-0.42885
3427,-0.99012
3428,-0.93875
3429,0.82222
3430,0.98964
3431,0.98782
3432,0.53098
3433,0.68227
3434,-0.15269
3435,-0.90992
3436,0.21800
3437,0.08667
3438,0.68333
3439,-0.60227
3440,0.98848
3441,0.08167
3442,0.11096
3443,-0.00065
3444,0.26071
3445,-0.84802
3446,0.68750
3447,-0.08589
3448,0.98903
3449,0.98848
3450,0.91723
3451,0.17024
3452,0.24271
3453,-0.19188
3454,-0.50686
3455,0.98439
3456,0.11250
3457,-0.03355
3458,-0.26497
3459,0.83125
3460,-0.77264
3461,0.99657
3462,0.98782
3463,0.19375
3464,0.14944
3465,-0.87948
3466,-0.34805
3467,0.55036
3468,-0.33095
3469,-0.51304
3470,0.76125
3471,0.94579
3472,0.21167
3473,-0.44732
3474,0.99994
3475,0.99342
3476,-0.74903
3477,0.02189
3478,0.05443
3479,0.63333
3480,0.28399
3481,0.68000
3482,0.76558
3483,-0.60000
3484,0.98848
3485,1.00000
3486,0.98848
3487,0.98782
3488,0.33414
3489,0.56352
3490,0.98782
3491,-0.84348
3492,0.86612
3493,0.69113
3494,0.32333
3495,0.47463
3496,-0.08958
3497,0.98782
3498,-0.75974
3499,0.99221
3500,-0.31122
3501,0.62267
3502,0.82375
3503,0.94734
3504,0.11709
3505,0.11389
3506,0.98950
3507,0.23875
3508,0.98782
3509,0.57141
3510,-0.83333
3511,0.98754
3512,0.95336
3513,-0.70500
3514,0.98747
3515,0.80000
3516,0.99934
3517,-0.10000
3518,0.99342
3519,0.42620
3520,0.88400
3521,0.98782
3522,-0.66407
3523,0.93886
3524,-0.89846
3525,0.98782
3526,-0.65810
3527,0.99660
3528,0.95843
3529,-0.73799
3530,-0.18500
3531,0.98848
3532,1.00000
3533,-0.13371
3534,-0.18068
3535,0.98782
3536,-0.57425
3537,0.93333
3538,-0.98500
3539,0.13898
3540,0.98680
3541,-0.06905
3542,0.23929
3543,0.91540
3544,-0.03183
3545,0.98782
3546,0.98590
3547,-0.14149
3548,0.99489
3549,0.89380
3550,-0.10626
3551,-0.10536
3552,0.75841
3553,-0.97872
3554,0.04167
3555,0.66101
3556,-0.60116
3557,-0.45734
3558,0.82041
3559,0.68329
3560,-0.48599
3561,0.98782
3562,0.98592
3563,0.35274
3564,-0.09188
3565,0.18155
3566,0.98776
3567,0.09505
3568,0.92333
3569,0.34197
3570,-0.03333
3571,-0.05000
3572,-0.27774
3573,0.98930
3574,-0.32976
3575,0.39998
3576,0.00963
3577,-0.98555
3578,0.98782
3579,-0.01272
3580,-0.15556
3581,1.00000
3582,-0.98764
3583,0.98590
3584,0.98672
3585,-0.98468
3586,-0.97894
3587,0.00000
3588,-0.28756
3589,-0.69003
3590,0.98782
3591,0.71597
3592,0.27595
3593,-0.14381
3594,-0.22500
3595,0.56944
3596,0.98622
3597,-0.17522
3598,-0.13545
3599,-0.19600
3600,0.99934
3601,0.98782
3602,-0.05178
3603,0.05818
3604,-0.58864
3605,0.98848
3606,-0.54895
3607,0.12857
3608,0.42412
3609,-0.24799
3610,0.98383
3611,-0.95216
3612,0.98782
3613,0.56155
3614,0.44167
3615,0.80000
3616,-0.31705
3617,-0.66282
3618,0.27412
3619,0.22318
3620,0.98622
3621,0.76807
3622,-0.70769
3623,-0.38300
3624,-0.40022
3625,-0.09440
3626,0.46949
3627,0.75000
3628,-0.54028
3629,-0.19011
3630,0.39248
3631,0.28601
3632,0.98782
3633,-0.00637
3634,0.98611
3635,-0.16807
3636,0.45971
3637,-0.88359
3638,0.98782
3639,-0.11746
3640,-0.61475
3641,-0.54107
3642,0.60462
3643,-0.89466
3644,0.95795
3645,0.01000
3646,0.10000
3647,-0.04015
3648,1.00000
3649,0.98852
3650,0.98782
3651,0.98821
3652,0.98782
3653,-0.98344
3654,0.98848
3655,0.74576
3656,0.61845
3657,0.80268
3658,-0.54807
3659,0.00000
3660,0.98622
3661,-0.42424
3662,-0.98133
3663,0.30250
3664,-0.98195
3665,-0.38636
3666,0.57999
3667,0.03738
3668,-0.27491
3669,-0.61273
3670,0.67949
3671,-0.80782
3672,-0.02800
3673,-0.35240
3674,-0.98697
3675,0.98588
3676,-0.73750
3677,0.10294
3678,-0.06080
3679,0.84618
3680,-0.78313
3681,0.98930
3682,0.99724
3683,0.17124
3684,0.98782
3685,0.09795
3686,0.02889
3687,0.55333
3688,0.83132
3689,0.95822
3690,1.00000
3691,0.40211
3692,0.00657
3693,0.69220
3694,0.89822
3695,1.00000
3696,-0.52591
3697,0.75333
3698,0.98622
3699,0.75000
3700,0.02130
3701,-0.47177
3702,-0.11812
3703,-0.60174
3704,0.98821
3705,0.91548
3706,-0.42500
3707,-0.83923
3708,0.87099
3709,-0.25214
3710,0.79425
3711,0.95000
3712,0.92363
3713,0.98782
3714,0.98431
3715,-0.34478
3716,-0.57643
3717,0.98848
3718,0.99562
3719,-0.66031
3720,-0.20556
3721,0.98848
3722,0.36726
3723,-0.48393
3724,-0.41236
3725,-0.22062
3726,0.33909
3727,0.78899
3728,-0.07160
3729,0.83352
3730,0.95000
3731,-0.64335
3732,-0.20662
3733,0.19429
3734,-0.94202
3735,0.98333
3736,0.52992
3737,-0.02818
3738,0.98848
3739,1.00000
3740,0.98416
3741,0.98782
3742,0.98821
3743,0.95000
3744,0.99576
3745,-0.81566
3746,0.98782
3747,0.98782
3748,0.40981
3749,-0.21583
3750,0.25417
3751,0.49460
3752,-0.91009
3753,0.71065
3754,-0.50000
3755,-0.82460
3756,0.51083
3757,-0.45051
3758,0.46579
3759,0.87821
3760,-0.68687
3761,0.98810
3762,0.86250
3763,0.98782
3764,-0.99563
3765,-1.00000
3766,0.99934
3767,-0.60414
3768,-0.37750
3769,0.00924
3770,0.13333
3771,-0.11176
3772,0.98334
3773,0.36285
3774,0.98782
3775,0.98782
3776,0.16758
3777,-0.89218
3778,0.98745
3779,-0.39423
3780,0.98782
3781,0.98778
3782,0.98666
3783,-0.87147
3784,-0.78275
3785,0.98924
3786,0.25278
3787,-0.46431
3788,-0.62524
3789,0.83619
3790,-0.57361
3791,0.40570
3792,0.37750
3793,-0.23819
3794,-0.28114
3795,0.95000
3796,-0.81310
3797,-0.01149
3798,0.52260
3799,-0.43774
3800,0.98400
3801,-0.70657
3802,0.37483
3803,0.94579
3804,0.99498
3805,0.99121
3806,0.17710
3807,0.98821
3808,0.98671
3809,0.99702
3810,0.80556
3811,0.93600
3812,-0.13511
3813,0.95229
3814,-0.06056
3815,0.31119
3816,-0.13611
3817,-0.95000
3818,0.43132
3819,0.01080
3820,0.98782
3821,0.31484
3822,-0.55153
3823,0.98756
3824,-0.45804
3825,-0.74208
3826,-0.63091
3827,-0.15357
3828,0.09182
3829,-0.54970
3830,0.98782
3831,-0.47764
3832,-0.11481
3833,0.98782
3834,0.00822
3835,0.37867
3836,0.61958
3837,0.11762
3838,0.99938
3839,-0.59833
3840,0.64373
3841,0.08431
3842,-0.62762
3843,0.01226
3844,0.98848
3845,0.98782
3846,0.42257
3847,0.09652
3848,0.78848
3849,-0.75735
3850,0.28280
3851,0.88938
3852,0.98491
3853,-0.84520
3854,0.85013
3855,0.81250
3856,0.99423
3857,0.99934
3858,0.98782
3859,-0.81067
3860,-0.48774
3861,-0.57375
3862,-0.94012
3863,0.49821
3864,0.98782
3865,-0.26944
3866,0.93815
3867,0.75833
3868,0.25500
3869,-0.03041
3870,0.98848
3871,-0.27750
3872,0.09143
3873,0.58996
3874,0.55888
3875,-0.38245
3876,-0.93372
3877,0.53917
3878,-0.38464
3879,0.98782
3880,-0.58921
3881,0.84774
3882,-0.51991
3883,-0.66845
3884,0.28045
3885,0.95778
3886,-0.42125
3887,-0.49234
3888,0.52831
3889,-0.02250
3890,0.99569
3891,0.10833
3892,0.72454
3893,-0.29046
3894,-0.27819
3895,0.18918
3896,-0.60703
3897,-0.82260
3898,-0.08393
3899,0.98782
3900,0.82138
3901,-0.03648
3902,-0.09000
3903,0.94701
3904,0.98782
3905,0.89164
3906,0.57558
3907,-0.00033
3908,0.84955
3909,-0.46660
3910,0.96708
3911,0.98782
3912,0.94934
3913,0.25269
3914,0.98884
3915,0.98848
3916,0.76875
3917,0.30083
3918,-0.63434
3919,-0.68631
3920,0.94887
3921,0.23903
3922,1.00000
3923,0.22002
3924,0.98782
3925,0.98782
3926,0.98964
3927,0.98782
3928,0.98903
3929,0.02667
3930,-0.80760
3931,0.98782
3932,0.98848
3933,0.06056
3934,0.98782
3935,0.97467
3936,0.99286
3937,0.08363
3938,-0.19973
3939,-0.68621
3940,0.99934
3941,0.97228
3942,-0.92500
3943,-0.65893
3944,0.99663
3945,0.89967
3946,-0.89355
3947,0.93587
3948,0.47000
3949,0.98334
3950,0.89448
3951,0.88832
3952,0.20406
3953,0.85000
3954,-0.56729
3955,0.99544
3956,0.98782
3957,-0.29682
3958,0.77500
3959,0.39235
3960,0.98782
3961,-0.90226
3962,0.98848
3963,-0.49249
3964,0.98782
3965,0.60551
3966,-0.43380
3967,0.98782
3968,0.98693
3969,-0.13524
3970,0.90978
3971,-0.80030
3972,-0.00647
3973,0.79890
3974,0.98782
3975,0.36667
3976,0.98782
3977,0.81429
3978,-0.33081
3979,0.90389
3980,0.98848
3981,0.98782
3982,0.98782
3983,0.81792
3984,-0.56779
3985,0.97550
3986,-0.86210
3987,-0.02546
3988,0.85000
3989,0.98605
3990,-0.15727
3991,0.98782
3992,0.99958
3993,0.27115
3994,-0.00033
3995,0.98439
3996,0.98782
3997,-0.72390
3998,-0.54821
3999,-0.44286
4000,0.80516
4001,0.89325
4002,0.98782
4003,-0.41667
4004,0.16532
4005,0.57569
4006,-0.02190
4007,-0.10744
4008,0.46048
4009,-0.24350
4010,-0.71241
4011,0.13982
4012,-0.92504
4013,1.00000
4014,0.98724
4015,0.69286
4016,0.23897
4017,-0.85212
4018,0.98782
4019,0.92000
4020,-0.50752
4021,-0.74721
4022,0.90792
4023,0.78651
4024,-0.10795
4025,0.01184
4026,0.80833
4027,-0.03185
4028,-0.35769
4029,0.98782
4030,-0.79873
4031,0.75000
4032,-0.10482
4033,0.94934
4034,-0.35952
4035,0.82909
4036,-0.22993
4037,0.98864
4038,-0.53625
4039,-0.93771
4040,-0.77255
4041,0.37095
4042,0.98554
4043,0.45000
4044,0.13699
4045,-0.33929
4046,-0.02589
4047,-0.09548
4048,-0.10033
4049,0.96166
4050,0.36752
4051,-0.89798
4052,0.29126
4053,-0.98577
4054,-0.98386
4055,0.36288
4056,-0.32667
4057,0.32222
4058,0.99967
4059,-0.79234
4060,0.90000
4061,0.27285
4062,0.51927
4063,0.71535
4064,0.97463
4065,-0.05018
4066,-0.26458
4067,0.98782
4068,-0.66179
4069,-0.79442
4070,0.60000
4071,0.98887
4072,0.98782
4073,0.94636
4074,-0.05647
4075,-0.13139
4076,0.00000
4077,0.98782
4078,0.85417
4079,0.03602
4080,0.66500
4081,0.03750
4082,-0.66667
4083,0.98782
4084,0.17167
4085,-0.05512
4086,0.70116
4087,0.00000
4088,0.23449
4089,0.45530
4090,-0.89545
4091,-0.58102
4092,-0.04233
4093,0.98782
4094,0.98782
4095,0.01954
4096,-0.59875
4097,0.83726
4098,0.99934
4099,0.84934
4100,0.98782
4101,0.98782
4102,0.52500
4103,0.16816
4104,0.99002
4105,1.00000
4106,0.99221
4107,0.56667
4108,0.58814
4109,0.61322
4110,-0.39797
4111,0.72661
4112,0.98782
4113,-0.94211
4114,0.98622
4115,0.94988
4116,0.98782
4117,0.98782
4118,0.95637
4119,-0.01212
4120,0.98629
4121,0.90897
4122,-0.00022
4123,-0.79387
4124,0.98782
4125,-0.64854
4126,-0.58500
4127,0.96166
4128,0.32013
4129,0.98598
4130,0.81996
4131,0.63036
4132,0.63107
4133,0.99254
4134,0.92035
4135,0.98782
4136,-0.07149
4137,-0.17462
4138,0.82475
4139,-0.80305
4140,0.87909
4141,0.73958
4142,-0.84234
4143,0.19971
4144,0.15604
4145,-0.17540
4146,0.99934
4147,0.95695
4148,-0.44363
4149,0.51325
4150,0.02778
4151,0.64003
4152,0.59722
4153,0.98782
4154,0.02500
4155,0.15931
4156,0.29029
4157,0.98848
4158,-0.59682
4159,-0.02778
4160,0.00000
4161,0.98782
4162,0.60833
4163,-0.58443
4164,0.91667
4165,0.98782
4166,0.03065
4167,-0.03427
4168,0.89982
4169,0.98782
4170,0.02500
4171,0.94056
4172,0.98782
4173,0.91920
4174,0.84934
4175,-0.56775
4176,-0.98496
4177,-0.12457
4178,0.98782
4179,-0.24619
4180,-0.43831
4181,0.98848
4182,-0.99053
4183,0.02933
4184,0.83167
4185,0.78636
4186,-0.79618
4187,1.00000
4188,-0.73485
4189,-0.00964
4190,-0.98634
4191,0.99473
4192,0.92505
4193,0.98782
4194,0.29232
4195,-0.89184
4196,-0.24440
4197,-0.36679
4198,0.45320
4199,0.95000
4200,-0.23071
4201,0.98927
4202,0.98848
4203,0.94938
4204,-0.24832
4205,0.14670
4206,0.45333
4207,-0.63585
4208,0.50525
4209,0.36032
4210,-0.49733
4211,-0.09000
4212,-0.96775
4213,0.40833
4214,0.98932
4215,0.69500
4216,0.68220
4217,0.07271
4218,0.60250
4219,0.74333
4220,-0.44295
4221,0.99604
4222,0.40000
4223,0.98884
4224,-0.52139
4225,-0.26946
4226,0.98782
4227,0.84666
4228,0.49013
4229,0.98887
4230,-0.77549
4231,-0.08889
4232,-0.79091
4233,0.77778
4234,0.98782
4235,0.98782
4236,0.69076
4237,0.52889
4238,0.15000
4239,0.43940
4240,-0.09444
4241,-0.67091
4242,0.79167
4243,-0.09408
4244,0.17366
4245,0.98848
4246,-0.09145
4247,-0.34986
4248,0.32539
4249,0.00000
4250,-0.68045
4251,-0.21244
4252,0.82038
4253,0.09500
4254,-0.11079
4255,0.99002
4256,0.02906
4257,-0.47276
4258,0.10429
4259,1.00000
4260,0.89934
4261,0.13333
4262,-0.13824
4263,0.94089
4264,-0.05476
4265,-0.54467
4266,0.10536
4267,-0.00033
4268,0.98505
4269,0.51429
4270,0.39351
4271,0.98862
4272,0.30119
4273,-0.39795
4274,0.98782
4275,0.04979
4276,0.96700
4277,0.89576
4278,-0.38080
4279,0.99569
4280,0.45694
4281,-0.05033
4282,-0.74474
4283,-0.75935
4284,-0.01814
4285,-0.90428
4286,0.99473
4287,-0.69475
4288,0.98848
4289,-0.37733
4290,-0.93332
4291,0.99353
4292,0.54327
4293,0.98782
4294,-0.69143
4295,0.43678
4296,0.34076
4297,0.30044
4298,0.32109
4299,-0.19821
4300,0.98782
4301,0.72132
4302,-0.15996
4303,0.34417
4304,0.91788
4305,0.90606
4306,0.72976
4307,0.98782
4308,-0.50732
4309,-0.38848
4310,-0.59451
4311,-0.63233
4312,0.12708
4313,0.89938
4314,0.00000
4315,0.34613
4316,0.04539
4317,-0.13861
4318,-0.75929
4319,-0.94217
4320,-0.89682
4321,0.98782
4322,-0.36366
4323,-0.12512
4324,0.13909
4325,-0.39772
4326,-0.79690
4327,0.02917
4328,0.94576
4329,0.98782
4330,0.98782
4331,-0.00033
4332,0.10534
4333,0.23451
4334,0.09811
4335,-0.97395
4336,0.98782
4337,-0.26375
4338,0.98649
4339,-0.20303
4340,-0.41000
4341,0.99391
4342,-0.57988
4343,-0.13833
4344,-0.43578
4345,0.53250
4346,0.98848
4347,0.98782
4348,0.63619
4349,-0.03264
4350,-0.11500
4351,0.98782
4352,0.98590
4353,0.99620
4354,0.79927
4355,0.26461
4356,0.03636
4357,0.04568
4358,0.05000
4359,1.00000
4360,0.98782
4361,0.32723
4362,0.52222
4363,-0.03095
4364,-0.81018
4365,0.99934
4366,0.98782
4367,0.98782
4368,0.88846
4369,0.26500
4370,0.77536
4371,0.98848
4372,0.91742
4373,0.98782
4374,-0.82067
4375,-0.05139
4376,-0.89837
4377,0.98782
4378,0.66497
4379,-0.20476
4380,-0.05012
4381,-1.00000
4382,0.98782
4383,0.04647
4384,-0.98270
4385,0.98943
4386,-0.25888
4387,0.88035
4388,-0.00827
4389,0.99934
4390,-0.02512
4391,0.44000
4392,0.89609
4393,0.88279
4394,0.03512
4395,0.87657
4396,-0.57738
4397,0.37888
4398,0.33125
4399,0.71844
4400,0.26174
4401,0.80161
4402,0.50750
4403,0.98592
4404,0.44127
4405,-0.32657
4406,0.19929
4407,-0.25929
4408,0.99167
4409,-0.11449
4410,0.93649
4411,0.78333
4412,0.07477
4413,-0.39329
4414,0.98782
4415,0.99654
4416,0.84373
4417,-0.93782
4418,-0.02369
4419,-0.32589
4420,-0.07768
4421,0.98782
4422,-0.00033
4423,0.02356
4424,-0.68505
4425,0.76000
4426,0.06000
4427,-0.07875
4428,-0.69510
4429,-0.39500
4430,-0.80992
4431,0.98575
4432,0.72064
4433,0.65368
4434,0.88035
4435,0.15833
4436,-0.81346
4437,0.99877
4438,0.88115
4439,-0.45912
4440,-0.47569
4441,-0.61548
4442,-0.05238
4443,-0.98847
4444,0.91631
4445,0.00004
4446,0.43824
4447,0.98848
4448,-0.70625
4449,-0.80864
4450,-0.19173
4451,0.52044
4452,-0.17429
4453,0.92944
4454,0.98848
4455,0.91069
4456,0.60767
4457,0.98782
4458,-0.02667
4459,0.85736
4460,-0.03670
4461,-0.17762
4462,0.31952
4463,0.36606
4464,0.51536
4465,0.58592
4466,0.98782
4467,-0.21091
4468,0.64735
4469,0.98431
4470,-0.98939
4471,0.88556
4472,-0.15333
4473,-0.98486
4474,-0.01588
4475,0.97546
4476,-0.02500
4477,0.85000
4478,0.50569
4479,0.98782
4480,0.91405
4481,-0.74994
4482,0.94645
4483,0.91667
4484,-0.22522
4485,0.02467
4486,0.93016
4487,0.89579
4488,-0.78895
4489,-0.53708
4490,0.79726
4491,-0.37943
4492,-0.05000
4493,0.98782
4494,-0.46548
4495,-0.63167
4496,0.62778
4497,0.99618
4498,0.41545
4499,0.98848
4500,0.98782
4501,-0.06742
4502,-0.99719
4503,0.68889
4504,0.98782
4505,0.98782
4506,-0.28228
4507,0.43136
4508,-0.24167
4509,0.98782
4510,0.98782
4511,0.23108
4512,0.86774
4513,0.98400
4514,0.95000
4515,-0.49779
4516,-0.16500
4517,-0.49400
4518,0.85029
4519,-0.65841
4520,-0.18300
4521,0.01853
4522,0.85719
4523,0.80000
4524,0.15420
4525,-0.98797
4526,0.90000
4527,0.37430
4528,-0.83161
4529,0.03999
4530,-0.51571
4531,-0.06299
4532,0.93547
4533,0.99934
4534,-0.00033
4535,0.93854
4536,-0.77952
4537,0.00667
4538,0.98848
4539,0.99934
4540,0.08630
4541,-0.77841
4542,-0.30202
4543,-0.00093
4544,0.42881
4545,-0.04623
4546,0.98782
4547,-0.34154
4548,0.98782
4549,-0.27513
4550,0.98782
4551,0.77954
4552,-0.00033
4553,0.82652
4554,1.00000
4555,0.92749
4556,0.90000
4557,-0.93362
4558,0.27537
4559,0.03333
4560,-0.00022
4561,-0.30606
4562,0.98782
4563,-0.20000
4564,-0.98558
4565,0.96557
4566,0.98784
4567,0.85512
4568,-0.24014
4569,0.98782
4570,0.09028
4571,0.20754
4572,0.84138
4573,-0.14859
4574,-0.87842
4575,-0.01932
4576,-0.85352
4577,1.00000
4578,0.74778
4579,-0.00033
4580,0.01071
4581,0.34444
4582,0.79250
4583,0.34302
4584,-0.06000
4585,0.12381
4586,0.98782
4587,-0.54591
4588,0.16227
4589,0.28667
4590,-0.11556
4591,0.55593
4592,-0.10119
4593,0.51000
4594,-0.55718
4595,0.61535
4596,0.28500
4597,0.98782
4598,0.48056
4599,0.98848
4600,-0.02917
4601,0.35769
4602,0.98782
4603,-0.37095
4604,-0.10033
4605,-0.32384
4606,-0.23413
4607,0.75909
4608,-0.73889
4609,0.00421
4610,-0.53182
4611,-0.46833
4612,-0.22612
4613,0.05349
4614,0.98848
4615,0.16250
4616,-0.76667
4617,-0.36667
4618,-0.11754
4619,-0.26332
4620,0.90667
4621,-0.94273
4622,-0.78786
4623,0.93125
4624,0.98312
4625,0.21038
4626,-0.65952
4627,0.98598
4628,0.99894
4629,-0.36497
4630,0.60739
4631,-0.68974
4632,0.66325
4633,-0.33774
4634,-0.07500
4635,0.22619
4636,-0.25011
4637,0.98848
4638,-0.64750
4639,0.17071
4640,-0.55423
4641,0.99663
4642,0.34396
4643,0.98782
4644,0.94738
4645,0.06726
4646,0.20784
4647,0.98848
4648,-0.16272
4649,0.70778
4650,-0.46996
4651,0.99576
4652,-0.02028
4653,0.38303
4654,0.66505
4655,0.98864
4656,0.15272
4657,0.98332
4658,0.46857
4659,0.86153
4660,-0.87813
4661,-0.07786
4662,-0.02742
4663,-0.98376
4664,0.75166
4665,-0.32684
4666,0.22121
4667,1.00000
4668,-0.57080
4669,0.98864
4670,0.28282
4671,0.93842
4672,0.05000
4673,-0.92857
4674,-0.13542
4675,0.98848
4676,0.98848
4677,-0.40544
4678,-0.36890
4679,-0.08189
4680,0.91333
4681,0.46234
4682,0.11250
4683,0.41432
4684,-0.66731
4685,-0.79351
4686,0.95915
4687,0.98431
4688,0.41667
4689,-0.00022
4690,0.72652
4691,-0.40273
4692,-0.33000
4693,-0.55166
4694,-0.89217
4695,0.00455
4696,-0.68329
4697,0.06285
4698,0.02051
4699,0.40500
4700,-0.21238
4701,0.00000
4702,0.88190
4703,-0.61084
4704,-0.20182
4705,0.95000
4706,0.99663
4707,0.98848
4708,-0.24663
4709,0.98782
4710,-0.37129
4711,0.64690
4712,-0.30876
4713,-0.72285
4714,0.99728
4715,-0.08144
4716,0.72500
4717,0.89221
4718,0.98782
4719,-0.30045
4720,0.97434
4721,0.34566
4722,0.01490
4723,0.98848
4724,0.98782
4725,0.53483
4726,0.13423
4727,0.60175
4728,-0.45000
4729,0.29686
4730,0.28299
4731,0.89097
4732,0.85528
4733,0.74120
4734,0.44734
4735,-0.78655
4736,-0.08250
4737,0.35620
4738,0.37738
4739,0.85444
4740,0.91688
4741,0.98782
4742,0.50335
4743,-0.31983
4744,-0.01806
4745,0.35306
4746,0.98525
4747,-0.02591
4748,0.69790
4749,0.85242
4750,-0.69583
4751,-0.31083
4752,-0.00064
4753,0.58958
4754,0.88749
4755,0.98782
4756,0.78976
4757,-0.93874
4758,-0.32917
4759,-0.60268
4760,-0.00022
4761,0.85388
4762,0.98622
4763,0.99767
4764,1.00000
4765,0.98782
4766,-0.18500
4767,-0.72062
4768,0.89518
4769,0.98782
4770,0.84660
4771,0.98782
4772,-0.45682
4773,-0.64167
4774,0.20024
4775,-0.02371
4776,0.45333
4777,0.62500
4778,-0.30000
4779,-0.02250
4780,-0.23878
4781,0.37817
4782,0.05333
4783,0.96321
4784,-0.00022
4785,-0.10020
4786,-0.75769
4787,0.67500
4788,-0.79199
4789,0.67701
4790,0.98782
4791,-0.86116
4792,0.99663
4793,0.69158
4794,0.94728
4795,0.93480
4796,-0.10676
4797,-0.54250
4798,-0.98275
4799,0.25000
4800,-0.69999
4801,0.39643
4802,0.72862
4803,0.99187
4804,0.98782
4805,-0.66867
4806,-0.01403
4807,0.98782
4808,-0.85533
4809,-0.33884
4810,0.84500
4811,0.85000
4812,0.98848
4813,0.99934
4814,0.98782
4815,-0.20000
4816,0.44983
4817,0.26182
4818,0.14830
4819,-0.84692
4820,0.84584
4821,-0.01488
4822,0.86556
4823,-0.98659
4824,-0.30359
4825,-0.29495
4826,0.82921
4827,-0.79863
4828,0.12844
4829,-0.67097
4830,-0.00012
4831,-0.41133
4832,-0.05605
4833,-0.78954
4834,0.98782
4835,0.90000
4836,0.95762
4837,-0.00012
4838,-0.60467
4839,-0.53034
4840,-0.33232
4841,-0.60208
4842,0.87273
4843,0.98848
4844,-0.51667
4845,-0.28944
4846,0.93500
4847,0.55015
4848,-0.87713
4849,0.01142
4850,-0.26753
4851,0.81469
4852,0.60000
4853,0.98782
4854,0.98782
4855,-0.16750
4856,0.34881
4857,0.98855
4858,1.00000
4859,-0.94185
4860,0.85000
4861,0.57361
4862,0.60722
4863,-0.28702
4864,-0.30114
4865,0.62138
4866,0.94097
4867,-0.28943
4868,0.40583
4869,-0.34199
4870,0.05000
4871,-0.04167
4872,0.29022
4873,-0.75329
4874,0.99618
4875,-0.59274
4876,-0.16212
4877,-0.89130
4878,0.98782
4879,0.85695
4880,-0.19256
4881,-0.12179
4882,-0.00022
4883,0.45155
4884,0.84789
4885,-0.05376
4886,0.45762
4887,-0.69549
4888,0.99323
4889,0.38443
4890,-0.00033
4891,0.85708
4892,0.95000
4893,0.21673
4894,-0.00033
4895,0.36792
4896,0.98473
4897,0.12167
4898,0.99668
4899,0.34611
4900,0.98782
4901,-0.36548
4902,-0.20853
4903,-0.11532
4904,-0.03250
4905,0.99160
4906,0.98864
4907,0.32167
4908,0.43306
4909,0.37661
4910,-0.30000
4911,0.76695
4912,0.54750
4913,0.98600
4914,-0.62833
4915,0.31772
4916,0.98782
4917,0.62000
4918,-0.03896
4919,0.23983
4920,0.98782
4921,-0.37139
4922,0.21748
4923,0.98622
4924,-0.36476
4925,0.76791
4926,0.76129
4927,0.84144
4928,0.81235
4929,0.98848
4930,-0.00033
4931,-0.99662
4932,-0.00033
4933,0.76517
4934,0.98525
4935,-0.13139
4936,-0.92768
4937,0.47440
4938,0.63295
4939,0.98848
4940,-0.63683
4941,-0.09028
4942,-0.18287
4943,0.00000
4944,0.98782
4945,-1.00000
4946,0.98592
4947,0.06571
4948,-0.31208
4949,-0.78321
4950,-0.21093
4951,0.98782
4952,-0.30833
4953,0.98603
4954,-0.00022
4955,0.16655
4956,0.03315
4957,-0.20873
4958,-0.69793
4959,0.77667
4960,0.86667
4961,0.99576
4962,0.98622
4963,-0.15000
4964,-0.00033
4965,0.72766
4966,-0.12287
4967,-0.26667
4968,0.37417
4969,-0.57417
4970,-0.91057
4971,0.98782
4972,0.85000
4973,-0.72365
4974,-0.98187
4975,0.65833
4976,1.00000
4977,0.62167
4978,-0.33548
4979,-0.13357
4980,-0.60095
4981,0.07762
4982,0.99576
4983,-0.25705
4984,0.84473
4985,-0.62594
4986,0.98782
4987,0.72500
4988,0.30417
4989,0.83028
4990,-0.12606
4991,-0.67316
4992,-0.25167
4993,-0.02769
4994,0.98848
4995,0.98622
4996,-0.62498
4997,0.98782
4998,0.90300
4999,0.79756
5000,-0.99619
5001,0.88489
5002,-0.98707
5003,0.29940
5004,0.98724
5005,-0.72888
5006,-0.18552
5007,0.40053
5008,0.28145
5009,0.94686
5010,0.98718
5011,-0.52276
5012,-0.02074
5013,0.95668
5014,0.51905
5015,-0.00372
5016,0.98611
5017,-0.36250
5018,0.98794
5019,-0.03333
5020,-0.18135
5021,0.53412
5022,0.18403
5023,0.98782
5024,0.60965
5025,0.98821
5026,0.99681
5027,0.73750
5028,0.66771
5029,0.49435
5030,0.69500
5031,0.98782
5032,1.00000
5033,0.77598
5034,-0.52847
5035,0.98848
5036,-0.98904
5037,0.98782
5038,0.06516
5039,0.41472
5040,0.96049
5041,0.49565
5042,-0.16198
5043,0.39674
5044,-0.05022
5045,0.86065
5046,0.14206
5047,0.46000
5048,0.98821
5049,0.98431
5050,0.44688
5051,0.70596
5052,0.79167
5053,0.27143
5054,-0.99305
5055,-0.72908
5056,0.98782
5057,0.91667
5058,0.92715
5059,0.74167
5060,0.98848
5061,-0.12485
5062,0.98782
5063,0.31470
5064,0.34635
5065,-0.91596
5066,-0.04976
5067,0.85708
5068,-0.44000
5069,0.98782
5070,0.48333
5071,0.48580
5072,0.94029
5073,0.31826
5074,0.81353
5075,-0.05033
5076,-0.39792
5077,0.01857
5078,-0.06836
5079,0.98782
5080,0.99576
5081,0.17444
5082,0.98801
5083,0.96025
5084,-0.30817
5085,-0.14295
5086,0.80241
5087,-0.89667
5088,0.73097
5089,-0.01298
5090,0.18976
5091,0.98782
5092,0.43269
5093,-0.52383
5094,0.03524
5095,0.99216
5096,0.12989
5097,-0.05012
5098,-0.20220
5099,0.23403
5100,0.07149
5101,0.98821
5102,0.99792
5103,-0.38443
5104,0.67110
5105,0.30481
5106,0.48269
5107,0.99019
5108,0.73920
5109,-0.49990
5110,0.38338
5111,0.35960
5112,0.53428
5113,-0.07244
5114,0.09110
5115,0.98848
5116,0.88585
5117,0.98594
5118,0.74001
5119,0.66200
5120,-0.16917
5121,0.66775
5122,-0.78928
5123,-0.89807
5124,0.98782
5125,0.18534
5126,0.00000
5127,0.98848
5128,-0.37867
5129,0.59583
5130,-0.28810
5131,0.25697
5132,-0.26667
5133,0.98782
5134,0.99052
5135,-0.95053
5136,0.71165
5137,-0.44106
5138,0.99158
5139,0.95000
5140,-0.46370
5141,1.00000
5142,-0.22873
5143,-0.61783
5144,0.10167
5145,0.87747
5146,0.86199
5147,-0.19583
5148,0.07963
5149,0.28252
5150,0.98782
5151,-0.85415
5152,0.12143
5153,0.78333
5154,-0.98700
5155,-0.29500
5156,0.98782
5157,-0.30032
5158,-0.42431
5159,0.98782
5160,0.24607
5161,-0.20878
5162,0.97611
5163,0.99934
5164,0.83983
5165,0.43988
5166,0.98782
5167,-0.98892
5168,0.00562
5169,-0.00012
5170,-0.82581
5171,0.88750
5172,0.26330
5173,0.56875
5174,-0.44464
5175,-0.03333
5176,0.98724
5177,-0.20254
5178,-0.02980
5179,0.98622
5180,-0.48750
5181,-0.08750
5182,0.16333
5183,0.13703
5184,0.05000
5185,-0.16122
5186,0.60000
5187,0.44530
5188,-0.71341
5189,0.99996
5190,0.98821
5191,-0.12874
5192,0.96088
5193,-0.67395
5194,0.61578
5195,0.59666
5196,-0.94737
5197,-0.04610
5198,-0.19466
5199,0.39917
5200,-0.06093
5201,-0.14083
5202,0.93125
5203,0.98782
5204,0.94728
5205,0.98782
5206,-0.52165
5207,-0.50085
5208,-0.78691
5209,-0.00012
5210,-0.35278
5211,0.75443
5212,0.11238
5213,0.02467
5214,-0.03712
5215,0.75907
5216,0.05559
5217,0.98848
5218,0.98782
5219,0.98782
5220,0.98782
5221,0.94728
5222,-0.75000
5223,-0.98606
5224,-0.37083
5225,0.35918
5226,0.50310
5227,0.17071
5228,-0.88198
5229,-0.51125
5230,0.88594
5231,-0.11087
5232,-0.98660
5233,-0.73693
5234,0.72810
5235,0.98334
5236,-0.16477
5237,-0.78892
5238,-0.08346
5239,0.02825
5240,0.98782
5241,0.94091
5242,0.10658
5243,-0.02500
5244,0.88670
5245,0.00000
5246,0.41353
5247,0.98782
5248,0.77500
5249,0.90000
5250,0.98782
5251,-0.00033
5252,0.10885
5253,0.75625
5254,0.99576
5255,0.98848
5256,0.45167
5257,0.45833
5258,0.67116
5259,0.93934
5260,0.33753
5261,0.74914
5262,0.25750
5263,0.98848
5264,-0.14022
5265,0.01417
5266,-0.00012
5267,-0.05000
5268,-0.85000
5269,-0.13772
5270,-0.23619
5271,-0.30517
5272,0.99068
5273,0.99605
5274,0.98782
5275,0.14972
5276,0.88940
5277,-0.39247
5278,0.02485
5279,0.30985
5280,-0.00033
5281,0.28333
5282,0.98782
5283,-0.06559
5284,-0.42638
5285,-0.64031
5286,-0.35000
5287,-0.09778
5288,-0.34469
5289,0.56667
5290,0.43189
5291,0.53774
5292,0.26557
5293,0.95767
5294,0.98848
5295,0.06377
5296,0.97050
5297,0.97817
5298,-0.21405
5299,0.91158
5300,0.46250
5301,0.88214
5302,0.98334
5303,0.72045
5304,-0.03621
5305,-0.70427
5306,0.23992
5307,0.95000
5308,-0.62416
5309,0.21086
5310,0.98864
5311,0.20417
5312,-0.10022
5313,0.82857
5314,0.98782
5315,-0.21030
5316,-0.03333
5317,0.79760
5318,-0.00022
5319,-0.40385
5320,-0.22361
5321,0.45249
5322,-0.16071
5323,-0.95000
5324,0.98848
5325,0.89167
5326,-0.35667
5327,0.77877
5328,0.98724
5329,0.18850
5330,-0.81337
5331,-0.44000
5332,0.43375
5333,-0.04262
5334,0.96988
5335,0.98782
5336,0.03738
5337,0.50799
5338,0.16499
5339,0.95556
5340,0.99156
5341,-0.73574
5342,-0.10317
5343,0.98887
5344,-0.27667
5345,-0.71667
5346,0.21833
5347,0.07445
5348,-0.04038
5349,-0.57145
5350,0.98848
5351,0.86447
5352,0.64500
5353,0.01395
5354,0.98782
5355,0.01833
5356,0.98782
5357,0.56714
5358,0.76429
5359,-0.80586
5360,0.98782
5361,-0.89204
5362,0.98848
5363,1.00000
5364,0.98848
5365,0.18226
5366,-0.71016
5367,0.73240
5368,0.30018
5369,0.50250
5370,0.32639
5371,0.99576
5372,0.51061
5373,0.11063
5374,0.99763
5375,0.98782
5376,0.93848
5377,0.52000
5378,0.29167
5379,0.89085
5380,0.71365
5381,-0.74883
5382,-0.29167
5383,-0.31287
5384,0.98303
5385,-0.27556
5386,0.98864
5387,0.98782
5388,-0.24530
5389,-0.82559
5390,0.01609
5391,0.21766
5392,0.90000
5393,-0.35796
5394,-0.03636
5395,0.99118
5396,0.98782
5397,0.89701
5398,0.89448
5399,0.98782
5400,-0.66390
5401,0.66005
5402,-0.73606
5403,0.06731
5404,0.98848
5405,-0.85954
5406,-0.26224
5407,0.00662
5408,-0.83926
5409,0.60793
5410,0.51429
5411,0.98782
5412,0.98334
5413,-0.72377
5414,0.67129
5415,0.85434
5416,-0.98900
5417,0.98782
5418,-0.98133
5419,0.80666
5420,0.98821
5421,0.71816
5422,-0.89895
5423,0.79908
5424,-0.08778
5425,0.94576
5426,0.89472
5427,0.88930
5428,0.98439
5429,-0.68228
5430,0.44282
5431,0.25421
5432,0.98400
5433,-0.28452
5434,0.85000
5435,-0.09778
5436,0.65530
5437,-0.92844
5438,-0.94315
5439,-0.83182
5440,-0.98605
5441,0.84319
5442,0.08086
5443,0.37333
5444,-0.04567
5445,-0.14371
5446,-0.84779
5447,0.98782
5448,-0.50360
5449,-0.73077
5450,-0.38109
5451,0.61538
5452,0.98782
5453,0.79668
5454,0.78333
5455,-0.62954
5456,-0.67125
5457,0.99111
5458,0.98848
5459,-0.25594
5460,-0.21716
5461,0.78889
5462,-0.35417
5463,-0.51381
5464,0.81857
5465,-0.09250
5466,0.80880
5467,0.48750
5468,0.98821
5469,0.98782
5470,-0.70621
5471,0.65000
5472,0.98782
5473,0.98782
5474,0.98848
5475,0.87000
5476,0.07903
5477,-0.26250
5478,0.74711
5479,0.98782
5480,-0.45370
5481,0.98950
5482,0.79543
5483,0.97644
5484,1.00000
5485,0.99934
5486,-0.34750
5487,0.75934
5488,0.87915
5489,-0.76594
5490,0.83341
5491,0.98782
5492,0.67778
5493,0.86391
5494,0.00000
5495,-0.76033
5496,-0.24452
5497,-0.72143
5498,0.66712
5499,0.84083
5500,0.92572
5501,-0.16089
5502,0.64417
5503,-0.69954
5504,0.74792
5505,-0.02357
5506,-0.78350
5507,0.98848
5508,-0.61032
