1,0.95159
2,0.39966
3,-0.51781
4,0.97368
5,-0.15867
6,0.87708
7,0.79339
8,-0.81520
9,0.54041
10,0.94777
11,0.80088
12,-0.44169
13,-0.67735
14,-0.27622
15,0.92842
16,-0.06547
17,0.66538
18,0.56513
19,0.86576
20,0.34063
21,-0.24311
22,0.88933
23,-0.52470
24,0.86267
25,-0.90967
26,-0.62094
27,0.82607
28,0.79465
29,0.96418
30,0.95145
31,-0.69209
32,0.76739
33,0.89635
34,0.78420
35,0.81696
36,-0.64302
37,0.65869
38,0.23419
39,0.91028
40,-0.08045
41,0.87618
42,0.10776
43,0.99571
44,0.93897
45,-0.77380
46,-0.10870
47,-0.82103
48,-0.15975
49,-0.61714
50,-0.72172
51,0.93457
52,0.92564
53,0.82867
54,-0.74891
55,0.92532
56,0.93679
57,0.93857
58,0.87072
59,-0.35813
60,-0.14671
61,-0.60570
62,0.84769
63,0.98148
64,0.39503
65,0.34490
66,-0.69231
67,-0.82081
68,-0.33057
69,-0.00390
70,-0.67581
71,0.88080
72,0.88204
73,0.51544
74,-0.75271
75,0.90315
76,-0.09719
77,0.89677
78,-0.44902
79,0.66008
80,0.86624
81,0.93305
82,-0.67180
83,0.17844
84,0.17264
85,-0.84286
86,0.87726
87,-0.00229
88,-0.14779
89,0.89431
90,0.60638
91,0.77413
92,0.76613
93,-0.27340
94,0.53604
95,0.97505
96,-0.19979
97,0.60592
98,-0.80181
99,0.98756
100,0.96336
101,0.70725
102,0.94056
103,0.96954
104,0.77670
105,0.79297
106,0.85497
107,0.77893
108,-0.29356
109,-0.58763
110,-0.84558
111,0.91428
112,0.89311
113,-0.37035
114,-0.30683
115,-0.44861
116,0.04545
117,-0.31288
118,0.81007
119,0.02215
120,-0.45349
121,0.88807
122,0.99273
123,-0.16808
124,0.04687
125,0.57308
126,0.91299
127,0.96293
128,0.94322
129,0.46417
130,0.68905
131,-0.59051
132,0.85997
133,-0.69631
134,0.85489
135,0.89219
136,-0.55828
137,-0.72961
138,0.61968
139,0.87263
140,-0.78497
141,0.29311
142,-0.81762
143,-0.15262
144,-0.55729
145,0.73969
146,0.59968
147,-0.23277
148,0.88894
149,0.96518
150,-0.18552
151,-0.19998
152,0.90156
153,-0.74244
154,0.94784
155,0.98869
156,0.96034
157,0.74987
158,-0.03113
159,0.94423
160,0.78245
161,0.91525
162,0.85773
163,-0.69547
164,0.63725
165,0.86007
166,0.96095
167,0.81198
168,-0.00906
169,-0.64895
170,0.94581
171,-0.84148
172,0.05785
173,-0.23935
174,0.83017
175,-0.92045
176,-0.03888
177,0.97589
178,0.55412
179,-0.14666
180,-0.29889
181,0.90188
182,0.96515
183,0.92235
184,-0.15434
185,0.96969
186,0.94513
187,0.92229
188,0.87027
189,-0.15442
190,-0.31061
191,0.95868
192,-0.75898
193,0.08286
194,0.94944
195,-0.96154
196,-0.83858
197,0.98198
198,-0.86980
199,-0.93229
200,0.98645
201,0.88006
202,0.98685
203,0.79271
204,0.81537
205,0.97804
206,0.67244
207,0.73084
208,0.63271
209,0.92140
210,0.96795
211,0.96109
212,-0.87505
213,0.99309
214,0.97122
215,0.89918
216,0.98444
217,0.85674
218,-0.97140
219,0.19010
220,0.23418
221,0.84897
222,0.94973
223,-0.55204
224,0.36798
225,-0.03740
226,-0.33543
227,0.92929
228,0.76111
229,0.92158
230,0.33485
231,0.88741
232,0.28286
233,-0.09577
234,0.98069
235,0.81791
236,0.98314
237,0.93272
238,0.08972
239,-0.35892
240,-0.78727
241,-0.12689
242,0.92183
243,0.49853
244,-0.08940
245,0.93665
246,-0.09044
247,0.71400
248,-0.97184
249,-0.68564
250,0.22934
251,0.59286
252,-0.87338
253,-0.74691
254,0.92401
255,0.97521
256,0.94636
257,-0.54995
258,0.81258
259,0.28255
260,-0.12152
261,-0.80958
262,0.97524
263,0.69765
264,0.75317
265,-0.11832
266,0.99790
267,0.47588
268,0.95623
269,0.71569
270,-0.86756
271,0.51530
272,-0.13231
273,0.79764
274,-0.01686
275,0.81146
276,-0.45326
277,0.78238
278,-0.00644
279,0.87493
280,-0.32802
281,0.25168
282,0.92159
283,0.95480
284,0.95727
285,-0.39618
286,0.92814
287,-0.11336
288,0.88171
289,-0.73192
290,-0.26306
291,-0.69825
292,0.98346
293,0.98410
294,-0.50622
295,0.48503
296,0.97118
297,0.76923
298,0.23317
299,0.85497
300,0.85388
301,-0.92609
302,0.90341
303,-0.37185
304,-0.95261
305,0.90130
306,0.81551
307,-0.74775
308,-0.12104
309,0.62901
310,0.96825
311,-0.54510
312,0.22892
313,0.92377
314,-0.62516
315,-0.25424
316,-0.51977
317,0.83889
318,-0.13860
319,0.89903
320,0.31535
321,0.89524
322,-0.04027
323,0.93851
324,-0.80150
325,-0.35231
326,-0.05363
327,0.98870
328,0.90963
329,0.92531
330,0.70460
331,-0.27858
332,0.27407
333,0.94419
334,0.93592
335,-0.80520
336,-0.20921
337,0.64602
338,-0.42300
339,0.93632
340,0.87483
341,0.00972
342,-0.85621
343,0.92683
344,-0.16463
345,-0.70052
346,0.98273
347,0.30766
348,-0.00257
349,-0.46575
350,-0.98455
351,0.76641
352,0.98569
353,0.93947
354,-0.11996
355,0.81129
356,-0.66077
357,0.13984
358,0.96280
359,0.89936
360,-0.07650
361,0.99295
362,0.97776
363,0.84823
364,-0.00007
365,0.67585
366,-0.28083
367,-0.11372
368,0.89775
369,-0.02678
370,-0.73578
371,0.06670
372,0.98493
373,0.88580
374,-0.78841
375,-0.59478
376,0.82409
377,0.77491
378,-0.80333
379,0.78401
380,0.07408
381,-0.04559
382,-0.39236
383,-0.32548
384,-0.15054
385,-0.39990
386,0.95282
387,-0.03330
388,0.62738
389,-0.04922
390,0.92115
391,0.97671
392,0.78373
393,0.77870
394,-0.64841
395,0.40577
396,0.91120
397,0.16377
398,-0.05821
399,0.99172
400,0.90937
401,0.64396
402,-0.73548
403,0.01939
404,-0.12162
405,0.76810
406,-0.02140
407,0.90692
408,0.98527
409,0.95093
410,-0.84076
411,-0.30855
412,0.97262
413,-0.91075
414,0.19503
415,-0.01614
416,-0.77350
417,0.93297
418,-0.00010
419,0.15496
420,-0.76347
421,0.97145
422,-0.07708
423,-0.09146
424,0.94586
425,-0.02087
426,-0.12687
427,0.94956
428,0.93201
429,0.86601
430,0.88775
431,0.97090
432,-0.36828
433,0.73025
434,-0.69237
435,0.11958
436,-0.06442
437,0.91502
438,0.76980
439,-0.73875
440,-0.67741
441,-0.54877
442,-0.63810
443,0.89958
444,0.28989
445,-0.79464
446,0.99924
447,0.04685
448,0.92902
449,0.97378
450,-0.40233
451,0.51589
452,-0.67664
453,-0.04078
454,0.95968
455,0.92655
456,-0.31687
457,0.01044
458,0.89101
459,-0.17943
460,0.97054
461,0.38067
462,0.84421
463,0.70504
464,0.32833
465,-0.65928
466,0.82105
467,0.91471
468,0.91239
469,0.99626
470,-0.54332
471,-0.77002
472,0.91992
473,0.91056
474,0.93631
475,0.49499
476,0.52175
477,-0.79420
478,0.58820
479,0.96010
480,0.60622
481,0.89150
482,0.25271
483,0.93760
484,0.93418
485,0.10423
486,0.01769
487,0.98880
488,0.91317
489,0.91884
490,-0.64019
491,0.95760
492,0.15272
493,0.88169
494,0.94192
495,0.21354
496,0.87251
497,0.92918
498,0.97705
499,0.98876
500,0.41697
501,0.04581
502,-0.00762
503,0.97304
504,0.96126
505,0.08708
506,0.89105
507,-0.89731
508,0.71006
509,0.00792
510,0.47984
511,0.69913
512,0.92186
513,0.63790
514,0.96130
515,0.84779
516,0.95902
517,-0.77002
518,0.74755
519,-0.01496
520,0.70200
521,-0.19896
522,-0.83009
523,0.95432
524,-0.12884
525,0.85063
526,0.35191
527,0.03502
528,-0.45762
529,0.95471
530,0.99973
531,0.40230
532,-0.06439
533,0.63110
534,0.88088
535,-0.61422
536,0.09451
537,-0.35099
538,-0.46006
539,0.15861
540,0.98710
541,-0.42056
542,-0.77310
543,0.54306
544,-0.05337
545,-0.12107
546,0.95661
547,0.75697
548,0.46827
549,-0.21405
550,-0.25810
551,0.93990
552,0.92764
553,0.90227
554,0.28754
555,0.91320
556,0.88632
557,-0.55557
558,0.94284
559,0.99806
560,0.47427
561,0.58046
562,0.44744
563,0.87988
564,0.89165
565,0.91512
566,0.93056
567,-0.55849
568,0.48911
569,-0.33774
570,-0.75374
571,-0.11299
572,0.02101
573,0.89272
574,-0.82067
575,-0.68542
576,-0.07189
577,-0.08933
578,0.89312
579,-0.70779
580,-0.74138
581,0.90187
582,0.61552
583,-0.55699
584,-0.02216
585,-0.87478
586,0.75755
587,0.94807
588,-0.00872
589,0.93568
590,0.82720
591,-0.06452
592,0.97771
593,0.89530
594,0.81839
595,0.94562
596,-0.74700
597,-0.01042
598,0.23265
599,0.78171
600,0.96836
601,-0.64258
602,-0.91975
603,-0.87944
604,0.91234
605,-0.84703
606,-0.31661
607,0.14642
608,0.45443
609,-0.75597
610,-0.82528
611,-0.16227
612,-0.44667
613,-0.01378
614,0.62921
615,-0.04918
616,0.96685
617,-0.09039
618,0.86452
619,-0.18375
620,0.68659
621,-0.47341
622,0.95956
623,0.37149
624,-0.61559
625,-0.87360
626,0.92464
627,-0.42583
628,0.91097
629,0.95516
630,0.93251
631,0.97572
632,0.41097
633,0.93682
634,-0.92238
635,-0.75084
636,0.86742
637,-0.06797
638,-0.73611
639,-0.13669
640,0.93862
641,-0.24067
642,-0.15857
643,-0.07406
644,0.62098
645,0.97524
646,-0.00917
647,0.72681
648,0.90189
649,-0.30584
650,-0.93173
651,-0.68774
652,0.63942
653,-0.10644
654,-0.39997
655,0.96057
656,-0.75566
657,0.91764
658,-0.16486
659,-0.46972
660,-0.62607
661,0.09586
662,0.77809
663,0.22186
664,-0.30159
665,0.72435
666,0.90275
667,0.95035
668,0.13811
669,-0.86247
670,-0.41675
671,0.98596
672,-0.64736
673,0.79391
674,0.54351
675,0.00050
676,-0.03002
677,-0.77720
678,-0.00972
679,0.46038
680,0.38129
681,0.81351
682,-0.79309
683,-0.70948
684,-0.46746
685,-0.51400
686,0.84113
687,-0.48696
688,0.11984
689,0.94087
690,0.94595
691,-0.52590
692,-0.67586
693,0.74490
694,-0.64427
695,0.24927
696,-0.30866
697,-0.83223
698,-0.01850
699,0.84923
700,0.98300
701,-0.79364
702,0.97444
703,-0.39629
704,0.99696
705,-0.37091
706,0.33891
707,-0.01823
708,0.93749
709,-0.56238
710,0.92107
711,-0.04427
712,-0.65134
713,-0.18189
714,0.50665
715,0.97543
716,-0.17763
717,0.32450
718,0.90806
719,-0.23233
720,0.79276
721,0.26667
722,0.98551
723,-0.49092
724,0.96482
725,0.20017
726,0.34805
727,0.95259
728,-0.30055
729,-0.22835
730,0.80276
731,0.94939
732,-0.46407
733,0.99678
734,0.98776
735,0.49832
736,0.81403
737,-0.67662
738,0.06723
739,0.99294
740,-0.83879
741,0.90108
742,-0.28266
743,0.99460
744,0.54461
745,0.92203
746,-0.86211
747,0.61920
748,0.87335
749,0.50401
750,-0.85188
751,-0.58010
752,0.89636
753,0.14330
754,0.96221
755,-0.01412
756,0.98068
757,-0.08615
758,0.97652
759,-0.33843
760,0.95660
761,0.69968
762,0.65162
763,0.93061
764,0.93684
765,0.39622
766,0.70456
767,-0.27196
768,-0.81246
769,0.76050
770,0.72711
771,0.15667
772,0.91083
773,-0.02978
774,-0.58736
775,-0.73957
776,0.85862
777,0.76358
778,-0.36923
779,0.98529
780,0.92432
781,-0.90229
782,0.64451
783,0.93385
784,0.97016
785,0.46790
786,0.87314
787,0.88555
788,-0.16708
789,-0.08428
790,0.52940
791,0.91680
792,-0.29749
793,0.85501
794,-0.80298
795,0.90955
796,-0.41928
797,-0.14735
798,0.14343
799,0.06342
800,0.68806
801,0.98869
802,0.79944
803,0.98236
804,0.76567
805,-0.86164
806,-0.00000
807,-0.72863
808,-0.87405
809,-0.02198
810,0.64740
811,0.38662
812,0.81888
813,0.60587
814,0.33896
815,0.18741
816,-0.17895
817,0.26378
818,-0.68439
819,0.94415
820,-0.06304
821,-0.22514
822,-0.67035
823,-0.91867
824,0.88974
825,0.08332
826,-0.67206
827,-0.24901
828,-0.82294
829,0.77431
830,0.99378
831,-0.55231
832,0.76023
833,-0.50622
834,0.77523
835,-0.11529
836,0.99255
837,0.90346
838,0.93565
839,0.61207
840,0.25205
841,0.96936
842,-0.00713
843,-0.30839
844,0.94261
845,0.90704
846,-0.15143
847,0.72534
848,-0.23307
849,0.78957
850,-0.86446
851,0.02800
852,-0.88096
853,0.51163
854,0.13034
855,0.95423
856,0.81631
857,-0.51958
858,0.84327
859,-0.08971
860,0.13143
861,-0.48214
862,0.09300
863,0.96317
864,-0.63968
865,-0.49635
866,-0.79780
867,0.96459
868,-0.85005
869,0.49160
870,-0.82951
871,-0.18257
872,0.82012
873,0.81420
874,0.90738
875,-0.21380
876,-0.77738
877,-0.67675
878,0.75372
879,0.41270
880,-0.37198
881,0.96508
882,-0.48044
883,0.76527
884,-0.02229
885,-0.02600
886,-0.62239
887,0.94842
888,-0.17538
889,0.90792
890,0.00167
891,-0.82572
892,0.94905
893,0.87881
894,-0.64885
895,0.99903
896,0.52620
897,0.99222
898,0.97238
899,0.85030
900,0.60127
901,0.97145
902,0.93838
903,0.49265
904,-0.89062
905,-0.50143
906,-0.17474
907,-0.64221
908,-0.11447
909,-0.84750
910,-0.21784
911,0.83252
912,0.93291
913,-0.29326
914,0.79483
915,-0.04031
916,0.61802
917,0.95019
918,0.98718
919,-0.20087
920,-0.22063
921,-0.01389
922,0.90433
923,0.75097
924,0.98892
925,-0.06995
926,-0.55643
927,0.45404
928,-0.18425
929,0.97701
930,-0.30437
931,-0.46909
932,0.99436
933,0.92806
934,0.95257
935,-0.10312
936,-0.71563
937,0.90482
938,0.91151
939,0.86974
940,-0.46715
941,0.87750
942,-0.87851
943,-0.04185
944,-0.05174
945,-0.82429
946,0.42036
947,-0.82192
948,0.73838
949,0.38336
950,-0.08366
951,-0.71262
952,0.99275
953,-0.60752
954,-0.77271
955,0.98695
956,-0.28494
957,-0.37827
958,0.89643
959,0.94099
960,-0.40745
961,-0.33881
962,0.88674
963,0.34316
964,0.57480
965,0.79881
966,0.38473
967,0.80343
968,0.12756
969,0.95604
970,0.84900
971,0.98507
972,0.96874
973,0.94445
974,0.93086
975,0.42871
976,-0.97951
977,0.68296
978,-0.13183
979,0.55311
980,0.97785
981,-0.08071
982,-0.76782
983,0.60499
984,0.92691
985,-0.09106
986,0.86433
987,0.97979
988,-0.68859
989,-0.56667
990,0.91902
991,-0.85900
992,-0.62252
993,-0.81317
994,-0.66162
995,0.89382
996,0.26082
997,0.97372
998,0.86415
999,0.73119
1000,-0.79667
1001,0.83328
1002,0.18714
1003,0.91220
1004,-0.20865
1005,0.17360
1006,0.82980
1007,-0.23059
1008,0.68672
1009,-0.67083
1010,0.90133
1011,0.63147
1012,0.78699
1013,0.14591
1014,0.98673
1015,-0.13903
1016,0.52838
1017,0.84377
1018,-0.86089
1019,0.97348
1020,0.85291
1021,0.91706
1022,-0.88482
1023,0.80380
1024,0.84885
1025,-0.96344
1026,0.98426
1027,-0.81351
1028,0.16190
1029,0.88267
1030,-0.33576
1031,-0.23258
1032,0.05442
1033,0.39897
1034,0.91753
1035,0.91902
1036,-0.60616
1037,-0.54981
1038,0.74707
1039,0.87269
1040,0.94967
1041,-0.17525
1042,0.96858
1043,-0.79572
1044,0.93169
1045,0.94024
1046,0.58919
1047,0.85153
1048,0.85229
1049,-0.02730
1050,-0.62015
1051,0.33818
1052,0.65510
1053,-0.88525
1054,0.36943
1055,0.37107
1056,0.93027
1057,0.17389
1058,0.84910
1059,0.45539
1060,0.95276
1061,0.93656
1062,0.93905
1063,-0.55401
1064,0.63721
1065,0.96424
1066,-0.76396
1067,0.17326
1068,0.76523
1069,0.97960
1070,-0.09716
1071,0.63211
1072,0.87691
1073,0.22062
1074,0.96762
1075,-0.89181
1076,-0.03162
1077,-0.95125
1078,0.96048
1079,0.79747
1080,-0.03974
1081,-0.67148
1082,0.21497
1083,0.88841
1084,-0.88649
1085,-0.10108
1086,-0.91687
1087,0.28891
1088,0.73112
1089,-0.89758
1090,0.85839
1091,-0.57734
1092,-0.25868
1093,0.91746
1094,0.99414
1095,-0.20237
1096,0.95238
1097,-0.73759
1098,-0.22840
1099,0.95626
1100,0.21952
1101,0.46275
1102,0.88261
1103,0.74096
1104,0.84017
1105,0.46624
1106,0.66431
1107,0.64603
1108,0.17413
1109,0.82906
1110,0.92110
1111,0.94443
1112,0.98819
1113,-0.83472
1114,0.99998
1115,-0.59255
1116,0.90865
1117,-0.54625
1118,-0.88968
1119,-0.76140
1120,-0.61783
1121,-0.20342
1122,0.80469
1123,0.09479
1124,-0.97778
1125,-0.90160
1126,0.92347
1127,0.88207
1128,-0.76787
1129,0.91587
1130,0.32036
1131,-0.71477
1132,0.88998
1133,-0.78420
1134,0.11031
1135,0.30448
1136,-0.09352
1137,-0.60249
1138,-0.80350
1139,0.97163
1140,-0.76348
1141,0.93434
1142,0.79381
1143,-0.89895
1144,0.82996
1145,0.67581
1146,0.92598
1147,0.87206
1148,0.96085
1149,0.82883
1150,0.87052
1151,-0.03751
1152,-0.61072
1153,-0.23008
1154,0.95023
1155,0.95105
1156,-0.96544
1157,0.97732
1158,-0.00266
1159,0.65432
1160,0.89921
1161,-0.84043
1162,0.93442
1163,0.97635
1164,0.94651
1165,0.99187
1166,-0.82683
1167,-0.78804
1168,0.92007
1169,0.95083
1170,0.91338
1171,-0.87401
1172,0.07933
1173,0.02654
1174,0.87860
1175,0.68317
1176,0.96238
1177,0.97685
1178,0.94543
1179,-0.65539
1180,-0.94078
1181,0.43647
1182,0.87369
1183,0.12432
1184,0.69166
1185,0.98227
1186,-0.37760
1187,0.33565
1188,0.89350
1189,-0.76989
1190,-0.90939
1191,0.95059
1192,0.47387
1193,0.30683
1194,0.96504
1195,0.90365
1196,0.00355
1197,-0.79399
1198,0.59791
1199,-0.14765
1200,0.88763
1201,-0.40095
1202,-0.74877
1203,-0.75607
1204,0.75158
1205,-0.08895
1206,0.78576
1207,-0.61769
1208,0.93397
1209,0.65827
1210,-0.45258
1211,-0.84073
1212,0.13114
1213,-0.23952
1214,0.65613
1215,-0.04882
1216,-0.32267
1217,0.95093
1218,-0.45538
1219,-0.59681
1220,0.92474
1221,0.97859
1222,-0.93053
1223,-0.57818
1224,-0.73284
1225,0.66709
1226,0.95122
1227,-0.69220
1228,0.98673
1229,-0.91444
1230,-0.91010
1231,-0.93583
1232,0.88504
1233,-0.32343
1234,-0.58393
1235,-0.94361
1236,0.95237
1237,-0.45883
1238,-0.85868
1239,0.85091
1240,0.91051
1241,-0.62790
1242,0.19899
1243,-0.33373
1244,0.98916
1245,0.88452
1246,0.79811
1247,-0.34546
1248,0.75661
1249,0.02064
1250,0.95876
1251,-0.37070
1252,0.65657
1253,-0.03988
1254,-0.23299
1255,0.95075
1256,0.62839
1257,0.93569
1258,0.92612
1259,0.89493
1260,-0.01085
1261,-0.77187
1262,0.93338
1263,0.97372
1264,0.98176
1265,0.17559
1266,0.95247
1267,0.88526
1268,0.93331
1269,0.00997
1270,-0.86581
1271,0.91936
1272,-0.06119
1273,0.87280
1274,0.95207
1275,0.87627
1276,0.95818
1277,0.93265
1278,0.91062
1279,0.29832
1280,0.94023
1281,0.97446
1282,0.04348
1283,-0.42016
1284,0.90899
1285,0.92432
1286,0.79698
1287,0.95355
1288,0.85138
1289,-0.13443
1290,0.98534
1291,0.94882
1292,0.67220
1293,-0.60349
1294,0.89541
1295,0.91778
1296,0.66965
1297,0.44036
1298,0.90818
1299,0.83661
1300,-0.93103
1301,-0.28094
1302,0.84344
1303,0.90010
1304,0.43956
1305,0.98064
1306,-0.36000
1307,0.87173
1308,0.75440
1309,-0.00381
1310,0.82148
1311,0.91306
1312,0.99113
1313,-0.06089
1314,0.95655
1315,0.81741
1316,-0.70960
1317,-0.63574
1318,0.80382
1319,-0.71873
1320,-0.69741
1321,-0.71119
1322,0.29035
1323,-0.00902
1324,0.46444
1325,0.93133
1326,-0.94829
1327,0.13285
1328,-0.85992
1329,0.94287
1330,0.80206
1331,0.65686
1332,-0.10940
1333,0.53041
1334,0.87040
1335,0.90877
1336,-0.66665
1337,-0.43976
1338,0.78459
1339,0.94721
1340,0.90120
1341,-0.44677
1342,-0.26756
1343,-0.52094
1344,-0.23696
1345,-0.15822
1346,0.23646
1347,0.95141
1348,0.92477
1349,-0.88298
1350,-0.74851
1351,0.93181
1352,0.93922
1353,0.87523
1354,0.99634
1355,0.56929
1356,0.87825
1357,0.94175
1358,0.90067
1359,-0.65924
1360,0.92006
1361,0.95758
1362,0.96590
1363,0.95169
1364,0.58773
1365,0.47201
1366,-0.16614
1367,0.79486
1368,0.02056
1369,0.71884
1370,0.84623
1371,-0.06337
1372,-0.07179
1373,0.99199
1374,0.89067
1375,0.88395
1376,0.78832
1377,0.75001
1378,-0.74158
1379,0.86337
1380,0.06379
1381,0.93267
1382,-0.05585
1383,-0.54268
1384,-0.39606
1385,0.98698
1386,0.89545
1387,-0.87338
1388,0.89495
1389,-0.13516
1390,0.46634
1391,0.79777
1392,0.21966
1393,-0.14256
1394,-0.37882
1395,-0.49135
1396,-0.94213
1397,-0.72047
1398,0.80250
1399,-0.91177
1400,0.30838
1401,0.92827
1402,0.97125
1403,-0.48121
1404,0.99164
1405,-0.26706
1406,0.89063
1407,0.22301
1408,-0.59869
1409,0.67332
1410,0.88671
1411,0.44939
1412,-0.02383
1413,-0.71923
1414,0.85354
1415,0.98907
1416,0.50720
1417,0.94530
1418,-0.07479
1419,0.97849
1420,0.96129
1421,-0.79670
1422,0.97739
1423,0.13716
1424,0.89546
1425,0.42991
1426,0.92810
1427,0.99935
1428,0.05979
1429,-0.18402
1430,-0.32269
1431,0.61011
1432,0.86085
1433,0.82681
1434,0.82784
1435,-0.87407
1436,0.59768
1437,0.91447
1438,0.90176
1439,-0.01861
1440,0.94703
1441,0.94685
1442,-0.71757
1443,0.66951
1444,0.86636
1445,-0.14315
1446,0.45873
1447,-0.83919
1448,-0.63024
1449,-0.77155
1450,-0.11231
1451,-0.69004
1452,-0.46527
1453,-0.21584
1454,0.95609
1455,0.92470
1456,0.87796
1457,0.87453
1458,-0.20053
1459,-0.14366
1460,-0.86062
1461,0.94430
1462,-0.60873
1463,0.86799
1464,0.94696
1465,-0.01457
1466,0.83487
1467,-0.18736
1468,0.96411
1469,0.86950
1470,0.40134
1471,-0.61855
1472,0.66217
1473,0.63017
1474,0.94357
1475,0.03885
1476,-0.89285
1477,-0.09151
1478,-0.57867
1479,0.84780
1480,-0.08591
1481,-0.17409
1482,-0.05532
1483,0.99224
1484,-0.18005
1485,0.99989
1486,-0.20725
1487,-0.25210
1488,-0.91867
1489,0.81497
1490,-0.71370
1491,-0.05653
1492,-0.47871
1493,0.99481
1494,0.19813
1495,0.81654
1496,-0.85743
1497,-0.68766
1498,-0.04136
1499,-0.34593
1500,0.64224
1501,-0.21419
1502,-0.46238
1503,-0.80560
1504,-0.01464
1505,0.97052
1506,-0.70183
1507,-0.69443
1508,0.92826
1509,0.99568
1510,0.63788
1511,0.80414
1512,-0.79631
1513,0.87101
1514,-0.84447
1515,0.74422
1516,0.03476
1517,-0.56125
1518,0.95802
1519,0.66942
1520,0.91368
1521,0.13966
1522,0.94885
1523,0.93818
1524,0.92627
1525,-0.48709
1526,0.91922
1527,-0.30794
1528,-0.91975
1529,0.76165
1530,0.15571
1531,0.55176
1532,0.85976
1533,-0.46232
1534,0.39409
1535,0.73508
1536,-0.75126
1537,0.99325
1538,0.93277
1539,-0.54897
1540,-0.80183
1541,-0.63698
1542,0.97362
1543,0.70218
1544,-0.03360
1545,0.90577
1546,-0.00961
1547,0.98904
1548,0.99085
1549,0.98508
1550,0.22157
1551,0.54430
1552,-0.41629
1553,0.88063
1554,-0.52805
1555,0.17635
1556,-0.30873
1557,-0.63578
1558,0.52243
1559,0.77949
1560,0.78082
1561,0.73193
1562,0.91704
1563,0.97499
1564,0.02857
1565,-0.63386
1566,-0.86847
1567,0.83138
1568,-0.09355
1569,0.88587
1570,-0.77460
1571,-0.74389
1572,-0.11515
1573,0.85822
1574,0.95988
1575,0.40348
1576,0.06446
1577,0.65803
1578,0.59196
1579,0.30414
1580,0.86970
1581,0.80504
1582,-0.10531
1583,0.83525
1584,-0.79685
1585,0.75080
1586,0.88387
1587,0.08045
1588,0.11874
1589,0.79226
1590,0.01765
1591,0.98983
1592,-0.82234
1593,0.84541
1594,0.33723
1595,0.96974
1596,-0.24402
1597,-0.72733
1598,0.97670
1599,-0.03943
1600,0.87036
1601,-0.41987
1602,0.18963
1603,-0.94100
1604,0.90801
1605,0.91377
1606,0.99207
1607,0.97536
1608,-0.25436
1609,0.58747
1610,0.80708
1611,-0.84547
1612,0.56057
1613,-0.63776
1614,-0.92094
1615,-0.78072
1616,-0.86671
1617,-0.44770
1618,-0.89193
1619,-0.75958
1620,0.85442
1621,0.71723
1622,-0.85573
1623,0.94871
1624,-0.92269
1625,-0.00219
1626,0.38966
1627,0.73475
1628,0.85910
1629,-0.48449
1630,0.86668
1631,-0.27066
1632,0.47409
1633,-0.01639
1634,0.97035
1635,-0.64218
1636,0.78225
1637,0.47199
1638,0.21033
1639,-0.88004
1640,-0.38808
1641,-0.02429
1642,0.94421
1643,-0.80638
1644,-0.90202
1645,0.68007
1646,-0.55396
1647,-0.85067
1648,0.58048
1649,0.94376
1650,0.82987
1651,0.67755
1652,0.96932
1653,-0.91263
1654,-0.80680
1655,0.94639
1656,0.93485
1657,0.93711
1658,0.26526
1659,0.60403
1660,-0.48812
1661,-0.99331
1662,0.97044
1663,-0.30468
1664,0.94543
1665,0.97717
1666,0.76821
1667,-0.98119
1668,-0.21463
1669,0.64722
1670,-0.83237
1671,0.73468
1672,0.75282
1673,-0.77291
1674,0.93826
1675,0.78605
1676,0.93843
1677,-0.78030
1678,0.95554
1679,0.87741
1680,-0.85497
1681,0.95967
1682,-0.75187
1683,0.97782
1684,0.90235
1685,0.76345
1686,-0.85615
1687,-0.69932
1688,-0.43959
1689,-0.45987
1690,0.86373
1691,0.95986
1692,-0.87073
1693,-0.88341
1694,-0.69613
1695,0.63374
1696,0.47532
1697,0.93245
1698,0.93926
1699,0.90231
1700,0.20537
1701,-0.61055
1702,0.87519
1703,0.91364
1704,0.82809
1705,-0.19461
1706,0.96967
1707,-0.55730
1708,0.88611
1709,0.33240
1710,0.88165
1711,-0.07503
1712,0.89600
1713,0.77943
1714,0.76040
1715,0.21227
1716,0.79635
1717,0.57675
1718,-0.70774
1719,-0.12750
1720,0.76182
1721,0.96212
1722,0.65711
1723,0.92558
1724,-0.16166
1725,0.95195
1726,0.67028
1727,0.92491
1728,-0.94143
1729,0.35392
1730,-0.75962
1731,-0.92819
1732,0.63819
1733,-0.63293
1734,0.97527
1735,-0.35842
1736,-0.84399
1737,0.96677
1738,0.98219
1739,0.72578
1740,-0.89121
1741,0.88478
1742,0.08902
1743,0.97946
1744,0.79316
1745,0.12659
1746,0.83148
1747,0.96924
1748,0.03074
1749,0.10882
1750,0.88584
1751,0.12589
1752,-0.71216
1753,0.90807
1754,0.71708
1755,0.94597
1756,0.82372
1757,0.95021
1758,0.81122
1759,0.91040
1760,-0.10647
1761,-0.90190
1762,0.99651
1763,-0.16318
1764,-0.05659
1765,0.98678
1766,-0.85652
1767,-0.51030
1768,-0.79689
1769,-0.04994
1770,-0.67738
1771,0.04948
1772,0.77533
1773,0.62309
1774,0.84683
1775,0.99043
1776,0.93270
1777,-0.74749
1778,0.96376
1779,0.87820
1780,0.63611
1781,-0.65171
1782,0.98874
1783,0.89583
1784,-0.84453
1785,0.94366
1786,-0.19402
1787,-0.77333
1788,-0.39471
1789,0.98134
1790,0.93003
1791,-0.80312
1792,-0.67967
1793,0.32787
1794,-0.88115
1795,0.10889
1796,-0.05007
1797,0.96643
1798,0.95680
1799,-0.72784
1800,0.60968
1801,0.16774
1802,0.94514
1803,0.91054
1804,-0.80820
1805,-0.82494
1806,-0.19792
1807,-0.64114
1808,0.94808
1809,0.93256
1810,0.75304
1811,0.92808
1812,-0.72761
1813,-0.79306
1814,-0.70464
1815,0.83503
1816,0.81688
1817,0.75116
1818,-0.81231
1819,0.42878
1820,-0.85054
1821,0.96773
1822,0.47965
1823,-0.77189
1824,0.31405
1825,0.34344
1826,0.93281
1827,0.51754
1828,-0.82959
1829,0.84051
1830,0.97470
1831,-0.58318
1832,0.92306
1833,-0.02866
1834,-0.44076
1835,-0.43419
1836,-0.08924
1837,-0.12869
1838,0.96924
1839,0.59127
1840,-0.92453
1841,-0.91105
1842,-0.37634
1843,0.91625
1844,0.98802
1845,0.98021
1846,0.97419
1847,-0.86524
1848,-0.74667
1849,0.84727
1850,0.97234
1851,0.93465
1852,-0.96535
1853,0.87288
1854,-0.60283
1855,-0.20780
1856,0.99577
1857,0.86433
1858,0.90619
1859,-0.94128
1860,-0.79633
1861,-0.17125
1862,0.85220
1863,0.31870
1864,0.21117
1865,-0.25261
1866,-0.83858
1867,-0.65840
1868,0.91273
1869,-0.03147
1870,-0.61743
1871,-0.02326
1872,0.61385
1873,0.94774
1874,0.95789
1875,0.19079
1876,0.95285
1877,-0.80162
1878,0.96389
1879,0.62776
1880,-0.96252
1881,0.84133
1882,0.55522
1883,0.93005
1884,-0.01287
1885,-0.03460
1886,0.89280
1887,0.97425
1888,0.00446
1889,-0.78412
1890,-0.96225
1891,0.78700
1892,0.75533
1893,0.98538
1894,-0.81724
1895,0.88248
1896,0.47947
1897,0.95056
1898,0.65159
1899,0.98421
1900,0.97569
1901,0.97802
1902,0.89793
1903,0.93991
1904,0.90457
1905,-0.70686
1906,0.94530
1907,-0.04374
1908,-0.58232
1909,-0.68787
1910,0.00656
1911,-0.27795
1912,0.05126
1913,0.37277
1914,-0.89646
1915,-0.13392
1916,0.70815
1917,-0.69532
1918,0.85833
1919,0.31736
1920,0.57600
1921,0.77028
1922,0.97753
1923,0.85991
1924,0.96046
1925,0.73108
1926,0.24485
1927,0.70400
1928,0.89385
1929,0.95291
1930,-0.47824
1931,-0.53706
1932,0.88515
1933,0.92568
1934,-0.13702
1935,0.62010
1936,0.99049
1937,0.97529
1938,-0.10536
1939,0.91613
1940,-0.12943
1941,0.88573
1942,-0.93909
1943,-0.83512
1944,-0.52024
1945,-0.70257
1946,0.83220
1947,0.76495
1948,0.86058
1949,0.99788
1950,0.65141
1951,-0.56866
1952,-0.41391
1953,-0.02532
1954,0.91887
1955,0.27297
1956,0.90921
1957,0.92344
1958,0.93298
1959,-0.80353
1960,0.97692
1961,0.73801
1962,-0.80541
1963,-0.09061
1964,0.45398
1965,0.96812
1966,-0.89211
1967,0.95529
1968,0.17751
1969,0.95706
1970,-0.87531
1971,0.30337
1972,-0.19087
1973,0.55869
1974,0.89843
1975,0.88515
1976,0.41086
1977,-0.83098
1978,0.57718
1979,-0.64443
1980,-0.69688
1981,0.63246
1982,0.90299
1983,0.15417
1984,0.74214
1985,0.88903
1986,0.99117
1987,-0.52208
1988,0.26939
1989,0.95587
1990,-0.93246
1991,0.57671
1992,-0.08762
1993,0.70149
1994,0.91599
1995,-0.87346
1996,0.17085
1997,-0.20171
1998,0.87994
1999,0.40835
2000,-0.68209
2001,-0.60294
2002,-0.10487
2003,-0.01346
2004,-0.89177
2005,0.90007
2006,0.98117
2007,-0.76199
2008,0.11182
2009,0.90457
2010,0.74159
2011,0.87910
2012,-0.11683
2013,-0.89578
2014,0.18473
2015,0.90242
2016,-0.70752
2017,0.96625
2018,0.97165
2019,-0.73067
2020,0.97955
2021,0.78995
2022,0.94263
2023,-0.65936
2024,0.95081
2025,-0.01326
2026,0.97290
2027,0.99369
2028,0.99074
2029,-0.75727
2030,-0.92841
2031,0.11085
2032,-0.24334
2033,-0.72880
2034,0.89396
2035,-0.10789
2036,0.79854
2037,0.27567
2038,-0.77729
2039,0.80705
2040,-0.25373
2041,-0.24746
2042,0.92340
2043,0.45924
2044,0.92252
2045,0.95045
2046,0.97477
2047,0.80093
2048,0.03362
2049,0.91902
2050,-0.26243
2051,0.25237
2052,-0.77617
2053,-0.84721
2054,0.82862
2055,0.90688
2056,0.95787
2057,0.66393
2058,-0.91159
2059,0.24985
2060,-0.72024
2061,-0.09095
2062,0.80491
2063,0.98053
2064,-0.37168
2065,0.80357
2066,0.92588
2067,0.87385
2068,0.13723
2069,0.97887
2070,-0.75334
2071,0.99370
2072,-0.89873
2073,0.94859
2074,-0.18660
2075,-0.44009
2076,-0.41750
2077,0.94083
2078,0.01539
2079,-0.59999
2080,-0.78575
2081,0.54790
2082,0.97446
2083,-0.02444
2084,-0.70217
2085,0.96811
2086,-0.12488
2087,0.92060
2088,-0.60613
2089,0.59643
2090,0.85756
2091,0.95106
2092,0.95030
2093,0.93728
2094,-0.45842
2095,0.81887
2096,-0.84737
2097,0.86639
2098,-0.20339
2099,0.74483
2100,0.06769
2101,-0.06541
2102,-0.91324
2103,0.90628
2104,0.67068
2105,0.89349
2106,0.47112
2107,-0.67139
2108,0.99433
2109,-0.33332
2110,0.98051
2111,-0.81726
2112,0.90153
2113,0.98191
2114,0.96936
2115,0.88560
2116,0.95428
2117,0.01061
2118,0.00330
2119,-0.24084
2120,-0.00236
2121,-0.89185
2122,0.93582
2123,0.09590
2124,0.45550
2125,0.98383
2126,0.98548
2127,0.39677
2128,0.01132
2129,0.97192
2130,0.64065
2131,0.72292
2132,-0.05452
2133,0.59153
2134,-0.68988
2135,-0.72536
2136,0.91450
2137,0.85326
2138,0.45592
2139,-0.10929
2140,0.96424
2141,0.91644
2142,0.96659
2143,0.97597
2144,-0.48423
2145,-0.52899
2146,0.88331
2147,0.64245
2148,0.75702
2149,-0.83072
2150,0.86597
2151,0.60637
2152,-0.49254
2153,0.61639
2154,0.83188
2155,0.91715
2156,-0.59065
2157,0.94750
2158,0.95442
2159,0.25805
2160,0.88381
2161,0.90578
2162,-0.48408
2163,0.82335
2164,-0.45819
2165,0.54644
2166,-0.14141
2167,0.96212
2168,-0.91144
2169,0.65606
2170,0.95283
2171,-0.69699
2172,0.94154
2173,-0.32354
2174,0.99594
2175,0.69307
2176,0.95720
2177,0.97378
2178,0.92449
2179,-0.66930
2180,0.26652
2181,-0.11740
2182,0.96926
2183,0.76027
2184,-0.88702
2185,0.94268
2186,0.42337
2187,-0.82174
2188,0.53619
2189,0.86243
2190,0.97992
2191,0.94835
2192,0.21988
2193,-0.08784
2194,-0.20690
2195,0.97292
2196,0.85275
2197,-0.46717
2198,-0.63858
2199,-0.27881
2200,-0.84432
2201,0.81208
2202,-0.30487
2203,-0.95912
2204,-0.92634
2205,-0.15609
2206,0.75744
2207,0.85342
2208,0.02934
2209,0.74159
2210,0.55734
2211,0.03903
2212,-0.78721
2213,-0.70817
2214,-0.87096
2215,0.95599
2216,0.80374
2217,-0.45774
2218,-0.69673
2219,0.80465
2220,0.59286
2221,0.91156
2222,0.28358
2223,-0.79901
2224,-0.23843
2225,0.94609
2226,0.49882
2227,-0.62340
2228,0.73429
2229,-0.30616
2230,0.82021
2231,0.94713
2232,0.92543
2233,0.50096
2234,0.90412
2235,0.88384
2236,-0.50206
2237,0.13334
2238,0.99173
2239,0.91708
2240,-0.82615
2241,0.97760
2242,0.99619
2243,0.89133
2244,-0.01004
2245,-0.23375
2246,-0.34033
2247,0.54179
2248,-0.79915
2249,-0.25671
2250,0.67736
2251,0.93777
2252,0.98661
2253,0.92841
2254,-0.70176
2255,0.96653
2256,-0.76109
2257,0.83777
2258,0.09396
2259,-0.20696
2260,0.65928
2261,-0.90018
2262,0.10738
2263,0.94488
2264,-0.29686
2265,-0.82575
2266,-0.92704
2267,0.65657
2268,0.98322
2269,0.85372
2270,0.40952
2271,0.47721
2272,0.96869
2273,0.04026
2274,0.02894
2275,0.94918
2276,0.89416
2277,-0.69329
2278,0.77916
2279,-0.73771
2280,-0.76575
2281,0.90732
2282,0.94628
2283,0.79232
2284,0.74773
2285,0.97247
2286,-0.86502
2287,-0.48345
2288,0.78192
2289,-0.61894
2290,0.14866
2291,-0.84966
2292,0.91965
2293,-0.31221
2294,-0.85566
2295,0.94940
2296,0.56462
2297,-0.70757
2298,0.88578
2299,-0.49895
2300,0.81190
2301,0.45226
2302,0.89668
2303,-0.05355
2304,-0.37717
2305,0.88251
2306,0.66389
2307,0.94829
2308,-0.90152
2309,0.94961
2310,0.86257
2311,-0.63189
2312,-0.43007
2313,-0.71520
2314,0.96067
2315,-0.09472
2316,-0.50880
2317,0.87361
2318,0.96350
2319,0.19079
2320,0.98635
2321,0.91117
2322,0.95434
2323,0.98059
2324,-0.73741
2325,0.76733
2326,0.90633
2327,0.79425
2328,-0.87358
2329,-0.38457
2330,0.95965
2331,-0.79424
2332,0.77701
2333,-0.82594
2334,0.46021
2335,-0.87621
2336,0.92222
2337,-0.42836
2338,-0.63594
2339,0.92231
2340,0.89138
2341,0.97937
2342,0.91142
2343,-0.27113
2344,0.94894
2345,0.87995
2346,-0.78678
2347,0.83673
2348,0.93265
2349,0.08885
2350,-0.56485
2351,0.91945
2352,0.06555
2353,-0.63812
2354,0.95664
2355,0.96684
2356,0.94091
2357,-0.13286
2358,-0.72481
2359,-0.88683
2360,0.72998
2361,0.90415
2362,-0.70027
2363,-0.19964
2364,0.80344
2365,-0.33194
2366,-0.12787
2367,-0.05204
2368,0.61422
2369,-0.74370
2370,-0.88365
2371,0.91126
2372,0.51366
2373,0.15704
2374,0.78697
2375,0.77469
2376,0.93921
2377,0.92203
2378,-0.60249
2379,0.96149
2380,-0.03893
2381,0.79781
2382,0.90822
2383,0.86698
2384,-0.91449
2385,0.97608
2386,0.95884
2387,0.03458
2388,0.97004
2389,-0.65966
2390,0.07630
2391,0.90306
2392,0.21201
2393,0.96077
2394,-0.58797
2395,-0.42806
2396,-0.10216
2397,0.11605
2398,-0.61395
2399,0.83919
2400,-0.05053
2401,-0.63014
2402,-0.31196
2403,0.95839
2404,-0.11661
2405,-0.64145
2406,-0.79279
2407,0.91730
2408,0.97059
2409,0.11184
2410,-0.96740
2411,0.75135
2412,-0.58290
2413,0.91203
2414,0.89634
2415,0.74913
2416,0.88426
2417,0.94903
2418,-0.58503
2419,0.85184
2420,0.97448
2421,0.31118
2422,-0.31969
2423,0.42512
2424,-0.55326
2425,-0.03807
2426,0.90617
2427,0.96776
2428,0.22234
2429,0.94283
2430,-0.02811
2431,-0.24021
2432,0.53442
2433,0.83795
2434,0.36816
2435,-0.92912
2436,0.93345
2437,0.77394
2438,0.12538
2439,0.97207
2440,0.89342
2441,-0.81200
2442,0.76138
2443,0.94856
2444,0.88792
2445,0.91032
2446,-0.77124
2447,0.42798
2448,0.67325
2449,0.95171
2450,0.91629
2451,-0.14264
2452,0.94281
2453,-0.10446
2454,-0.73991
2455,0.97016
2456,-0.68526
2457,0.70368
2458,0.70319
2459,-0.64825
2460,-0.14168
2461,0.63851
2462,-0.77257
2463,0.83582
2464,0.13628
2465,-0.90689
2466,-0.77048
2467,0.93418
2468,0.02226
2469,0.86324
2470,-0.17895
2471,0.89717
2472,-0.77488
2473,0.89513
2474,0.91328
2475,0.99342
2476,-0.72406
2477,-0.02046
2478,-0.02533
2479,-0.15034
2480,0.96569
2481,-0.43168
2482,0.95240
2483,0.18776
2484,-0.19307
2485,-0.51803
2486,-0.13367
2487,-0.20279
2488,-0.07816
2489,0.78739
2490,0.75308
2491,0.94220
2492,0.78582
2493,-0.05322
2494,-0.30002
2495,0.96195
2496,0.95319
2497,-0.16878
2498,0.93972
2499,-0.94791
2500,-0.12728
2501,0.96101
2502,0.96457
2503,0.04531
2504,0.93689
2505,0.93482
2506,-0.56253
2507,0.94639
2508,0.94126
2509,0.93390
2510,0.98421
2511,-0.71110
2512,-0.84146
2513,0.29621
2514,0.48877
2515,-0.45406
2516,-0.19347
2517,0.48717
2518,-0.60241
2519,-0.14043
2520,0.79313
2521,-0.69705
2522,-0.95215
2523,-0.06610
2524,0.87693
2525,0.93574
2526,0.85329
2527,0.57483
2528,0.02972
2529,0.98541
2530,0.03426
2531,0.20687
2532,0.82870
2533,0.90431
2534,-0.95394
2535,0.95066
2536,-0.47216
2537,0.94882
2538,-0.78788
2539,-0.21846
2540,0.95596
2541,-0.09624
2542,0.94958
2543,0.88836
2544,0.64619
2545,0.98555
2546,0.43268
2547,0.92955
2548,0.95940
2549,0.39395
2550,0.58875
2551,0.43814
2552,0.36353
2553,0.75891
2554,0.85080
2555,0.80234
2556,-0.93022
2557,-0.85997
2558,0.97224
2559,-0.52486
2560,-0.78990
2561,0.51394
2562,-0.71428
2563,0.89554
2564,-0.67197
2565,0.73676
2566,0.89748
2567,0.95483
2568,0.97425
2569,0.48546
2570,-0.03612
2571,0.61536
2572,-0.40161
2573,-0.34507
2574,-0.93655
2575,0.75835
2576,0.80001
2577,0.83985
2578,0.50642
2579,-0.79102
2580,-0.69505
2581,-0.74682
2582,0.62369
2583,0.90846
2584,0.45581
2585,0.16069
2586,0.93000
2587,-0.33969
2588,0.88986
2589,0.86613
2590,-0.87603
2591,-0.34419
2592,-0.18753
2593,-0.23379
2594,-0.27597
2595,-0.30040
2596,-0.84202
2597,-0.25387
2598,0.96337
2599,-0.07819
2600,-0.76066
2601,0.82031
2602,-0.97626
2603,-0.47075
2604,0.94634
2605,-0.18458
2606,-0.52824
2607,-0.95487
2608,0.07845
2609,-0.03863
2610,0.85035
2611,0.96330
2612,0.96875
2613,0.48597
2614,-0.59628
2615,0.93924
2616,-0.60916
2617,0.94484
2618,0.10606
2619,0.93775
2620,-0.17193
2621,0.88022
2622,-0.65048
2623,-0.93477
2624,-0.83611
2625,-0.83195
2626,0.78473
2627,0.92153
2628,0.84416
2629,-0.89153
2630,-0.23309
2631,-0.93424
2632,-0.07788
2633,0.98912
2634,0.00926
2635,0.88614
2636,-0.95686
2637,0.91581
2638,0.92051
2639,-0.96264
2640,0.84766
2641,-0.07700
2642,0.77423
2643,0.91610
2644,0.90203
2645,-0.31597
2646,-0.69540
2647,0.46416
2648,0.07360
2649,-0.07236
2650,0.94987
2651,-0.65902
2652,0.70937
2653,0.97757
2654,0.93473
2655,-0.52470
2656,-0.90132
2657,0.92446
2658,-0.40659
2659,0.82723
2660,-0.23597
2661,0.62495
2662,0.93535
2663,0.54137
2664,0.49324
2665,0.84482
2666,-0.85399
2667,-0.54624
2668,0.93176
2669,-0.43035
2670,-0.71621
2671,0.90430
2672,-0.77504
2673,0.67545
2674,0.93526
2675,-0.65960
2676,0.54093
2677,0.94666
2678,0.15044
2679,0.63962
2680,-0.14640
2681,-0.58764
2682,0.75801
2683,0.42763
2684,-0.73664
2685,-0.79503
2686,-0.51923
2687,-0.18026
2688,0.94286
2689,0.49484
2690,0.08480
2691,0.75477
2692,0.66168
2693,0.93297
2694,0.54686
2695,0.98403
2696,-0.91503
2697,0.89707
2698,0.90192
2699,0.82407
2700,0.94083
2701,-0.17827
2702,0.94218
2703,-0.74254
2704,-0.07337
2705,-0.16892
2706,0.91501
2707,0.91406
2708,0.88402
2709,0.88820
2710,-0.68538
2711,0.76379
2712,-0.00303
2713,0.83704
2714,0.52410
2715,0.96634
2716,0.63569
2717,-0.71828
2718,0.93628
2719,0.20799
2720,-0.90055
2721,0.51866
2722,-0.10152
2723,0.91306
2724,0.87578
2725,0.93139
2726,0.93034
2727,0.98528
2728,0.79875
2729,0.94830
2730,0.08677
2731,-0.20748
2732,0.81585
2733,-0.02997
2734,0.92797
2735,0.57230
2736,0.78465
2737,0.56228
2738,0.96606
2739,-0.63958
2740,-0.74625
2741,-0.47858
2742,0.66969
2743,0.95508
2744,0.71656
2745,-0.86352
2746,0.26125
2747,0.93389
2748,-0.49200
2749,-0.50870
2750,0.93164
2751,-0.66712
2752,-0.61670
2753,0.97312
2754,0.91086
2755,0.84200
2756,0.11217
2757,-0.75616
2758,0.75611
2759,0.96775
2760,0.84482
2761,-0.81710
2762,0.91365
2763,0.93844
2764,0.00201
2765,0.22882
2766,-0.74343
2767,0.93133
2768,-0.85553
2769,0.97692
2770,0.98249
2771,-0.24580
2772,-0.67951
2773,0.64589
2774,-0.68386
2775,0.20884
2776,0.86790
2777,0.84350
2778,0.93014
2779,-0.18104
2780,-0.47741
2781,-0.81520
2782,-0.94217
2783,0.42025
2784,0.03942
2785,-0.90434
2786,0.97197
2787,0.80929
2788,0.90680
2789,0.71651
2790,0.73731
2791,0.97703
2792,0.37757
2793,0.82434
2794,-0.04824
2795,0.79699
2796,-0.06163
2797,0.95651
2798,0.91046
2799,0.21977
2800,-0.77717
2801,-0.62111
2802,-0.70919
2803,-0.86180
2804,-0.87701
2805,0.83421
2806,-0.84453
2807,0.98017
2808,0.26147
2809,0.94959
2810,-0.64709
2811,-0.95750
2812,0.95697
2813,0.02039
2814,0.94560
2815,0.98761
2816,-0.50379
2817,-0.71534
2818,0.01576
2819,-0.05666
2820,-0.20380
2821,-0.09114
2822,0.35555
2823,-0.55931
2824,0.94529
2825,0.97254
2826,0.91256
2827,0.94443
2828,0.94921
2829,0.61951
2830,0.91239
2831,0.92793
2832,-0.16507
2833,-0.40971
2834,-0.07348
2835,0.78081
2836,0.94988
2837,0.96530
2838,0.13110
2839,-0.13482
2840,0.77376
2841,-0.58835
2842,-0.13652
2843,0.03374
2844,0.00957
2845,0.89891
2846,0.08274
2847,-0.05478
2848,-0.87605
2849,-0.69280
2850,-0.85230
2851,-0.71581
2852,0.63542
2853,0.96013
2854,-0.86928
2855,-0.79373
2856,-0.52787
2857,-0.69287
2858,0.85370
2859,-0.48502
2860,-0.64458
2861,-0.91308
2862,0.43792
2863,-0.72533
2864,0.51085
2865,0.99266
2866,-0.80393
2867,-0.82474
2868,0.95842
2869,-0.63634
2870,0.65148
2871,0.40993
2872,-0.58592
2873,0.86662
2874,0.97848
2875,-0.89381
2876,-0.74444
2877,-0.74563
2878,0.03326
2879,-0.91645
2880,0.89563
2881,0.32530
2882,0.95070
2883,0.95346
2884,-0.01352
2885,0.98659
2886,-0.57763
2887,0.10803
2888,-0.33140
2889,-0.92008
2890,0.89160
2891,0.83405
2892,0.86094
2893,0.16592
2894,0.03171
2895,0.94063
2896,0.98154
2897,0.95179
2898,-0.81750
2899,0.92275
2900,-0.99918
2901,0.65427
2902,0.96791
2903,-0.22509
2904,-0.41328
2905,0.93717
2906,0.96045
2907,0.94079
2908,0.90391
2909,-0.96092
2910,0.81174
2911,0.75671
2912,-0.95277
2913,0.93518
2914,-0.67365
2915,0.95003
2916,-0.01966
2917,0.97260
2918,0.95674
2919,-0.01122
2920,0.68278
2921,-0.23400
2922,0.90367
2923,-0.39135
2924,0.72760
2925,0.93975
2926,0.83806
2927,0.01668
2928,-0.07347
2929,0.94107
2930,-0.67796
2931,0.51918
2932,0.93092
2933,0.65802
2934,0.89829
2935,0.91830
2936,0.98189
2937,-0.64029
2938,0.90949
2939,0.87862
2940,-0.33583
2941,0.92151
2942,-0.26244
2943,-0.65349
2944,0.93645
2945,0.94516
2946,0.70788
2947,0.87472
2948,0.27363
2949,-0.25092
2950,0.95775
2951,-0.74121
2952,0.52062
2953,0.94534
2954,-0.89671
2955,0.84656
2956,0.83092
2957,-0.04090
2958,-0.91668
2959,0.93740
2960,-0.75256
2961,-0.18781
2962,-0.24785
2963,-0.24128
2964,0.90224
2965,-0.20979
2966,0.53171
2967,0.89143
2968,-0.20832
2969,0.92283
2970,-0.58125
2971,-0.72426
2972,0.88685
2973,0.93053
2974,0.11376
2975,-0.11334
2976,0.52965
2977,0.31709
2978,0.86674
2979,-0.31404
2980,-0.08368
2981,0.92799
2982,0.95321
2983,0.97437
2984,-0.09054
2985,-0.65301
2986,-0.82010
2987,-0.03517
2988,0.70887
2989,-0.54568
2990,0.56697
2991,0.94206
2992,0.87922
2993,-0.33000
2994,0.89240
2995,0.87904
2996,0.87507
2997,0.98959
2998,0.96910
2999,0.13797
3000,0.97112
3001,0.57107
3002,0.87582
3003,0.88008
3004,0.80902
3005,0.19930
3006,0.38735
3007,-0.71634
3008,0.93643
3009,0.81483
3010,-0.29048
3011,-0.14587
3012,0.90870
3013,0.57196
3014,-0.76785
3015,0.74031
3016,0.50732
3017,0.90856
3018,0.88389
3019,0.99466
3020,-0.36442
3021,-0.04197
3022,0.78357
3023,0.87719
3024,-0.14255
3025,0.95348
3026,-0.84274
3027,-0.94190
3028,0.02779
3029,0.91079
3030,0.02622
3031,0.86612
3032,-0.86166
3033,-0.82640
3034,0.92611
3035,-0.01322
3036,0.96770
3037,-0.70917
3038,-0.26091
3039,0.79469
3040,0.99665
3041,0.01186
3042,0.35391
3043,0.98354
3044,0.42486
3045,-0.89031
3046,0.82883
3047,0.01026
3048,-0.02611
3049,0.34998
3050,-0.77880
3051,0.89217
3052,0.96193
3053,-0.69916
3054,-0.76408
3055,0.53211
3056,0.72038
3057,-0.84791
3058,0.42998
3059,-0.63025
3060,-0.86151
3061,0.06986
3062,0.97735
3063,-0.10126
3064,0.83548
3065,-0.64933
3066,0.50295
3067,0.76389
3068,-0.06772
3069,0.91386
3070,0.98192
3071,-0.93555
3072,-0.62961
3073,0.09445
3074,0.91639
3075,0.91329
3076,-0.42771
3077,0.95172
3078,-0.74481
3079,0.20646
3080,-0.49386
3081,0.14530
3082,0.89428
3083,-0.36575
3084,0.94685
3085,0.05492
3086,-0.32802
3087,0.97709
3088,-0.73680
3089,0.61651
3090,0.63005
3091,-0.38814
3092,0.94968
3093,0.38860
3094,-0.48108
3095,-0.87807
3096,0.98348
3097,-0.58665
3098,0.85785
3099,-0.78468
3100,0.94056
3101,-0.75826
3102,0.92204
3103,-0.92185
3104,0.98718
3105,0.87594
3106,0.95541
3107,-0.07004
3108,-0.86313
3109,-0.37055
3110,0.97957
3111,0.93978
3112,0.84696
3113,-0.76901
3114,-0.74489
3115,0.01404
3116,0.87432
3117,0.89386
3118,-0.77781
3119,0.61145
3120,-0.91282
3121,-0.45743
3122,0.94112
3123,0.72868
3124,0.88938
3125,-0.85399
3126,0.92327
3127,0.67288
3128,0.09766
3129,0.98754
3130,-0.41454
3131,-0.59799
3132,0.64227
3133,-0.79445
3134,-0.76511
3135,-0.48681
3136,0.77227
3137,-0.80137
3138,0.95281
3139,0.96600
3140,0.05657
3141,0.95305
3142,0.87260
3143,-0.09013
3144,-0.59649
3145,-0.15955
3146,-0.50685
3147,0.94411
3148,-0.76651
3149,-0.18548
3150,-0.35801
3151,-0.66662
3152,-0.89932
3153,-0.16999
3154,0.49594
3155,0.98389
3156,0.91685
3157,-0.90877
3158,0.96586
3159,0.95989
3160,0.83519
3161,0.95504
3162,0.77733
3163,0.89502
3164,-0.42545
3165,-0.01848
3166,-0.00345
3167,0.97402
3168,0.79677
3169,-0.78302
3170,0.96494
3171,0.70789
3172,0.97959
3173,-0.81904
3174,-0.66657
3175,0.99583
3176,0.96161
3177,0.95749
3178,0.91656
3179,-0.36986
3180,-0.08487
3181,0.90773
3182,0.86811
3183,0.61299
3184,-0.76159
3185,-0.11074
3186,0.90490
3187,0.24186
3188,0.99171
3189,0.90440
3190,0.79014
3191,-0.71907
3192,-0.79019
3193,0.96630
3194,-0.23766
3195,-0.08537
3196,0.98098
3197,0.99826
3198,0.93375
3199,0.95879
3200,-0.48198
3201,0.86661
3202,0.91919
3203,-0.57316
3204,0.70160
3205,0.90078
3206,0.68317
3207,-0.17240
3208,-0.70446
3209,0.95900
3210,0.97560
3211,0.24614
3212,0.20557
3213,-0.78284
3214,-0.38903
3215,-0.08495
3216,0.85510
3217,0.44792
3218,-0.81368
3219,0.01862
3220,-0.16910
3221,-0.55824
3222,-0.13603
3223,0.62781
3224,0.52696
3225,0.91408
3226,-0.49782
3227,0.95502
3228,-0.20811
3229,0.15819
3230,-0.31503
3231,0.88668
3232,0.92208
3233,0.91181
3234,-0.05573
3235,0.95451
3236,-0.15628
3237,0.98348
3238,0.98926
3239,-0.30055
3240,0.25068
3241,0.47804
3242,0.95796
3243,-0.79856
3244,0.93058
3245,0.98710
3246,-0.73933
3247,-0.25521
3248,0.91330
3249,-0.02040
3250,0.93402
3251,-0.62544
3252,0.55981
3253,-0.81545
3254,-0.01476
3255,0.89693
3256,0.97378
3257,-0.17061
3258,-0.66592
3259,-0.56178
3260,-0.13854
3261,-0.13981
3262,0.85509
3263,-0.29793
3264,0.08770
3265,-0.10277
3266,0.88861
3267,-0.10385
3268,0.11322
3269,0.99186
3270,0.69717
3271,0.95900
3272,0.69318
3273,0.68899
3274,0.92287
3275,-0.82101
3276,0.55670
3277,-0.18764
3278,-0.60202
3279,0.96815
3280,0.78009
3281,0.91221
3282,0.77812
3283,-0.60425
3284,-0.64509
3285,-0.06898
3286,0.92901
3287,0.95803
3288,-0.04425
3289,-0.92644
3290,0.81959
3291,0.87132
3292,0.87997
3293,-0.84353
3294,0.85234
3295,0.90748
3296,0.42395
3297,0.28085
3298,0.81097
3299,0.98931
3300,0.94293
3301,0.01557
3302,0.93298
3303,-0.71039
3304,-0.09400
3305,0.04809
3306,-0.65909
3307,-0.72613
3308,-0.14654
3309,0.63755
3310,-0.73896
3311,-0.13301
3312,0.12260
3313,0.80737
3314,0.78428
3315,0.90650
3316,-0.48334
3317,0.04330
3318,0.89345
3319,0.83386
3320,0.00448
3321,0.83263
3322,0.84829
3323,0.75951
3324,-0.05054
3325,0.92766
3326,0.97457
3327,-0.87973
3328,-0.65044
3329,0.55158
3330,0.03882
3331,0.82560
3332,-0.54409
3333,-0.67327
3334,0.87261
3335,0.97273
3336,0.74934
3337,0.85711
3338,-0.56081
3339,0.99360
3340,-0.70645
3341,-0.80800
3342,0.78347
3343,0.99510
3344,0.05910
3345,0.47412
3346,-0.95749
3347,0.83188
3348,0.95584
3349,0.07532
3350,-0.69122
3351,0.92489
3352,0.00882
3353,0.98262
3354,-0.12666
3355,0.80889
3356,0.95041
3357,-0.16266
3358,-0.93276
3359,0.89694
3360,0.70642
3361,-0.71633
3362,-0.84321
3363,0.20863
3364,0.90212
3365,0.34919
3366,0.88961
3367,-0.67504
3368,-0.07383
3369,0.98551
3370,0.98355
3371,0.85811
3372,-0.58605
3373,0.92853
3374,-0.84061
3375,-0.82808
3376,0.74703
3377,-0.06115
3378,0.85860
3379,-0.06242
3380,-0.06912
3381,0.86517
3382,0.83284
3383,0.92758
3384,0.83569
3385,-0.48555
3386,0.90313
3387,-0.61496
3388,0.08754
3389,-0.92327
3390,0.97358
3391,0.43989
3392,0.90534
3393,0.89726
3394,-0.88073
3395,0.90758
3396,-0.14493
3397,0.97859
3398,0.85348
3399,-0.37267
3400,-0.75389
3401,-0.18916
3402,0.65416
3403,-0.89760
3404,0.94162
3405,0.94886
3406,0.97827
3407,0.94462
3408,0.19622
3409,0.98647
3410,-0.13123
3411,0.05886
3412,0.98048
3413,-0.88638
3414,0.92178
3415,-0.32542
3416,0.97451
3417,0.95423
3418,-0.33860
3419,0.94447
3420,0.95119
3421,0.52521
3422,0.67545
3423,0.90594
3424,-0.04222
3425,-0.80316
3426,-0.04983
3427,-0.59638
3428,-0.86154
3429,0.89114
3430,0.89419
3431,0.96697
3432,0.54726
3433,0.60470
3434,0.17398
3435,-0.66704
3436,0.94425
3437,-0.24923
3438,0.83736
3439,-0.72282
3440,0.97829
3441,-0.34211
3442,0.16774
3443,0.34396
3444,0.03504
3445,-0.50215
3446,0.87424
3447,0.02399
3448,0.90698
3449,0.93910
3450,0.97270
3451,-0.63767
3452,0.69105
3453,-0.31840
3454,-0.02215
3455,0.89724
3456,-0.15358
3457,-0.28388
3458,-0.30771
3459,0.88775
3460,-0.91989
3461,0.91716
3462,0.97222
3463,-0.57145
3464,-0.37655
3465,-0.76650
3466,0.01748
3467,0.76837
3468,-0.56232
3469,-0.50039
3470,0.93635
3471,0.73906
3472,-0.02765
3473,-0.83119
3474,0.91735
3475,0.93244
3476,-0.75283
3477,0.05065
3478,0.05414
3479,0.95007
3480,0.94176
3481,0.90634
3482,0.88972
3483,-0.73662
3484,0.97225
3485,0.84482
3486,0.87880
3487,0.87517
3488,0.02362
3489,-0.47418
3490,0.92268
3491,-0.62688
3492,0.96985
3493,0.96645
3494,0.57643
3495,0.94831
3496,-0.00992
3497,0.89294
3498,-0.69078
3499,0.94613
3500,-0.50948
3501,0.97824
3502,0.85027
3503,0.64415
3504,-0.35495
3505,0.16917
3506,0.98182
3507,0.75568
3508,0.99004
3509,0.30443
3510,-0.83263
3511,0.90081
3512,0.82278
3513,-0.79716
3514,0.92124
3515,0.69044
3516,0.94897
3517,-0.13737
3518,0.62985
3519,0.76697
3520,0.67331
3521,0.92862
3522,-0.58454
3523,0.82611
3524,-0.81896
3525,0.99160
3526,-0.91603
3527,0.79740
3528,0.95483
3529,-0.79697
3530,-0.41005
3531,0.97836
3532,0.98150
3533,-0.07104
3534,0.31230
3535,0.90318
3536,-0.35857
3537,0.89381
3538,-0.80810
3539,-0.70715
3540,0.93709
3541,-0.16772
3542,-0.08679
3543,0.98045
3544,0.22164
3545,0.75257
3546,0.94588
3547,-0.65742
3548,0.83923
3549,0.72499
3550,-0.29148
3551,-0.08495
3552,0.82101
3553,-0.73910
3554,0.39047
3555,0.45138
3556,-0.74327
3557,-0.07014
3558,0.83852
3559,0.61379
3560,-0.71130
3561,0.96251
3562,0.92143
3563,0.67040
3564,-0.34520
3565,0.80384
3566,0.35609
3567,0.00096
3568,0.79947
3569,-0.28716
3570,-0.11933
3571,0.03617
3572,-0.59502
3573,0.95030
3574,-0.15891
3575,0.92869
3576,0.05609
3577,-0.86930
3578,0.95412
3579,-0.26524
3580,-0.04919
3581,0.93564
3582,-0.87331
3583,0.88467
3584,0.74389
3585,-0.82399
3586,-0.92579
3587,-0.07113
3588,-0.57063
3589,-0.79392
3590,0.87994
3591,0.90972
3592,0.92130
3593,-0.29427
3594,-0.34125
3595,0.14574
3596,0.82951
3597,-0.11386
3598,-0.55578
3599,-0.36203
3600,0.90726
3601,0.95797
3602,0.00298
3603,-0.00010
3604,-0.46223
3605,0.94686
3606,-0.30776
3607,-0.03073
3608,-0.25477
3609,-0.52993
3610,0.91413
3611,-0.82774
3612,0.92333
3613,0.35782
3614,0.97181
3615,0.91476
3616,-0.02736
3617,-0.87643
3618,0.63181
3619,-0.03808
3620,0.88220
3621,0.80554
3622,-0.91871
3623,-0.64655
3624,-0.11457
3625,0.18429
3626,0.58755
3627,0.95128
3628,-0.67744
3629,-0.30883
3630,-0.13931
3631,0.52001
3632,0.94459
3633,0.21535
3634,0.94670
3635,-0.25113
3636,-0.01183
3637,-0.81687
3638,0.86909
3639,0.12541
3640,-0.63352
3641,-0.72715
3642,0.78142
3643,-0.79063
3644,0.91798
3645,-0.01193
3646,0.05620
3647,-0.02553
3648,0.94837
3649,0.96764
3650,0.98601
3651,0.67496
3652,0.92991
3653,-0.73586
3654,0.94522
3655,0.85075
3656,0.10908
3657,0.78802
3658,-0.64641
3659,-0.05798
3660,0.87326
3661,0.21126
3662,-0.83934
3663,0.22239
3664,-0.84910
3665,-0.34986
3666,0.60655
3667,-0.03386
3668,-0.64930
3669,-0.08201
3670,0.65332
3671,-0.74869
3672,-0.14780
3673,-0.23218
3674,-0.68134
3675,0.95116
3676,-0.72783
3677,-0.37255
3678,0.07863
3679,0.91300
3680,-0.73436
3681,0.94323
3682,0.62153
3683,0.59818
3684,0.97730
3685,0.14530
3686,-0.05276
3687,0.62731
3688,0.86217
3689,0.87546
3690,0.89415
3691,0.93234
3692,-0.40756
3693,0.96487
3694,0.95203
3695,0.93649
3696,-0.41837
3697,0.68346
3698,0.81419
3699,0.41038
3700,-0.12120
3701,-0.98110
3702,-0.00230
3703,-0.86530
3704,0.97743
3705,0.90862
3706,-0.02804
3707,-0.85948
3708,0.67788
3709,0.20207
3710,0.86303
3711,0.50268
3712,0.54198
3713,0.99677
3714,0.93463
3715,0.40423
3716,-0.93342
3717,0.97089
3718,0.86722
3719,-0.76545
3720,-0.45755
3721,0.92252
3722,-0.19987
3723,-0.60892
3724,-0.29682
3725,-0.72549
3726,0.47286
3727,0.74567
3728,-0.57529
3729,0.98103
3730,0.56355
3731,-0.67038
3732,-0.42118
3733,0.83689
3734,-0.74532
3735,0.87475
3736,0.84931
3737,-0.02908
3738,0.92895
3739,0.99408
3740,0.93110
3741,0.96774
3742,0.98465
3743,0.92230
3744,0.89469
3745,-0.73465
3746,0.93926
3747,0.89641
3748,0.82749
3749,0.27705
3750,0.67629
3751,0.62329
3752,-0.83453
3753,0.92281
3754,-0.30009
3755,-0.54061
3756,0.87213
3757,-0.80362
3758,0.98170
3759,0.91598
3760,-0.91297
3761,0.87079
3762,0.96187
3763,0.93610
3764,-0.87724
3765,-0.70647
3766,0.92175
3767,-0.37385
3768,-0.56913
3769,-0.18559
3770,-0.27161
3771,-0.14021
3772,0.82847
3773,0.44967
3774,0.94282
3775,0.86521
3776,0.36431
3777,-0.86935
3778,0.83738
3779,-0.56458
3780,0.92770
3781,0.99512
3782,0.95462
3783,-0.79302
3784,-0.76627
3785,0.85450
3786,0.23979
3787,-0.72537
3788,-0.71312
3789,0.87803
3790,-0.80679
3791,0.83181
3792,0.18051
3793,-0.03464
3794,-0.26724
3795,0.76467
3796,-0.74876
3797,0.15815
3798,0.91616
3799,-0.83685
3800,0.86213
3801,-0.07824
3802,0.61809
3803,0.95693
3804,0.93972
3805,0.96045
3806,-0.02484
3807,0.93450
3808,0.75597
3809,0.72548
3810,0.82139
3811,0.65703
3812,0.04904
3813,0.90252
3814,-0.61365
3815,-0.35777
3816,-0.75716
3817,-0.61796
3818,0.37341
3819,0.05812
3820,0.96415
3821,0.53758
3822,-0.47431
3823,0.87798
3824,-0.92953
3825,-0.71243
3826,-0.86760
3827,-0.05168
3828,0.15723
3829,-0.72906
3830,0.94478
3831,-0.61867
3832,-0.04909
3833,0.82523
3834,-0.11700
3835,-0.04109
3836,0.52552
3837,-0.24199
3838,0.95656
3839,-0.68826
3840,0.89508
3841,0.42044
3842,-0.90894
3843,-0.04643
3844,0.98704
3845,0.89908
3846,0.95326
3847,0.07248
3848,0.85527
3849,-0.83233
3850,0.02283
3851,0.99262
3852,0.79379
3853,-0.71795
3854,0.94641
3855,0.83074
3856,0.95496
3857,0.85046
3858,0.94368
3859,-0.96373
3860,0.27743
3861,-0.61587
3862,-0.83477
3863,0.96901
3864,0.93907
3865,-0.60239
3866,0.83663
3867,0.74582
3868,-0.00214
3869,-0.84510
3870,0.88532
3871,-0.81252
3872,-0.32508
3873,0.09683
3874,0.75789
3875,-0.77622
3876,-0.77708
3877,0.80822
3878,-0.36465
3879,0.96463
3880,-0.64270
3881,0.95235
3882,-0.39244
3883,-0.73200
3884,0.82834
3885,0.89541
3886,-0.73418
3887,-0.90072
3888,0.97851
3889,-0.08887
3890,0.86969
3891,0.59669
3892,0.72248
3893,0.16454
3894,0.91494
3895,0.08289
3896,-0.72316
3897,-0.59033
3898,-0.28751
3899,0.94451
3900,0.97092
3901,0.03137
3902,-0.02814
3903,0.92348
3904,0.97612
3905,0.47741
3906,0.31921
3907,0.05719
3908,0.77548
3909,0.06360
3910,0.95234
3911,0.94699
3912,0.82534
3913,-0.89606
3914,0.89727
3915,0.99558
3916,0.71567
3917,0.21839
3918,-0.62317
3919,-0.43936
3920,0.86154
3921,-0.20863
3922,0.96647
3923,0.77682
3924,0.88430
3925,0.98275
3926,0.88835
3927,0.93152
3928,0.80612
3929,-0.22217
3930,-0.76408
3931,0.94301
3932,0.91251
3933,-0.55137
3934,0.92050
3935,0.98488
3936,0.91858
3937,-0.48733
3938,0.26203
3939,-0.69524
3940,0.89223
3941,0.79709
3942,-0.35084
3943,-0.69446
3944,0.94887
3945,0.91251
3946,-0.68169
3947,0.76214
3948,0.17686
3949,0.79609
3950,0.97198
3951,0.96211
3952,0.75407
3953,0.69750
3954,-0.51257
3955,0.96042
3956,0.94868
3957,-0.66055
3958,0.86901
3959,0.90441
3960,0.96726
3961,-0.70360
3962,0.95432
3963,-0.47919
3964,0.94039
3965,0.68255
3966,-0.39743
3967,0.92561
3968,0.80303
3969,-0.11157
3970,0.60461
3971,-0.66318
3972,-0.50244
3973,0.93574
3974,0.98367
3975,0.62374
3976,0.91017
3977,0.87376
3978,-0.11304
3979,0.88740
3980,0.81965
3981,0.96716
3982,0.96329
3983,0.72238
3984,-0.81583
3985,0.71038
3986,-0.93693
3987,-0.28961
3988,0.85259
3989,0.96382
3990,0.01771
3991,0.96487
3992,0.94708
3993,0.23047
3994,0.02825
3995,0.94079
3996,0.98579
3997,-0.22257
3998,-0.25915
3999,-0.47861
4000,0.98300
4001,0.86051
4002,0.91648
4003,-0.42646
4004,0.58535
4005,0.94696
4006,-0.29127
4007,0.35774
4008,0.69579
4009,-0.52258
4010,-0.68829
4011,0.39741
4012,-0.97667
4013,0.84980
4014,0.96199
4015,0.87266
4016,0.78563
4017,-0.77549
4018,0.90115
4019,0.89328
4020,-0.75888
4021,-0.67750
4022,0.98324
4023,0.86480
4024,0.07713
4025,0.24555
4026,0.84872
4027,-0.48461
4028,-0.11826
4029,0.96015
4030,-0.34052
4031,0.34136
4032,0.41807
4033,0.89904
4034,-0.59175
4035,0.87749
4036,0.05120
4037,0.80527
4038,-0.19354
4039,-0.80885
4040,-0.71323
4041,0.55809
4042,0.70811
4043,0.18993
4044,-0.27937
4045,-0.20192
4046,0.32436
4047,-0.38770
4048,-0.06290
4049,0.99761
4050,-0.21847
4051,-0.91907
4052,0.68293
4053,-0.90872
4054,-0.81451
4055,-0.88716
4056,-0.23296
4057,0.60518
4058,0.95775
4059,-0.83917
4060,0.90008
4061,0.63551
4062,0.34567
4063,0.39805
4064,0.94858
4065,-0.07931
4066,-0.04839
4067,0.89436
4068,-0.76363
4069,-0.64530
4070,0.74932
4071,0.89160
4072,0.90932
4073,0.84574
4074,-0.20276
4075,-0.55484
4076,-0.07330
4077,0.98610
4078,0.60027
4079,0.04321
4080,0.66826
4081,-0.28139
4082,-0.53139
4083,0.94962
4084,-0.79118
4085,0.76641
4086,0.65578
4087,-0.08905
4088,0.55036
4089,0.67924
4090,-0.72396
4091,-0.91992
4092,0.98790
4093,0.95742
4094,0.98166
4095,0.08465
4096,-0.66179
4097,0.89009
4098,0.93648
4099,0.95141
4100,0.93733
4101,0.98081
4102,0.62455
4103,-0.02973
4104,0.65088
4105,0.90543
4106,0.87979
4107,0.98196
4108,0.29651
4109,0.92713
4110,-0.05163
4111,0.63994
4112,0.88710
4113,-0.80315
4114,0.93290
4115,0.96703
4116,0.89769
4117,0.98011
4118,0.91342
4119,0.13827
4120,0.92872
4121,0.94764
4122,0.07828
4123,-0.74593
4124,0.63716
4125,-0.94902
4126,-0.86952
4127,0.88689
4128,0.95072
4129,0.83741
4130,0.67311
4131,0.74008
4132,0.75017
4133,0.92822
4134,0.99664
4135,0.91237
4136,-0.23391
4137,-0.25265
4138,0.90746
4139,-0.80462
4140,0.64964
4141,0.71620
4142,-0.58443
4143,0.65174
4144,-0.38067
4145,-0.64793
4146,0.91076
4147,0.72362
4148,-0.64624
4149,0.47272
4150,0.38111
4151,0.82629
4152,0.58141
4153,0.97779
4154,-0.06124
4155,0.60054
4156,0.74627
4157,0.95892
4158,-0.95355
4159,-0.69304
4160,0.03623
4161,0.93034
4162,0.92461
4163,-0.54461
4164,0.91924
4165,0.93425
4166,-0.07509
4167,-0.04463
4168,0.70780
4169,0.98580
4170,-0.04798
4171,0.91808
4172,0.76871
4173,0.82010
4174,0.98028
4175,-0.92492
4176,-0.86761
4177,-0.41040
4178,0.93903
4179,-0.19809
4180,0.50367
4181,0.90934
4182,-0.80188
4183,-0.05629
4184,0.96899
4185,0.86873
4186,-0.88277
4187,0.92310
4188,-0.68633
4189,-0.47375
4190,-0.78531
4191,0.91144
4192,0.98325
4193,0.90695
4194,0.95554
4195,-0.70274
4196,-0.05237
4197,0.09332
4198,0.63603
4199,0.92298
4200,0.17455
4201,0.86325
4202,0.89126
4203,0.85947
4204,-0.34930
4205,0.73868
4206,0.30782
4207,-0.79281
4208,0.91615
4209,0.83882
4210,-0.69638
4211,-0.11040
4212,-0.79468
4213,-0.01824
4214,0.85960
4215,0.89096
4216,0.95569
4217,0.95243
4218,0.93064
4219,0.87896
4220,-0.79240
4221,0.90026
4222,0.35979
4223,0.95601
4224,-0.62631
4225,-0.96066
4226,0.79806
4227,0.69739
4228,0.63689
4229,0.89971
4230,-1.00000
4231,-0.04926
4232,-0.72257
4233,0.92051
4234,0.86721
4235,0.89600
4236,0.51518
4237,0.23319
4238,0.18067
4239,0.82960
4240,-0.16667
4241,-0.94309
4242,0.41712
4243,-0.27776
4244,0.01445
4245,0.82318
4246,0.00936
4247,-0.67108
4248,0.00035
4249,-0.01637
4250,-0.78446
4251,-0.70909
4252,0.99805
4253,-0.28928
4254,-0.19999
4255,0.98833
4256,-0.45846
4257,-0.51297
4258,0.61191
4259,0.57037
4260,0.95775
4261,0.15081
4262,-0.26192
4263,0.95305
4264,-0.00949
4265,-0.58273
4266,-0.22867
4267,-0.06207
4268,0.90021
4269,0.36593
4270,0.69942
4271,0.58955
4272,0.96503
4273,-0.30153
4274,0.95081
4275,-0.20352
4276,0.87110
4277,0.69931
4278,-0.49574
4279,0.95341
4280,0.92581
4281,-0.12925
4282,-0.76412
4283,-0.83965
4284,0.18143
4285,-0.36087
4286,0.89891
4287,-0.22090
4288,0.67430
4289,-0.79531
4290,-0.66262
4291,0.87552
4292,0.84680
4293,0.99527
4294,-0.33025
4295,0.65161
4296,0.27335
4297,-0.12296
4298,0.49669
4299,0.26362
4300,0.92936
4301,0.98693
4302,-0.05512
4303,0.82196
4304,0.76180
4305,0.96907
4306,0.88363
4307,0.91124
4308,-0.68416
4309,-0.92671
4310,0.12336
4311,-0.59304
4312,-0.44484
4313,0.98049
4314,-0.11818
4315,0.97869
4316,-0.58364
4317,0.89297
4318,-0.76118
4319,-0.59044
4320,-0.67547
4321,0.95646
4322,-0.99808
4323,0.00413
4324,0.34500
4325,-0.48969
4326,-0.70386
4327,0.03303
4328,0.90826
4329,0.97261
4330,0.84783
4331,-0.15197
4332,-0.06838
4333,0.39643
4334,0.75391
4335,-0.78803
4336,0.94315
4337,-0.37390
4338,0.97609
4339,-0.27134
4340,-0.04318
4341,0.87107
4342,-0.59522
4343,0.08940
4344,-0.73473
4345,0.92377
4346,0.95850
4347,0.84499
4348,0.82095
4349,0.05167
4350,-0.29567
4351,0.94326
4352,0.93993
4353,0.94508
4354,0.67534
4355,-0.36844
4356,-0.78176
4357,0.17934
4358,0.19695
4359,0.91857
4360,0.94336
4361,0.40422
4362,0.55219
4363,0.12895
4364,-0.92185
4365,0.95952
4366,0.93619
4367,0.92982
4368,0.92638
4369,0.13765
4370,0.99079
4371,0.77152
4372,0.93091
4373,0.88799
4374,-0.87568
4375,-0.10370
4376,-0.70187
4377,0.97100
4378,0.52189
4379,-0.01579
4380,-0.10232
4381,-0.56324
4382,0.95231
4383,-0.04221
4384,-0.80251
4385,0.84139
4386,-0.25391
4387,0.80074
4388,0.29747
4389,0.95697
4390,-0.03607
4391,0.19974
4392,0.86272
4393,0.74410
4394,-0.84617
4395,-0.04799
4396,-0.68132
4397,0.93348
4398,0.25246
4399,0.90553
4400,0.79975
4401,0.67785
4402,0.58903
4403,0.97789
4404,0.81323
4405,-0.70764
4406,-0.18959
4407,-0.90448
4408,0.87930
4409,0.03854
4410,0.97347
4411,0.99680
4412,-0.19623
4413,0.05255
4414,0.95217
4415,0.74181
4416,0.99222
4417,-0.89330
4418,-0.51091
4419,-0.72015
4420,-0.17022
4421,0.93444
4422,-0.25023
4423,0.23712
4424,-0.74194
4425,0.65169
4426,-0.19427
4427,-0.02281
4428,-0.55052
4429,-0.84002
4430,-0.67588
4431,0.80029
4432,0.50567
4433,0.80720
4434,0.86170
4435,0.02213
4436,-0.84204
4437,0.72889
4438,0.81913
4439,-0.59517
4440,-0.33128
4441,-0.47561
4442,-0.10948
4443,-0.77995
4444,0.92642
4445,-0.11035
4446,0.49198
4447,0.94385
4448,-0.73243
4449,-0.80499
4450,-0.47895
4451,0.07080
4452,0.34200
4453,0.91378
4454,0.98396
4455,0.95960
4456,0.83139
4457,0.76058
4458,-0.45344
4459,0.31271
4460,0.01228
4461,-0.06648
4462,0.55809
4463,0.56547
4464,0.21731
4465,0.33809
4466,0.88628
4467,-0.84436
4468,0.67684
4469,0.79753
4470,-0.76417
4471,0.83547
4472,-0.34756
4473,-0.95293
4474,-0.16794
4475,0.78175
4476,0.95531
4477,0.99956
4478,0.99365
4479,0.99726
4480,0.55194
4481,-0.57542
4482,0.97386
4483,0.96372
4484,-0.07552
4485,-0.14467
4486,0.92193
4487,0.52180
4488,-0.63291
4489,-0.82942
4490,0.86317
4491,-0.77556
4492,-0.12316
4493,0.98500
4494,-0.68778
4495,-0.59083
4496,0.89539
4497,0.95617
4498,0.95461
4499,0.94544
4500,0.95550
4501,0.87677
4502,-0.83714
4503,0.98960
4504,0.96220
4505,0.98318
4506,-0.75138
4507,0.61868
4508,0.47272
4509,0.87362
4510,0.99079
4511,0.61956
4512,0.97113
4513,0.92080
4514,0.80075
4515,-0.59346
4516,-0.57997
4517,-0.70056
4518,0.95690
4519,-0.80049
4520,-0.13802
4521,-0.05972
4522,0.74203
4523,0.99481
4524,-0.14553
4525,-0.49298
4526,0.96472
4527,0.52983
4528,-0.80794
4529,0.15361
4530,-0.65287
4531,0.03667
4532,0.66047
4533,0.93659
4534,-0.05156
4535,0.96462
4536,-0.92246
4537,0.09958
4538,0.97737
4539,0.90139
4540,-0.23169
4541,-0.83707
4542,-0.91746
4543,-0.03109
4544,0.57195
4545,0.04941
4546,0.85069
4547,-0.68426
4548,0.98462
4549,-0.80086
4550,0.96405
4551,0.91282
4552,-0.02471
4553,0.90291
4554,0.91374
4555,0.86978
4556,0.79128
4557,-0.88974
4558,0.99105
4559,-0.36286
4560,-0.01483
4561,-0.68445
4562,0.97786
4563,0.01970
4564,-0.88392
4565,0.98909
4566,0.42529
4567,0.86823
4568,-0.78955
4569,0.93034
4570,0.27516
4571,0.09318
4572,0.72735
4573,-0.02644
4574,-0.89816
4575,-0.18780
4576,-0.71839
4577,0.94725
4578,0.87346
4579,-0.01434
4580,0.15763
4581,0.94962
4582,0.86131
4583,0.93995
4584,-0.09591
4585,-0.54074
4586,0.90526
4587,-0.77945
4588,0.74547
4589,0.91355
4590,-0.07618
4591,0.84541
4592,-0.10669
4593,0.58153
4594,-0.84856
4595,0.71763
4596,0.44806
4597,0.88813
4598,0.89918
4599,0.66636
4600,-0.11110
4601,-0.13398
4602,0.92440
4603,-0.58392
4604,-0.10431
4605,-0.00477
4606,0.28062
4607,0.99513
4608,-0.84967
4609,0.04340
4610,-0.75720
4611,-0.64879
4612,-0.35887
4613,0.16296
4614,0.92140
4615,0.36830
4616,-0.86045
4617,0.51124
4618,-0.09934
4619,0.08631
4620,0.91077
4621,-0.74009
4622,-0.68564
4623,0.89317
4624,0.89739
4625,-0.65094
4626,-0.82607
4627,0.78718
4628,0.82601
4629,-0.56008
4630,0.91880
4631,-0.90706
4632,0.85891
4633,-0.13365
4634,-0.02606
4635,0.61976
4636,-0.14551
4637,0.94708
4638,-0.91791
4639,0.87789
4640,-0.15050
4641,0.83366
4642,-0.25005
4643,0.94701
4644,0.41640
4645,-0.60580
4646,0.83918
4647,0.90840
4648,0.11697
4649,0.60492
4650,-0.65634
4651,0.89828
4652,-0.11807
4653,0.19072
4654,0.82712
4655,0.95076
4656,0.21535
4657,0.89866
4658,0.81671
4659,0.98701
4660,-0.50583
4661,0.82433
4662,-0.01614
4663,-0.87027
4664,0.70552
4665,-0.96785
4666,0.43536
4667,0.90195
4668,-0.90817
4669,0.97652
4670,0.63127
4671,0.52412
4672,0.03717
4673,-0.94912
4674,0.61705
4675,0.76098
4676,0.58377
4677,-0.45999
4678,-0.59953
4679,-0.70653
4680,0.95659
4681,0.30439
4682,-0.48981
4683,0.81386
4684,-0.71742
4685,-0.76832
4686,0.89619
4687,0.78289
4688,0.58958
4689,-0.05078
4690,0.68667
4691,0.54910
4692,-0.17243
4693,-0.33182
4694,-0.75946
4695,0.20793
4696,-0.54973
4697,0.65000
4698,0.34032
4699,0.60132
4700,-0.60904
4701,-0.08170
4702,0.96773
4703,-0.94828
4704,-0.68268
4705,0.44531
4706,0.95160
4707,0.97542
4708,-0.04797
4709,0.85209
4710,-0.79374
4711,0.87718
4712,-0.59234
4713,-0.52784
4714,0.64849
4715,-0.06453
4716,0.86984
4717,0.85284
4718,0.82288
4719,-0.54733
4720,0.72920
4721,0.10962
4722,-0.72425
4723,0.97895
4724,0.87397
4725,0.99246
4726,0.78335
4727,0.39244
4728,-0.25749
4729,0.79458
4730,0.70079
4731,0.66347
4732,0.92781
4733,0.74952
4734,0.55059
4735,-0.96941
4736,0.03493
4737,-0.22150
4738,0.47055
4739,0.86932
4740,0.80646
4741,0.98709
4742,0.58611
4743,-0.81228
4744,-0.58960
4745,0.67950
4746,0.88518
4747,-0.05591
4748,0.91505
4749,0.40235
4750,-0.82265
4751,-0.09763
4752,0.42317
4753,0.31354
4754,0.95877
4755,0.89358
4756,0.76271
4757,-0.81678
4758,-0.00989
4759,-0.35309
4760,-0.16900
4761,0.96638
4762,0.93867
4763,0.88501
4764,0.80728
4765,0.98155
4766,-0.77583
4767,0.20527
4768,0.94556
4769,0.90470
4770,0.73678
4771,0.87468
4772,-0.51366
4773,-0.62104
4774,-0.06101
4775,-0.09037
4776,0.78641
4777,0.56850
4778,-0.44709
4779,-0.44277
4780,0.01474
4781,0.20837
4782,0.56116
4783,0.98506
4784,-0.01266
4785,-0.74797
4786,-0.84491
4787,0.68360
4788,-0.41056
4789,-0.32525
4790,0.97363
4791,-0.89513
4792,0.93543
4793,0.81443
4794,0.86801
4795,0.96150
4796,-0.15378
4797,-0.45886
4798,-0.91774
4799,0.01280
4800,-0.71303
4801,0.91644
4802,0.94734
4803,0.89534
4804,0.97723
4805,-0.70381
4806,-0.30783
4807,0.95499
4808,-0.80088
4809,-0.56117
4810,0.89200
4811,0.76903
4812,0.95877
4813,0.85561
4814,0.81196
4815,-0.48081
4816,0.47789
4817,0.64776
4818,0.21744
4819,-0.90252
4820,0.72307
4821,-0.04267
4822,0.82410
4823,-0.82110
4824,-0.60902
4825,0.06574
4826,0.78933
4827,-0.76506
4828,0.50023
4829,-0.64169
4830,-0.00443
4831,-0.94073
4832,0.86303
4833,-0.86279
4834,0.92683
4835,0.55869
4836,0.76783
4837,-0.01267
4838,-0.89907
4839,-0.70829
4840,-0.48688
4841,0.00653
4842,0.90971
4843,0.89136
4844,-0.70659
4845,-0.04159
4846,0.51515
4847,0.76338
4848,-0.75758
4849,0.01371
4850,-0.14689
4851,0.89134
4852,0.78280
4853,0.83157
4854,0.90285
4855,-0.05666
4856,0.88830
4857,0.91770
4858,0.94011
4859,-0.86313
4860,0.77122
4861,0.77983
4862,0.95118
4863,-0.84685
4864,-0.23130
4865,0.74725
4866,0.84676
4867,-0.75546
4868,0.94122
4869,-0.54251
4870,0.10189
4871,-0.08365
4872,0.99749
4873,-0.63254
4874,0.93345
4875,-0.83042
4876,-0.44770
4877,-0.88089
4878,0.94207
4879,0.93070
4880,-0.26572
4881,0.24953
4882,-0.10982
4883,-0.04751
4884,0.94146
4885,0.94235
4886,0.67037
4887,-0.78534
4888,0.74079
4889,-0.38406
4890,-0.03009
4891,0.65887
4892,0.91069
4893,-0.39723
4894,-0.02516
4895,0.83198
4896,0.83963
4897,0.10445
4898,0.97751
4899,0.46247
4900,0.87590
4901,-0.57318
4902,-0.20795
4903,-0.87311
4904,-0.28366
4905,0.95270
4906,0.97857
4907,0.59914
4908,-0.41575
4909,0.38849
4910,-0.19986
4911,0.87368
4912,0.77087
4913,0.88515
4914,-0.95243
4915,0.74747
4916,0.94672
4917,0.83204
4918,-0.05574
4919,0.18541
4920,0.91632
4921,-0.81361
4922,0.80442
4923,0.96045
4924,-0.31826
4925,0.52624
4926,0.43610
4927,0.88918
4928,0.99106
4929,0.86079
4930,-0.31506
4931,-0.66187
4932,-0.18712
4933,0.74303
4934,0.97690
4935,0.31528
4936,-0.96005
4937,0.91532
4938,0.73925
4939,0.95167
4940,-0.67695
4941,-0.16363
4942,-0.01184
4943,-0.00015
4944,0.95462
4945,-0.26963
4946,0.90524
4947,-0.24087
4948,-0.66047
4949,-0.77734
4950,0.53638
4951,0.97871
4952,-0.22993
4953,0.89120
4954,0.02999
4955,-0.04634
4956,-0.14448
4957,-0.07101
4958,-0.74611
4959,-0.27023
4960,0.94962
4961,0.85677
4962,0.75021
4963,-0.06564
4964,0.01046
4965,0.95760
4966,-0.11762
4967,-0.07594
4968,0.77636
4969,-0.92569
4970,-0.97166
4971,0.85754
4972,0.76022
4973,-0.84539
4974,-0.87738
4975,0.60134
4976,0.85097
4977,0.43170
4978,-0.57315
4979,-0.01902
4980,-0.75696
4981,-0.34437
4982,0.96047
4983,0.66510
4984,0.97602
4985,-0.66334
4986,0.92997
4987,0.88394
4988,0.24569
4989,0.87650
4990,-0.27860
4991,-0.78352
4992,-0.03569
4993,-0.14035
4994,0.96175
4995,0.91938
4996,-0.11968
4997,0.97539
4998,0.58866
4999,0.99276
5000,-0.48007
5001,-0.24036
5002,-0.81936
5003,0.87687
5004,0.97864
5005,-0.73225
5006,-0.61617
5007,0.10610
5008,0.57193
5009,0.74707
5010,0.95084
5011,-0.74436
5012,-0.01919
5013,0.99108
5014,-0.15001
5015,-0.04239
5016,0.80044
5017,-0.36820
5018,0.80006
5019,-0.12564
5020,0.02024
5021,0.48544
5022,-0.26566
5023,0.92392
5024,0.75876
5025,0.55453
5026,0.98801
5027,0.88799
5028,0.82133
5029,0.87390
5030,0.90311
5031,0.76916
5032,0.94618
5033,0.99054
5034,-0.64356
5035,0.88935
5036,-0.81815
5037,0.97113
5038,-0.37801
5039,0.53020
5040,0.99163
5041,0.19730
5042,-0.19847
5043,-0.01239
5044,-0.08536
5045,0.94674
5046,0.31959
5047,0.59896
5048,0.96471
5049,0.90601
5050,0.47215
5051,0.96401
5052,0.89355
5053,-0.09989
5054,-0.91694
5055,-0.70561
5056,0.93880
5057,0.98148
5058,0.92179
5059,0.83457
5060,0.97763
5061,0.12329
5062,0.83602
5063,0.91592
5064,-0.79550
5065,-0.67952
5066,-0.00593
5067,0.93541
5068,-0.86197
5069,0.88102
5070,0.84913
5071,0.56774
5072,0.99824
5073,0.86413
5074,0.89108
5075,-0.09609
5076,-0.34135
5077,-0.12916
5078,-0.08982
5079,0.96993
5080,0.93444
5081,-0.26838
5082,0.84010
5083,0.99218
5084,-0.24432
5085,0.00255
5086,0.79152
5087,-0.68334
5088,0.44602
5089,0.70948
5090,0.60351
5091,0.97526
5092,0.86059
5093,-0.83131
5094,0.39942
5095,0.95213
5096,0.69873
5097,-0.24879
5098,-0.25551
5099,0.15218
5100,-0.11770
5101,0.99079
5102,0.95115
5103,-0.34601
5104,0.97343
5105,0.60304
5106,0.17366
5107,0.85229
5108,0.91700
5109,0.06001
5110,0.99171
5111,0.97857
5112,0.63568
5113,0.00925
5114,0.11151
5115,0.93866
5116,0.56543
5117,0.93016
5118,0.76707
5119,0.74200
5120,-0.50687
5121,0.96545
5122,-0.31407
5123,-0.93201
5124,0.85945
5125,-0.66860
5126,-0.76026
5127,0.97845
5128,0.41685
5129,0.65989
5130,-0.58377
5131,0.84847
5132,0.31169
5133,0.94796
5134,0.96674
5135,-0.65174
5136,0.82784
5137,-0.46571
5138,0.89951
5139,0.88066
5140,-0.40048
5141,0.91576
5142,-0.11663
5143,-0.68183
5144,-0.72906
5145,0.89629
5146,0.93746
5147,-0.09869
5148,-0.11182
5149,0.71196
5150,0.97521
5151,-0.58800
5152,0.73754
5153,0.92868
5154,-0.81231
5155,-0.36354
5156,0.95902
5157,0.55852
5158,-0.48354
5159,0.95588
5160,0.70920
5161,0.23030
5162,0.97023
5163,0.96475
5164,0.84198
5165,-0.08469
5166,0.96203
5167,-0.83542
5168,0.08305
5169,-0.33383
5170,-0.74914
5171,0.94272
5172,0.19288
5173,0.93479
5174,-0.43668
5175,0.05659
5176,0.92743
5177,-0.14296
5178,0.12508
5179,0.95691
5180,-0.75611
5181,-0.62585
5182,-0.11819
5183,0.84900
5184,0.08526
5185,-0.63818
5186,0.50009
5187,-0.17753
5188,-0.94935
5189,0.71260
5190,0.83739
5191,0.52262
5192,0.85037
5193,-0.79238
5194,0.87223
5195,0.93338
5196,-0.61944
5197,0.96421
5198,0.19382
5199,0.58243
5200,-0.30953
5201,-0.71948
5202,0.86734
5203,0.92857
5204,0.92916
5205,0.81175
5206,-0.14503
5207,-0.82505
5208,-0.83961
5209,-0.00394
5210,-0.07740
5211,0.73920
5212,-0.09210
5213,-0.11825
5214,0.03318
5215,0.13381
5216,-0.05705
5217,0.79258
5218,0.98947
5219,0.91507
5220,0.90298
5221,0.88083
5222,-0.60686
5223,-0.68615
5224,0.13450
5225,0.42814
5226,0.74660
5227,0.79491
5228,-0.76798
5229,-0.28201
5230,0.51924
5231,-0.37730
5232,-0.78308
5233,-0.75761
5234,0.56843
5235,0.89183
5236,-0.74754
5237,-0.76630
5238,-0.75324
5239,0.54956
5240,0.79794
5241,0.87489
5242,0.21840
5243,0.06072
5244,-0.15093
5245,-0.07088
5246,0.97768
5247,0.95483
5248,0.83494
5249,0.84871
5250,0.88831
5251,-0.10519
5252,0.55308
5253,0.61129
5254,0.81672
5255,0.64170
5256,0.46467
5257,0.78989
5258,0.95977
5259,0.89695
5260,0.55316
5261,-0.31131
5262,0.60759
5263,0.97261
5264,-0.11805
5265,-0.00868
5266,-0.01554
5267,-0.09676
5268,-0.82791
5269,-0.02478
5270,-0.16930
5271,-0.36055
5272,0.98989
5273,0.95349
5274,0.89596
5275,-0.44303
5276,0.98832
5277,-0.48929
5278,-0.18013
5279,0.35205
5280,-0.00226
5281,0.21619
5282,0.99451
5283,-0.48640
5284,-0.56129
5285,-0.89624
5286,-0.00869
5287,0.12757
5288,-0.64064
5289,0.86228
5290,0.83654
5291,0.96363
5292,0.22959
5293,0.99025
5294,0.86431
5295,0.82776
5296,0.98090
5297,0.58210
5298,-0.72949
5299,0.42816
5300,0.85391
5301,0.83183
5302,0.83397
5303,0.69228
5304,-0.74180
5305,-0.39502
5306,0.70449
5307,0.79420
5308,-0.83102
5309,-0.62322
5310,0.92753
5311,0.51747
5312,-0.19650
5313,0.84222
5314,0.84560
5315,-0.15939
5316,-0.03266
5317,0.92949
5318,-0.07658
5319,-0.90331
5320,-0.01255
5321,0.55292
5322,0.04033
5323,0.40338
5324,0.65215
5325,0.69622
5326,-0.11420
5327,0.34679
5328,0.85358
5329,-0.30926
5330,-0.52109
5331,-0.06734
5332,0.49737
5333,0.70320
5334,0.96287
5335,0.99406
5336,0.02827
5337,0.82810
5338,0.41761
5339,0.82548
5340,0.96732
5341,-0.84196
5342,-0.59042
5343,0.49309
5344,0.02288
5345,-0.85025
5346,-0.17098
5347,0.63340
5348,-0.63082
5349,-0.36794
5350,0.97508
5351,0.67150
5352,0.71144
5353,-0.26055
5354,0.89062
5355,-0.04652
5356,0.84084
5357,0.94735
5358,0.98848
5359,-0.80056
5360,0.80545
5361,-0.82654
5362,0.97691
5363,0.74829
5364,0.96865
5365,0.22098
5366,-0.87237
5367,0.91942
5368,-0.07007
5369,0.85275
5370,0.74265
5371,0.96232
5372,0.90722
5373,0.32441
5374,0.94748
5375,0.99408
5376,0.94469
5377,0.85100
5378,0.22011
5379,0.48713
5380,0.92024
5381,-0.74400
5382,-0.02945
5383,-0.07875
5384,0.78462
5385,-0.17966
5386,0.93200
5387,0.95119
5388,-0.79968
5389,-0.79278
5390,0.06605
5391,0.12958
5392,0.99115
5393,-0.28418
5394,0.81154
5395,0.86375
5396,0.96160
5397,0.73291
5398,0.46833
5399,0.96376
5400,-0.82763
5401,0.84353
5402,-0.95086
5403,-0.81722
5404,0.95531
5405,-0.52213
5406,-0.71857
5407,-0.17675
5408,-0.83689
5409,0.66024
5410,0.79064
5411,0.92407
5412,0.84950
5413,-0.49554
5414,0.99391
5415,0.83257
5416,-0.83554
5417,0.92780
5418,-0.79615
5419,0.78995
5420,0.95167
5421,0.96567
5422,-0.70344
5423,0.86714
5424,0.14829
5425,0.80109
5426,0.91959
5427,0.53253
5428,0.95520
5429,-0.62871
5430,0.61014
5431,0.33648
5432,0.92323
5433,-0.50408
5434,0.90729
5435,-0.36852
5436,0.77780
5437,-0.74166
5438,-0.79880
5439,-0.72691
5440,-0.76959
5441,0.23454
5442,0.79863
5443,0.84283
5444,-0.06786
5445,-0.12290
5446,-0.69688
5447,0.75586
5448,-0.26086
5449,-0.89617
5450,-0.57144
5451,0.91089
5452,0.93768
5453,0.71081
5454,0.94180
5455,-0.70635
5456,-0.74864
5457,0.98097
5458,0.98686
5459,-0.53845
5460,-0.37654
5461,0.81161
5462,-0.22254
5463,-0.75119
5464,0.73526
5465,0.29796
5466,0.99990
5467,0.64720
5468,0.89111
5469,0.93844
5470,-0.30463
5471,0.80241
5472,0.89173
5473,0.92300
5474,0.86341
5475,0.70560
5476,-0.10912
5477,-0.89542
5478,0.80278
5479,0.87809
5480,-0.77963
5481,0.82899
5482,0.82244
5483,0.88786
5484,0.79627
5485,0.73804
5486,-0.89789
5487,0.60817
5488,0.89988
5489,-0.63129
5490,0.99019
5491,0.91951
5492,0.67030
5493,0.98841
5494,0.13353
5495,-0.69509
5496,-0.18764
5497,-0.91025
5498,0.99568
5499,0.91393
5500,0.81916
5501,-0.00992
5502,0.62709
5503,-0.50664
5504,0.52433
5505,-0.07199
5506,-0.81479
5507,0.95702
5508,-0.78691
