id,label
1,0.96107
2,0.29492
3,-0.53444
4,0.98379
5,-0.09043
6,0.72071
7,0.85385
8,-0.78900
9,0.46604
10,0.91407
11,0.74032
12,-0.24866
13,-0.66422
14,-0.27406
15,0.96159
16,-0.03109
17,0.74201
18,0.73663
19,0.89582
20,0.54074
21,0.27759
22,0.90975
23,-0.43944
24,0.88405
25,-0.87335
26,-0.60651
27,0.89706
28,0.84035
29,0.97473
30,0.95101
31,-0.75373
32,0.76359
33,0.81429
34,0.77355
35,0.79446
36,-0.61274
37,0.66913
38,0.27987
39,0.95922
40,-0.28682
41,0.86357
42,0.06773
43,0.99604
44,0.95690
45,-0.71328
46,-0.09710
47,-0.87981
48,-0.17189
49,-0.69027
50,-0.58432
51,0.93575
52,0.95381
53,0.73118
54,-0.80845
55,0.93142
56,0.95696
57,0.94799
58,0.88155
59,-0.39746
60,-0.23497
61,-0.60030
62,0.80066
63,0.98005
64,0.56621
65,0.70898
66,-0.66603
67,-0.84606
68,-0.36540
69,-0.01700
70,-0.61373
71,0.92461
72,0.83398
73,0.38582
74,-0.83398
75,0.91205
76,-0.30104
77,0.89718
78,-0.42544
79,0.64192
80,0.91071
81,0.95203
82,-0.69911
83,0.17970
84,0.10399
85,-0.83275
86,0.84217
87,-0.02580
88,-0.00109
89,0.92122
90,0.72771
91,0.85439
92,0.70027
93,-0.23674
94,0.67274
95,0.98383
96,-0.21583
97,0.47203
98,-0.78255
99,0.98972
100,0.96513
101,0.57044
102,0.94994
103,0.97980
104,0.84369
105,0.83859
106,0.84477
107,0.78887
108,-0.09947
109,-0.71152
110,-0.78791
111,0.94317
112,0.92771
113,-0.36010
114,-0.40721
115,-0.51295
116,0.13248
117,-0.42690
118,0.82090
119,-0.00213
120,-0.46899
121,0.84568
122,0.98998
123,-0.16100
124,-0.17899
125,0.67395
126,0.93201
127,0.96879
128,0.93350
129,0.76085
130,0.68949
131,-0.58079
132,0.88624
133,-0.72998
134,0.86900
135,0.89506
136,-0.52005
137,-0.65446
138,0.68122
139,0.92711
140,-0.76754
141,0.15570
142,-0.79965
143,-0.07667
144,-0.51725
145,0.81514
146,0.64955
147,-0.30841
148,0.92986
149,0.97463
150,-0.20352
151,-0.16941
152,0.90620
153,-0.72360
154,0.95625
155,0.98907
156,0.96991
157,0.81248
158,0.00496
159,0.95992
160,0.84816
161,0.92254
162,0.88307
163,-0.56242
164,0.63669
165,0.90719
166,0.97261
167,0.74431
168,-0.17672
169,-0.71423
170,0.96663
171,-0.87950
172,0.05220
173,-0.23822
174,0.88767
175,-0.90837
176,-0.08069
177,0.98530
178,0.31814
179,-0.10615
180,-0.35748
181,0.91619
182,0.97678
183,0.91451
184,-0.17987
185,0.97421
186,0.93243
187,0.96447
188,0.93343
189,-0.16354
190,-0.42208
191,0.97419
192,-0.78315
193,0.02290
194,0.95146
195,-0.94639
196,-0.83705
197,0.98622
198,-0.83166
199,-0.90914
200,0.97455
201,0.88937
202,0.98336
203,0.86302
204,0.85071
205,0.98290
206,0.76114
207,0.71663
208,0.64274
209,0.92393
210,0.96791
211,0.94853
212,-0.89366
213,0.99656
214,0.97509
215,0.83069
216,0.98347
217,0.89043
218,-0.97051
219,0.14749
220,0.40662
221,0.82001
222,0.95519
223,-0.53646
224,0.55978
225,0.58189
226,-0.33417
227,0.94250
228,0.81359
229,0.91803
230,0.53399
231,0.86664
232,0.26951
233,-0.14715
234,0.98618
235,0.81300
236,0.98706
237,0.95769
238,0.09179
239,-0.08834
240,-0.79838
241,0.00324
242,0.94999
243,0.49974
244,-0.51017
245,0.93857
246,0.15176
247,0.77471
248,-0.95158
249,-0.70791
250,0.24994
251,0.41210
252,-0.88001
253,-0.70268
254,0.93972
255,0.96343
256,0.95435
257,-0.62545
258,0.76579
259,0.17145
260,-0.20831
261,-0.73910
262,0.98529
263,0.82598
264,0.44555
265,-0.25324
266,0.99784
267,0.54887
268,0.95807
269,0.65865
270,-0.88006
271,0.58898
272,-0.12381
273,0.78917
274,-0.03032
275,0.80736
276,-0.51041
277,0.75805
278,0.23512
279,0.91066
280,-0.52696
281,0.19047
282,0.93255
283,0.96941
284,0.97653
285,-0.38328
286,0.94585
287,0.06916
288,0.84457
289,-0.77655
290,-0.30958
291,-0.71768
292,0.97342
293,0.98598
294,0.36005
295,0.23274
296,0.97354
297,0.81949
298,-0.11786
299,0.91481
300,0.87680
301,-0.91531
302,0.89539
303,-0.74504
304,-0.90981
305,0.93137
306,0.88896
307,-0.77628
308,-0.20324
309,0.16607
310,0.97921
311,-0.55197
312,0.09454
313,0.95024
314,-0.63921
315,-0.35480
316,-0.47120
317,0.87084
318,-0.24266
319,0.90741
320,0.55408
321,0.91941
322,-0.01362
323,0.96343
324,-0.77567
325,-0.40984
326,-0.21736
327,0.99335
328,0.92655
329,0.93378
330,0.72990
331,-0.34302
332,0.33546
333,0.96979
334,0.91712
335,-0.77791
336,-0.16334
337,0.69644
338,-0.65520
339,0.95852
340,0.90196
341,0.25814
342,-0.88759
343,0.94076
344,-0.52209
345,-0.68498
346,0.98356
347,0.66167
348,-0.02524
349,-0.35968
350,-0.96938
351,0.65837
352,0.98538
353,0.96403
354,-0.08688
355,0.86458
356,-0.67312
357,0.16472
358,0.96438
359,0.91329
360,-0.01903
361,0.99130
362,0.98492
363,0.89905
364,-0.00002
365,0.76370
366,-0.40728
367,-0.12487
368,0.91897
369,0.14075
370,-0.70716
371,-0.31171
372,0.98237
373,0.92519
374,-0.81038
375,-0.51095
376,0.89055
377,0.55420
378,-0.87708
379,0.72093
380,0.13507
381,-0.08291
382,-0.34304
383,-0.20265
384,-0.37322
385,-0.57292
386,0.93743
387,-0.04674
388,0.55878
389,0.04319
390,0.90358
391,0.97647
392,0.74969
393,0.79683
394,-0.66193
395,0.40780
396,0.90408
397,0.61974
398,-0.05451
399,0.99860
400,0.91561
401,0.67070
402,-0.79905
403,0.10696
404,-0.14744
405,0.80285
406,-0.02104
407,0.91661
408,0.98550
409,0.96262
410,-0.83098
411,-0.40177
412,0.97698
413,-0.90726
414,0.50261
415,-0.10906
416,-0.78181
417,0.97647
418,0.04111
419,0.20604
420,-0.75461
421,0.97606
422,-0.08583
423,-0.11043
424,0.94906
425,-0.04056
426,-0.14328
427,0.95706
428,0.93663
429,0.89213
430,0.87460
431,0.98242
432,-0.45903
433,0.80599
434,-0.76246
435,0.06170
436,0.43052
437,0.94664
438,0.74356
439,-0.70956
440,-0.77850
441,-0.49024
442,-0.56397
443,0.88833
444,0.23567
445,-0.89267
446,0.99517
447,0.11923
448,0.90190
449,0.98535
450,-0.59944
451,0.54933
452,-0.68228
453,0.73081
454,0.97464
455,0.97026
456,-0.20687
457,0.27095
458,0.93472
459,-0.23622
460,0.96976
461,0.46186
462,0.83104
463,0.55797
464,0.00050
465,-0.58583
466,0.83502
467,0.94332
468,0.93941
469,0.99057
470,-0.64998
471,-0.72123
472,0.93431
473,0.94902
474,0.88700
475,0.43111
476,0.58942
477,-0.84744
478,0.69727
479,0.95642
480,0.59767
481,0.91447
482,0.27697
483,0.94120
484,0.95648
485,-0.00152
486,0.03544
487,0.99292
488,0.93374
489,0.94371
490,-0.65587
491,0.95408
492,0.02249
493,0.87749
494,0.95638
495,0.36764
496,0.91428
497,0.94465
498,0.96260
499,0.98234
500,0.64971
501,0.05901
502,-0.00851
503,0.97462
504,0.96872
505,-0.10024
506,0.86108
507,-0.85514
508,0.72148
509,0.04041
510,0.67468
511,0.61882
512,0.94105
513,0.69665
514,0.97900
515,0.87803
516,0.95930
517,-0.77077
518,0.72063
519,-0.09136
520,0.65310
521,0.37099
522,-0.82875
523,0.95775
524,-0.09979
525,0.86748
526,0.64328
527,0.07731
528,-0.26728
529,0.96745
530,0.99912
531,0.65298
532,-0.00264
533,0.56879
534,0.92281
535,-0.40202
536,0.27003
537,-0.44442
538,-0.71800
539,0.17742
540,0.99119
541,-0.49770
542,-0.71418
543,0.54365
544,-0.07609
545,-0.10777
546,0.95891
547,0.78632
548,0.40150
549,0.08367
550,-0.19019
551,0.94548
552,0.95289
553,0.93773
554,0.24571
555,0.93006
556,0.91647
557,-0.50432
558,0.95852
559,0.99730
560,0.74185
561,0.65303
562,0.42795
563,0.87061
564,0.91657
565,0.96850
566,0.93405
567,-0.03263
568,0.58746
569,-0.31923
570,-0.71969
571,-0.37501
572,0.04927
573,0.90781
574,-0.73410
575,-0.80578
576,0.34471
577,-0.03206
578,0.91613
579,-0.61002
580,-0.76187
581,0.89843
582,0.66537
583,-0.16762
584,-0.01132
585,-0.81582
586,0.78303
587,0.96525
588,-0.02099
589,0.92987
590,0.92447
591,-0.08970
592,0.97923
593,0.91142
594,0.81423
595,0.92827
596,-0.74248
597,0.00171
598,0.22549
599,0.80755
600,0.95929
601,-0.64746
602,-0.92456
603,-0.88917
604,0.93275
605,-0.86418
606,0.21325
607,0.34156
608,0.49704
609,-0.77976
610,-0.81265
611,-0.07211
612,-0.50802
613,0.77861
614,0.55301
615,-0.13859
616,0.96679
617,-0.09085
618,0.85603
619,-0.37132
620,0.83625
621,-0.48308
622,0.96400
623,0.52044
624,-0.39747
625,-0.85728
626,0.93831
627,-0.70824
628,0.95036
629,0.94350
630,0.90954
631,0.98134
632,0.09075
633,0.96095
634,-0.87558
635,-0.75836
636,0.89616
637,-0.59240
638,-0.68721
639,-0.21878
640,0.95305
641,-0.36309
642,-0.13661
643,-0.08757
644,0.61690
645,0.98519
646,0.00412
647,0.60723
648,0.91877
649,-0.24036
650,-0.94343
651,-0.63314
652,0.77792
653,-0.15062
654,-0.41093
655,0.96408
656,-0.81360
657,0.95326
658,0.31176
659,-0.48909
660,-0.64993
661,0.03499
662,0.86304
663,0.09666
664,-0.29387
665,0.75655
666,0.92943
667,0.96652
668,0.01471
669,-0.82423
670,-0.23096
671,0.99540
672,-0.73886
673,0.83435
674,0.51419
675,0.03982
676,-0.05065
677,-0.80088
678,-0.03483
679,0.56607
680,0.19286
681,0.83172
682,-0.86984
683,-0.45061
684,-0.42519
685,-0.48732
686,0.88792
687,-0.39458
688,0.17695
689,0.96804
690,0.96161
691,-0.42548
692,-0.69840
693,0.75308
694,-0.51276
695,0.31138
696,-0.29605
697,-0.83193
698,0.01307
699,0.82019
700,0.97905
701,-0.83267
702,0.97537
703,-0.42260
704,0.99792
705,-0.21513
706,0.26822
707,-0.22878
708,0.94801
709,-0.59634
710,0.95513
711,-0.03069
712,-0.85187
713,0.09842
714,0.29464
715,0.98328
716,-0.33930
717,0.58050
718,0.90644
719,-0.61943
720,0.86464
721,0.43890
722,0.98595
723,-0.21571
724,0.98615
725,0.16456
726,0.13539
727,0.96554
728,-0.25452
729,-0.35115
730,0.87306
731,0.93457
732,-0.46018
733,0.99723
734,0.98645
735,0.27141
736,0.79444
737,-0.60330
738,0.07871
739,0.99241
740,-0.84421
741,0.93009
742,-0.18223
743,0.99580
744,0.53854
745,0.94080
746,-0.92018
747,0.58722
748,0.87669
749,0.62380
750,-0.78588
751,-0.61614
752,0.91175
753,-0.16569
754,0.97812
755,-0.05374
756,0.98395
757,-0.33876
758,0.98570
759,-0.41227
760,0.98727
761,0.64322
762,0.66042
763,0.93790
764,0.94308
765,0.38853
766,0.66050
767,-0.31913
768,-0.76272
769,0.79782
770,0.73975
771,-0.34010
772,0.90590
773,0.11730
774,-0.58202
775,-0.67067
776,0.87761
777,0.83033
778,-0.39672
779,0.99510
780,0.91298
781,-0.91979
782,0.58320
783,0.93964
784,0.97572
785,0.41574
786,0.92780
787,0.87428
788,-0.05702
789,-0.35550
790,0.33874
791,0.93820
792,-0.23445
793,0.91900
794,-0.70985
795,0.91157
796,-0.61430
797,-0.23389
798,0.36382
799,-0.12618
800,0.79259
801,0.98858
802,0.85438
803,0.98598
804,0.83373
805,-0.90862
806,0.26261
807,-0.61498
808,-0.95339
809,0.00048
810,0.66534
811,0.55770
812,0.87921
813,0.67626
814,0.20198
815,0.28210
816,-0.48266
817,0.39189
818,-0.73677
819,0.95844
820,-0.19300
821,-0.08496
822,-0.54969
823,-0.91406
824,0.92857
825,0.04634
826,-0.60507
827,-0.20780
828,-0.81014
829,0.68637
830,0.99678
831,-0.50407
832,0.79810
833,-0.62129
834,0.81066
835,-0.13489
836,0.99417
837,0.91182
838,0.95918
839,0.69568
840,0.33360
841,0.95915
842,-0.02146
843,-0.40613
844,0.94866
845,0.92399
846,-0.10994
847,0.95082
848,-0.32699
849,0.81135
850,-0.84519
851,-0.01440
852,-0.86035
853,0.34570
854,0.17970
855,0.97540
856,0.88819
857,-0.37461
858,0.78542
859,-0.09310
860,0.18035
861,-0.59437
862,0.14506
863,0.95970
864,-0.66999
865,-0.55346
866,-0.76078
867,0.98921
868,-0.84268
869,0.11836
870,-0.91166
871,-0.33670
872,0.87720
873,0.84864
874,0.93541
875,-0.35670
876,-0.79665
877,-0.66445
878,0.65889
879,0.38286
880,-0.50238
881,0.97404
882,-0.64242
883,0.75619
884,0.40299
885,-0.01429
886,-0.80187
887,0.97927
888,-0.16188
889,0.93162
890,0.07796
891,-0.79248
892,0.96442
893,0.85974
894,-0.45260
895,0.99892
896,0.81404
897,0.99598
898,0.95604
899,0.90717
900,0.58227
901,0.98001
902,0.95167
903,0.59353
904,-0.91251
905,-0.46554
906,-0.13114
907,-0.64329
908,-0.11742
909,-0.78101
910,-0.27374
911,0.74761
912,0.93501
913,-0.33850
914,0.83345
915,0.14465
916,0.74867
917,0.95067
918,0.98471
919,-0.24318
920,-0.27196
921,0.00335
922,0.91858
923,0.76756
924,0.98638
925,-0.38083
926,-0.49004
927,0.57508
928,-0.23177
929,0.99646
930,-0.52118
931,-0.62797
932,0.99558
933,0.95596
934,0.94333
935,0.09850
936,-0.73943
937,0.92763
938,0.94105
939,0.89566
940,-0.61193
941,0.88727
942,-0.93382
943,0.02061
944,-0.07012
945,-0.83308
946,0.53063
947,-0.77962
948,0.89393
949,0.38663
950,0.36380
951,-0.72924
952,0.99633
953,-0.50174
954,-0.73932
955,0.98973
956,-0.18845
957,-0.39306
958,0.90729
959,0.95531
960,-0.62015
961,-0.49579
962,0.89966
963,0.13346
964,0.69824
965,0.91483
966,0.42954
967,0.87731
968,0.02833
969,0.97371
970,0.84996
971,0.98946
972,0.96465
973,0.95544
974,0.93728
975,0.75945
976,-0.95143
977,0.67843
978,-0.39291
979,0.53868
980,0.98459
981,0.26301
982,-0.80789
983,0.65090
984,0.93760
985,-0.06916
986,0.87830
987,0.98292
988,-0.79768
989,-0.24037
990,0.93290
991,-0.87207
992,-0.61979
993,-0.69768
994,-0.62516
995,0.90379
996,0.36056
997,0.97299
998,0.84714
999,0.73514
1000,-0.83849
1001,0.86708
1002,0.30388
1003,0.92238
1004,0.27248
1005,0.18895
1006,0.84758
1007,-0.18227
1008,0.73645
1009,-0.70208
1010,0.89790
1011,0.74903
1012,0.88896
1013,0.10001
1014,0.98570
1015,-0.10547
1016,0.58229
1017,0.75668
1018,-0.88294
1019,0.97764
1020,0.85918
1021,0.92430
1022,-0.84485
1023,0.75033
1024,0.84038
1025,-0.96122
1026,0.99057
1027,-0.81598
1028,0.29710
1029,0.90125
1030,-0.34209
1031,-0.22823
1032,-0.03910
1033,0.16350
1034,0.97245
1035,0.92430
1036,-0.56550
1037,-0.55928
1038,0.62951
1039,0.84868
1040,0.92872
1041,-0.15052
1042,0.98221
1043,-0.66659
1044,0.95540
1045,0.94999
1046,0.57041
1047,0.79846
1048,0.95310
1049,-0.00314
1050,-0.57429
1051,0.53586
1052,0.21823
1053,-0.88301
1054,0.13958
1055,0.46563
1056,0.82222
1057,0.30080
1058,0.88211
1059,0.21659
1060,0.96263
1061,0.91497
1062,0.87239
1063,-0.76292
1064,0.72086
1065,0.97456
1066,-0.71368
1067,0.01970
1068,0.80644
1069,0.98389
1070,-0.10636
1071,0.72856
1072,0.91248
1073,0.38959
1074,0.97986
1075,-0.91201
1076,-0.12445
1077,-0.95722
1078,0.95761
1079,0.88120
1080,-0.85292
1081,-0.65348
1082,0.16880
1083,0.91282
1084,-0.83844
1085,-0.06068
1086,-0.86274
1087,0.35707
1088,0.63399
1089,-0.90764
1090,0.90420
1091,0.13374
1092,-0.23248
1093,0.94015
1094,0.99299
1095,0.40613
1096,0.98117
1097,-0.68831
1098,-0.22530
1099,0.95075
1100,0.14969
1101,0.65131
1102,0.91728
1103,0.60497
1104,0.82384
1105,0.47782
1106,0.26229
1107,0.62517
1108,0.17653
1109,0.85552
1110,0.94594
1111,0.95484
1112,0.97990
1113,-0.79100
1114,0.99997
1115,-0.34711
1116,0.90841
1117,-0.46821
1118,-0.91181
1119,-0.75444
1120,-0.51758
1121,-0.43749
1122,0.84492
1123,0.05518
1124,-0.97350
1125,-0.93393
1126,0.95391
1127,0.87646
1128,-0.77873
1129,0.96078
1130,0.05874
1131,-0.62859
1132,0.89820
1133,-0.89749
1134,0.11010
1135,0.18646
1136,-0.14720
1137,-0.56395
1138,-0.82073
1139,0.97800
1140,-0.77921
1141,0.94422
1142,0.68045
1143,-0.92386
1144,0.49001
1145,0.53662
1146,0.95564
1147,0.83809
1148,0.96215
1149,0.81526
1150,0.90937
1151,-0.03928
1152,-0.52329
1153,-0.18190
1154,0.95536
1155,0.95919
1156,-0.94886
1157,0.97939
1158,0.00132
1159,0.80431
1160,0.86044
1161,-0.82175
1162,0.95464
1163,0.98489
1164,0.94886
1165,0.99756
1166,-0.87663
1167,-0.68496
1168,0.91418
1169,0.96111
1170,0.92491
1171,-0.91139
1172,-0.04637
1173,0.27446
1174,0.87847
1175,0.76156
1176,0.96490
1177,0.97336
1178,0.93752
1179,-0.63576
1180,-0.88182
1181,0.15788
1182,0.90400
1183,0.05849
1184,0.75705
1185,0.97713
1186,-0.51596
1187,0.18569
1188,0.96448
1189,-0.79773
1190,-0.83506
1191,0.96706
1192,0.29341
1193,0.40177
1194,0.94738
1195,0.83183
1196,0.00818
1197,-0.80158
1198,0.72948
1199,-0.14043
1200,0.86027
1201,-0.56301
1202,-0.75395
1203,-0.60768
1204,0.89534
1205,-0.02791
1206,0.70022
1207,-0.68285
1208,0.94301
1209,0.65222
1210,-0.55540
1211,-0.90186
1212,0.19654
1213,-0.28952
1214,0.59898
1215,0.01394
1216,-0.47929
1217,0.95148
1218,-0.41750
1219,-0.62471
1220,0.93485
1221,0.98002
1222,-0.87514
1223,-0.63371
1224,-0.67834
1225,0.73408
1226,0.96351
1227,-0.73187
1228,0.99083
1229,-0.91842
1230,-0.92513
1231,-0.98875
1232,0.89624
1233,-0.57981
1234,-0.73105
1235,-0.92720
1236,0.96731
1237,-0.72873
1238,-0.85242
1239,0.90415
1240,0.94385
1241,-0.69438
1242,0.13075
1243,-0.31780
1244,0.98804
1245,0.91444
1246,0.82802
1247,0.14634
1248,0.74318
1249,0.00291
1250,0.94561
1251,-0.54599
1252,0.74298
1253,0.20939
1254,-0.40947
1255,0.97124
1256,0.46350
1257,0.95143
1258,0.94693
1259,0.96145
1260,0.03922
1261,-0.82293
1262,0.92257
1263,0.98005
1264,0.97916
1265,0.27013
1266,0.96249
1267,0.96412
1268,0.94362
1269,-0.01195
1270,-0.90187
1271,0.94627
1272,-0.05542
1273,0.85423
1274,0.93922
1275,0.91349
1276,0.96791
1277,0.93061
1278,0.91255
1279,0.22082
1280,0.94500
1281,0.98573
1282,0.08713
1283,-0.47795
1284,0.97670
1285,0.94019
1286,0.76492
1287,0.97011
1288,0.83812
1289,-0.18908
1290,0.99343
1291,0.93558
1292,0.70882
1293,-0.68658
1294,0.84945
1295,0.94371
1296,0.74923
1297,0.35154
1298,0.94589
1299,0.84057
1300,-0.87430
1301,-0.32648
1302,0.87931
1303,0.92021
1304,0.26205
1305,0.98515
1306,-0.29436
1307,0.90365
1308,0.87087
1309,-0.00855
1310,0.80088
1311,0.90417
1312,0.99342
1313,-0.10412
1314,0.95863
1315,0.77509
1316,-0.71521
1317,-0.53674
1318,0.83601
1319,-0.70532
1320,-0.80249
1321,-0.74606
1322,0.49552
1323,-0.02944
1324,0.40897
1325,0.94262
1326,-0.93013
1327,0.18446
1328,-0.83126
1329,0.94558
1330,0.81844
1331,0.80470
1332,-0.53909
1333,0.72297
1334,0.90285
1335,0.91084
1336,-0.64864
1337,-0.56244
1338,0.85682
1339,0.94831
1340,0.90019
1341,-0.41018
1342,-0.32457
1343,-0.75836
1344,-0.23632
1345,-0.06719
1346,0.21934
1347,0.94025
1348,0.95856
1349,-0.88524
1350,-0.65684
1351,0.94233
1352,0.92354
1353,0.88376
1354,0.99913
1355,0.47804
1356,0.94228
1357,0.95866
1358,0.93489
1359,-0.74159
1360,0.92219
1361,0.93501
1362,0.96760
1363,0.92676
1364,0.69395
1365,0.88464
1366,-0.02684
1367,0.80874
1368,0.03148
1369,0.64990
1370,0.86481
1371,-0.02612
1372,0.24098
1373,0.99229
1374,0.89484
1375,0.90413
1376,0.85168
1377,0.73215
1378,-0.47391
1379,0.93497
1380,0.19789
1381,0.94447
1382,-0.06146
1383,-0.68576
1384,-0.41858
1385,0.98275
1386,0.92287
1387,-0.83523
1388,0.96124
1389,-0.14529
1390,0.54211
1391,0.83847
1392,0.24228
1393,-0.18002
1394,-0.39698
1395,-0.52618
1396,-0.93232
1397,-0.72866
1398,0.79469
1399,-0.88563
1400,0.20616
1401,0.94919
1402,0.96445
1403,-0.66494
1404,0.99609
1405,-0.47106
1406,0.90861
1407,0.47354
1408,-0.53137
1409,0.50045
1410,0.87470
1411,0.61402
1412,0.01405
1413,-0.74529
1414,0.85053
1415,0.99274
1416,0.92239
1417,0.95688
1418,-0.00582
1419,0.98879
1420,0.96847
1421,-0.76846
1422,0.93810
1423,0.06556
1424,0.92533
1425,0.40643
1426,0.88371
1427,0.99947
1428,0.08822
1429,-0.24736
1430,-0.22341
1431,0.29192
1432,0.82595
1433,0.86350
1434,0.89432
1435,-0.83759
1436,0.67009
1437,0.93848
1438,0.92435
1439,0.05080
1440,0.96203
1441,0.97096
1442,-0.74479
1443,0.58008
1444,0.89548
1445,0.17085
1446,0.57015
1447,-0.86368
1448,-0.63897
1449,-0.70310
1450,-0.11464
1451,-0.68070
1452,-0.43616
1453,-0.29663
1454,0.95363
1455,0.96135
1456,0.93948
1457,0.89257
1458,-0.27846
1459,0.11520
1460,-0.90689
1461,0.96501
1462,-0.69531
1463,0.88537
1464,0.94592
1465,-0.01021
1466,0.58805
1467,-0.23891
1468,0.98000
1469,0.89294
1470,0.76365
1471,-0.49899
1472,0.79326
1473,0.60471
1474,0.95454
1475,0.02067
1476,-0.90765
1477,-0.44319
1478,-0.61342
1479,0.89306
1480,-0.00661
1481,-0.10856
1482,-0.02083
1483,0.98427
1484,-0.31464
1485,0.99999
1486,-0.36811
1487,-0.28186
1488,-0.82101
1489,0.81966
1490,-0.65827
1491,-0.05844
1492,-0.48514
1493,0.99622
1494,0.17520
1495,0.82082
1496,-0.83915
1497,-0.69480
1498,-0.06648
1499,-0.50619
1500,0.56572
1501,-0.22739
1502,-0.20194
1503,-0.81256
1504,0.06020
1505,0.97061
1506,-0.67773
1507,-0.76137
1508,0.94353
1509,0.99582
1510,0.63440
1511,0.91295
1512,-0.85678
1513,0.89545
1514,-0.85247
1515,0.37138
1516,0.02103
1517,-0.48758
1518,0.95137
1519,0.45796
1520,0.93243
1521,0.14108
1522,0.96001
1523,0.94284
1524,0.93758
1525,-0.48747
1526,0.92446
1527,-0.24974
1528,-0.89639
1529,0.64620
1530,0.40080
1531,0.64684
1532,0.86976
1533,-0.10859
1534,0.66012
1535,0.77453
1536,-0.76150
1537,0.97873
1538,0.92661
1539,-0.53192
1540,-0.83478
1541,-0.58474
1542,0.97704
1543,0.75425
1544,-0.15362
1545,0.95214
1546,-0.09048
1547,0.99047
1548,0.98965
1549,0.99234
1550,-0.04183
1551,0.12144
1552,-0.73515
1553,0.88722
1554,-0.34318
1555,0.42155
1556,-0.10163
1557,-0.61609
1558,0.40661
1559,0.84386
1560,0.83077
1561,0.72308
1562,0.95595
1563,0.98085
1564,0.06896
1565,-0.73507
1566,-0.83040
1567,0.86583
1568,0.00565
1569,0.88189
1570,-0.78122
1571,-0.81400
1572,-0.08140
1573,0.91694
1574,0.97272
1575,0.44615
1576,0.75100
1577,0.71197
1578,0.57734
1579,0.42505
1580,0.91465
1581,0.85916
1582,0.08081
1583,0.85603
1584,-0.75616
1585,0.74283
1586,0.90866
1587,0.25470
1588,0.07531
1589,0.75713
1590,0.00002
1591,0.98820
1592,-0.86550
1593,0.88136
1594,0.30677
1595,0.97910
1596,0.51424
1597,-0.77842
1598,0.98791
1599,-0.02931
1600,0.86800
1601,-0.28006
1602,0.13656
1603,-0.93507
1604,0.91062
1605,0.94493
1606,0.99393
1607,0.98331
1608,-0.36441
1609,0.67076
1610,0.68988
1611,-0.88678
1612,0.62387
1613,-0.69045
1614,-0.88190
1615,-0.81933
1616,-0.86640
1617,-0.44471
1618,-0.85383
1619,-0.73689
1620,0.89003
1621,0.70316
1622,-0.92097
1623,0.95451
1624,-0.88804
1625,-0.00814
1626,0.33590
1627,0.81553
1628,0.86859
1629,-0.51974
1630,0.91962
1631,-0.43282
1632,0.49896
1633,-0.06581
1634,0.97195
1635,-0.63085
1636,0.68569
1637,0.37426
1638,0.13923
1639,-0.86713
1640,-0.11167
1641,-0.03099
1642,0.94676
1643,-0.80923
1644,-0.91349
1645,0.65821
1646,-0.50674
1647,-0.84729
1648,0.74626
1649,0.96610
1650,0.84456
1651,0.67419
1652,0.98734
1653,-0.90663
1654,-0.80485
1655,0.96113
1656,0.95823
1657,0.91813
1658,0.33432
1659,0.73822
1660,-0.83805
1661,-0.96190
1662,0.97288
1663,0.00271
1664,0.95058
1665,0.98597
1666,0.76596
1667,-0.95586
1668,-0.06357
1669,0.52240
1670,-0.83029
1671,0.55519
1672,0.69849
1673,-0.76677
1674,0.95279
1675,0.79208
1676,0.98115
1677,-0.85056
1678,0.95640
1679,0.89702
1680,-0.82207
1681,0.96772
1682,-0.66924
1683,0.99052
1684,0.92083
1685,0.79984
1686,-0.83032
1687,-0.59291
1688,-0.54801
1689,-0.41593
1690,0.89772
1691,0.97205
1692,-0.86456
1693,-0.71836
1694,-0.72127
1695,-0.19801
1696,0.74291
1697,0.97847
1698,0.95389
1699,0.86559
1700,0.28043
1701,-0.63296
1702,0.89345
1703,0.92655
1704,0.92689
1705,-0.28557
1706,0.98767
1707,-0.57379
1708,0.90882
1709,0.40173
1710,0.91808
1711,-0.08323
1712,0.92951
1713,0.83133
1714,0.63442
1715,0.35789
1716,0.90227
1717,0.70233
1718,-0.68802
1719,-0.16528
1720,0.81049
1721,0.96704
1722,0.67672
1723,0.94302
1724,-0.43192
1725,0.96726
1726,0.53619
1727,0.91526
1728,-0.91986
1729,0.41049
1730,-0.74385
1731,-0.91886
1732,0.70151
1733,-0.65898
1734,0.97820
1735,-0.29319
1736,-0.84259
1737,0.98174
1738,0.98082
1739,0.74721
1740,-0.91273
1741,0.91704
1742,0.21325
1743,0.97465
1744,0.69201
1745,0.09474
1746,0.86547
1747,0.98165
1748,0.01133
1749,0.00053
1750,0.86586
1751,0.69253
1752,-0.77229
1753,0.93557
1754,0.79420
1755,0.97375
1756,0.89417
1757,0.95959
1758,0.82501
1759,0.91118
1760,-0.09411
1761,-0.70431
1762,0.99778
1763,-0.07793
1764,0.09208
1765,0.98648
1766,-0.86332
1767,-0.45441
1768,-0.82276
1769,-0.37066
1770,-0.81782
1771,0.02228
1772,0.79019
1773,0.52068
1774,0.88672
1775,0.99074
1776,0.91624
1777,-0.76591
1778,0.96515
1779,0.89654
1780,0.80503
1781,-0.60385
1782,0.99399
1783,0.89357
1784,-0.84231
1785,0.89613
1786,-0.11456
1787,-0.77376
1788,-0.43001
1789,0.98399
1790,0.94571
1791,-0.88717
1792,-0.67577
1793,0.36470
1794,-0.90958
1795,0.11590
1796,0.40737
1797,0.97148
1798,0.95140
1799,-0.72900
1800,0.67498
1801,0.10938
1802,0.95349
1803,0.92466
1804,-0.82663
1805,-0.81393
1806,-0.15843
1807,-0.59190
1808,0.96784
1809,0.95487
1810,0.87265
1811,0.92692
1812,-0.64775
1813,-0.81128
1814,-0.73649
1815,0.82278
1816,0.78268
1817,0.74045
1818,-0.79878
1819,0.59215
1820,-0.76424
1821,0.95928
1822,0.66839
1823,-0.69978
1824,0.12765
1825,0.37995
1826,0.96704
1827,0.63822
1828,-0.85282
1829,0.87578
1830,0.98229
1831,-0.73262
1832,0.83889
1833,-0.08410
1834,-0.20995
1835,-0.39141
1836,-0.09934
1837,-0.26704
1838,0.98068
1839,0.69836
1840,-0.94151
1841,-0.86867
1842,-0.25271
1843,0.92678
1844,0.98739
1845,0.98710
1846,0.98375
1847,-0.88424
1848,-0.73996
1849,0.82153
1850,0.97157
1851,0.94519
1852,-0.92954
1853,0.87915
1854,-0.69684
1855,-0.08689
1856,0.99745
1857,0.93098
1858,0.88086
1859,-0.90945
1860,-0.66482
1861,0.19022
1862,0.88336
1863,0.15992
1864,0.20157
1865,-0.26559
1866,-0.83867
1867,-0.61658
1868,0.89267
1869,-0.12948
1870,-0.56195
1871,-0.02017
1872,0.61923
1873,0.96031
1874,0.93370
1875,0.27357
1876,0.96899
1877,-0.81352
1878,0.97854
1879,0.73036
1880,-0.98153
1881,0.90084
1882,0.42839
1883,0.95429
1884,-0.56306
1885,-0.00496
1886,0.90682
1887,0.97841
1888,0.01976
1889,-0.74019
1890,-0.94033
1891,0.75923
1892,0.68830
1893,0.97138
1894,-0.78144
1895,0.88203
1896,0.49819
1897,0.96700
1898,0.57462
1899,0.98366
1900,0.98652
1901,0.97307
1902,0.87745
1903,0.88450
1904,0.96508
1905,-0.61951
1906,0.95560
1907,-0.04881
1908,-0.33276
1909,-0.69628
1910,0.06850
1911,-0.32265
1912,0.05052
1913,-0.24346
1914,-0.74711
1915,-0.21016
1916,0.85017
1917,-0.73102
1918,0.89347
1919,0.18643
1920,0.67783
1921,0.67549
1922,0.96699
1923,0.84476
1924,0.96385
1925,0.88086
1926,0.21846
1927,0.80579
1928,0.91681
1929,0.94942
1930,-0.37190
1931,-0.45812
1932,0.93149
1933,0.94834
1934,-0.08577
1935,0.60826
1936,0.98658
1937,0.98144
1938,-0.00397
1939,0.93096
1940,0.02893
1941,0.89071
1942,-0.96308
1943,-0.72392
1944,-0.77971
1945,-0.68373
1946,0.88430
1947,0.59232
1948,0.86991
1949,0.98392
1950,0.53928
1951,-0.86948
1952,-0.56570
1953,-0.10930
1954,0.92844
1955,0.39474
1956,0.91530
1957,0.95050
1958,0.96132
1959,-0.81807
1960,0.98788
1961,0.54356
1962,-0.82038
1963,-0.01936
1964,0.80593
1965,0.98237
1966,-0.85131
1967,0.96655
1968,0.00807
1969,0.96247
1970,-0.88245
1971,0.31724
1972,-0.03801
1973,0.78317
1974,0.92595
1975,0.87626
1976,0.51213
1977,-0.84305
1978,0.58895
1979,-0.79999
1980,-0.47596
1981,0.64023
1982,0.88458
1983,0.20397
1984,0.57122
1985,0.89393
1986,0.98979
1987,-0.86829
1988,0.55256
1989,0.96666
1990,-0.92618
1991,0.84598
1992,-0.06766
1993,0.75943
1994,0.92622
1995,-0.88161
1996,0.09039
1997,-0.58354
1998,0.86334
1999,0.39547
2000,-0.72549
2001,-0.04199
2002,-0.27081
2003,-0.02218
2004,-0.87975
2005,0.89989
2006,0.96936
2007,-0.74303
2008,0.06995
2009,0.93884
2010,0.69736
2011,0.89762
2012,-0.13539
2013,-0.91756
2014,0.22158
2015,0.93687
2016,-0.67450
2017,0.97566
2018,0.98202
2019,-0.71308
2020,0.98528
2021,0.83908
2022,0.96385
2023,-0.63328
2024,0.97518
2025,-0.23650
2026,0.98244
2027,0.99438
2028,0.99264
2029,-0.85397
2030,-0.87071
2031,0.07251
2032,0.04564
2033,-0.58383
2034,0.90984
2035,0.24719
2036,0.82858
2037,0.26037
2038,-0.84631
2039,0.87117
2040,-0.17219
2041,-0.22081
2042,0.93239
2043,0.40780
2044,0.93634
2045,0.96918
2046,0.97767
2047,0.91685
2048,-0.03323
2049,0.88790
2050,-0.30797
2051,0.48593
2052,-0.82474
2053,-0.81961
2054,0.87092
2055,0.90000
2056,0.96862
2057,0.49270
2058,-0.84635
2059,0.53893
2060,-0.61072
2061,-0.16125
2062,0.94465
2063,0.99152
2064,-0.41396
2065,0.87181
2066,0.93713
2067,0.90998
2068,0.16784
2069,0.98317
2070,-0.75017
2071,0.99602
2072,-0.86158
2073,0.95011
2074,-0.41364
2075,-0.31087
2076,-0.46366
2077,0.94873
2078,0.04418
2079,-0.65179
2080,-0.84523
2081,0.68166
2082,0.98077
2083,-0.39574
2084,-0.90683
2085,0.97840
2086,-0.12700
2087,0.89614
2088,-0.52283
2089,0.52466
2090,0.89259
2091,0.94952
2092,0.95974
2093,0.93069
2094,-0.64620
2095,0.81163
2096,-0.71353
2097,0.92435
2098,-0.15143
2099,0.82884
2100,0.04095
2101,0.11513
2102,-0.85207
2103,0.91253
2104,0.66160
2105,0.91963
2106,0.14683
2107,-0.79006
2108,0.99378
2109,-0.29233
2110,0.98117
2111,-0.68937
2112,0.93744
2113,0.99073
2114,0.95799
2115,0.85507
2116,0.96268
2117,-0.08648
2118,0.04510
2119,-0.33407
2120,0.37178
2121,-0.91140
2122,0.93430
2123,0.06904
2124,0.34286
2125,0.99086
2126,0.99313
2127,0.42398
2128,0.01420
2129,0.97761
2130,0.65923
2131,0.77440
2132,0.05559
2133,0.61417
2134,-0.69368
2135,-0.67638
2136,0.93912
2137,0.88834
2138,0.32200
2139,-0.20855
2140,0.96506
2141,0.92728
2142,0.97912
2143,0.96194
2144,-0.33036
2145,-0.61799
2146,0.85337
2147,0.49276
2148,0.84612
2149,-0.80730
2150,0.90042
2151,0.79200
2152,-0.30631
2153,0.43527
2154,0.85291
2155,0.94263
2156,-0.21782
2157,0.94107
2158,0.96067
2159,0.58007
2160,0.91107
2161,0.87747
2162,-0.48351
2163,0.91269
2164,-0.40647
2165,0.67775
2166,-0.06880
2167,0.97297
2168,-0.93204
2169,0.70618
2170,0.90768
2171,-0.78584
2172,0.95085
2173,-0.36575
2174,0.99655
2175,0.76317
2176,0.96371
2177,0.98227
2178,0.93509
2179,-0.53983
2180,0.22769
2181,-0.19902
2182,0.96470
2183,0.86277
2184,-0.81819
2185,0.96181
2186,0.64970
2187,-0.63045
2188,0.72179
2189,0.85118
2190,0.97268
2191,0.96919
2192,0.10784
2193,-0.07009
2194,0.09230
2195,0.98087
2196,0.86495
2197,-0.46259
2198,-0.82554
2199,-0.42733
2200,-0.72517
2201,0.82205
2202,-0.26975
2203,-0.98001
2204,-0.90006
2205,-0.11680
2206,0.79228
2207,0.81689
2208,0.04905
2209,0.67442
2210,0.37697
2211,0.25114
2212,-0.58746
2213,-0.64964
2214,-0.83954
2215,0.96908
2216,0.70603
2217,-0.40169
2218,-0.63885
2219,0.79879
2220,0.70711
2221,0.93249
2222,0.31067
2223,-0.80343
2224,-0.21273
2225,0.94611
2226,0.23808
2227,-0.64899
2228,0.64309
2229,-0.02118
2230,0.85266
2231,0.96500
2232,0.95363
2233,0.52888
2234,0.94114
2235,0.87070
2236,-0.63419
2237,0.10349
2238,0.99140
2239,0.93618
2240,-0.74440
2241,0.98040
2242,0.99502
2243,0.93335
2244,-0.12095
2245,-0.27432
2246,-0.20705
2247,0.19502
2248,-0.83394
2249,-0.11107
2250,0.40998
2251,0.92278
2252,0.98513
2253,0.95801
2254,-0.72569
2255,0.96825
2256,-0.70957
2257,0.86138
2258,0.05991
2259,-0.26751
2260,0.66694
2261,-0.90273
2262,0.09939
2263,0.96219
2264,-0.64735
2265,-0.83176
2266,-0.87824
2267,0.59531
2268,0.98873
2269,0.83939
2270,0.33105
2271,0.26341
2272,0.95846
2273,0.05295
2274,0.17757
2275,0.96666
2276,0.94388
2277,-0.70919
2278,0.76676
2279,-0.82917
2280,-0.83418
2281,0.88075
2282,0.93687
2283,0.82148
2284,0.76800
2285,0.97842
2286,-0.84519
2287,-0.34485
2288,0.84424
2289,-0.68203
2290,0.40371
2291,-0.85200
2292,0.91871
2293,-0.63637
2294,-0.84932
2295,0.92899
2296,0.76672
2297,-0.66198
2298,0.85788
2299,-0.73705
2300,0.82540
2301,-0.23019
2302,0.89061
2303,-0.05938
2304,-0.51642
2305,0.91761
2306,0.76751
2307,0.85952
2308,-0.80714
2309,0.96945
2310,0.88976
2311,-0.55215
2312,-0.40957
2313,-0.86354
2314,0.94724
2315,-0.09253
2316,-0.31835
2317,0.86990
2318,0.98801
2319,0.22702
2320,0.99136
2321,0.93523
2322,0.96731
2323,0.98015
2324,-0.80304
2325,0.84712
2326,0.93700
2327,0.71543
2328,-0.84333
2329,-0.54779
2330,0.96026
2331,-0.76079
2332,0.80999
2333,-0.84161
2334,0.31921
2335,-0.87947
2336,0.94105
2337,-0.72492
2338,-0.68659
2339,0.92346
2340,0.92424
2341,0.98744
2342,0.89714
2343,-0.17237
2344,0.98076
2345,0.90507
2346,-0.85316
2347,0.80443
2348,0.95606
2349,-0.13965
2350,-0.69700
2351,0.96077
2352,-0.02659
2353,-0.58137
2354,0.97824
2355,0.98344
2356,0.89865
2357,-0.36981
2358,-0.72083
2359,-0.87378
2360,0.77571
2361,0.95928
2362,-0.63539
2363,-0.22134
2364,0.80433
2365,-0.22556
2366,-0.14332
2367,-0.01076
2368,0.20799
2369,-0.75359
2370,-0.86401
2371,0.94035
2372,0.57455
2373,0.09880
2374,0.82460
2375,0.84302
2376,0.96244
2377,0.94209
2378,-0.56496
2379,0.96162
2380,-0.16298
2381,0.83747
2382,0.93436
2383,0.79435
2384,-0.91646
2385,0.97154
2386,0.93781
2387,-0.22348
2388,0.97008
2389,-0.61097
2390,0.04062
2391,0.94906
2392,0.01240
2393,0.94413
2394,-0.55659
2395,-0.22566
2396,-0.17849
2397,0.15720
2398,-0.75255
2399,0.85145
2400,-0.11230
2401,-0.69391
2402,0.47763
2403,0.96892
2404,-0.22301
2405,-0.43191
2406,-0.77573
2407,0.82915
2408,0.97604
2409,-0.22331
2410,-0.90643
2411,0.78656
2412,-0.85507
2413,0.95209
2414,0.89819
2415,0.74188
2416,0.91765
2417,0.96558
2418,-0.58032
2419,0.89005
2420,0.97927
2421,0.24105
2422,-0.37326
2423,0.53072
2424,-0.53298
2425,-0.23507
2426,0.92645
2427,0.97284
2428,0.41382
2429,0.95662
2430,-0.13095
2431,-0.34704
2432,0.57941
2433,0.88433
2434,0.38752
2435,-0.87083
2436,0.94845
2437,0.86032
2438,-0.19887
2439,0.97229
2440,0.91074
2441,-0.79257
2442,0.81533
2443,0.92901
2444,0.86765
2445,0.95549
2446,-0.75202
2447,0.61311
2448,0.72640
2449,0.96543
2450,0.94868
2451,-0.25900
2452,0.96648
2453,-0.09009
2454,-0.59716
2455,0.97589
2456,-0.72319
2457,0.61190
2458,0.67390
2459,-0.66210
2460,-0.10447
2461,0.80773
2462,-0.74592
2463,0.88575
2464,0.32469
2465,-0.88123
2466,-0.67601
2467,0.95894
2468,0.19775
2469,0.87207
2470,-0.43876
2471,0.92131
2472,-0.77010
2473,0.90008
2474,0.93196
2475,0.99348
2476,-0.65347
2477,-0.00921
2478,-0.12202
2479,0.38742
2480,0.93789
2481,0.08334
2482,0.96394
2483,0.15576
2484,0.37889
2485,-0.81550
2486,-0.14068
2487,-0.28287
2488,-0.25944
2489,0.84648
2490,0.65010
2491,0.89554
2492,0.81564
2493,-0.15460
2494,-0.39268
2495,0.97026
2496,0.95755
2497,-0.16671
2498,0.95132
2499,-0.87241
2500,-0.14643
2501,0.97766
2502,0.98162
2503,-0.01158
2504,0.95177
2505,0.93148
2506,-0.62488
2507,0.94068
2508,0.95217
2509,0.93268
2510,0.98416
2511,-0.60365
2512,-0.84617
2513,0.51682
2514,0.54895
2515,-0.69472
2516,-0.36948
2517,0.52084
2518,-0.68760
2519,-0.19385
2520,0.80991
2521,-0.73198
2522,-0.93802
2523,-0.22943
2524,0.90536
2525,0.92097
2526,0.88786
2527,0.49539
2528,0.11529
2529,0.98389
2530,-0.04330
2531,0.33386
2532,0.87076
2533,0.91077
2534,-0.93687
2535,0.94053
2536,-0.49793
2537,0.96171
2538,-0.85268
2539,-0.14158
2540,0.97017
2541,-0.14880
2542,0.92981
2543,0.78675
2544,0.53710
2545,0.97112
2546,0.11415
2547,0.94727
2548,0.96008
2549,0.29686
2550,0.81341
2551,0.22754
2552,0.34351
2553,0.79017
2554,0.94273
2555,0.75841
2556,-0.90443
2557,-0.79976
2558,0.98307
2559,-0.57787
2560,-0.76491
2561,0.48804
2562,-0.67523
2563,0.93126
2564,-0.63889
2565,0.84755
2566,0.94554
2567,0.97413
2568,0.97978
2569,0.09140
2570,-0.14834
2571,0.41983
2572,-0.22473
2573,-0.35830
2574,-0.93240
2575,0.70808
2576,0.85995
2577,0.82746
2578,0.60845
2579,-0.78168
2580,-0.71154
2581,-0.74575
2582,0.48776
2583,0.92218
2584,0.52550
2585,0.17994
2586,0.95447
2587,-0.45195
2588,0.88001
2589,0.89972
2590,-0.81346
2591,-0.48107
2592,-0.48131
2593,-0.27761
2594,-0.43151
2595,-0.27127
2596,-0.88239
2597,-0.25001
2598,0.98074
2599,0.02012
2600,-0.70222
2601,0.84738
2602,-0.94630
2603,-0.12838
2604,0.96320
2605,-0.32206
2606,-0.56784
2607,-0.95859
2608,0.06812
2609,-0.06222
2610,0.89825
2611,0.95825
2612,0.97298
2613,0.82128
2614,-0.51481
2615,0.94600
2616,-0.35586
2617,0.96286
2618,0.12617
2619,0.95090
2620,-0.03631
2621,0.91314
2622,-0.72281
2623,-0.95728
2624,-0.86780
2625,-0.80716
2626,0.92264
2627,0.91588
2628,0.66720
2629,-0.85653
2630,-0.28089
2631,-0.91212
2632,-0.10164
2633,0.99038
2634,0.02621
2635,0.92815
2636,-0.94958
2637,0.89229
2638,0.94489
2639,-0.97023
2640,0.87177
2641,-0.00885
2642,0.84881
2643,0.92568
2644,0.89847
2645,-0.25181
2646,-0.80161
2647,0.43287
2648,-0.17970
2649,-0.13501
2650,0.96082
2651,-0.74649
2652,0.85393
2653,0.98686
2654,0.95296
2655,-0.62941
2656,-0.84895
2657,0.94581
2658,-0.16460
2659,0.83313
2660,-0.25301
2661,0.69696
2662,0.95973
2663,0.45847
2664,0.61737
2665,0.84251
2666,-0.81692
2667,-0.70383
2668,0.94168
2669,-0.36648
2670,-0.71305
2671,0.94825
2672,-0.69715
2673,0.49952
2674,0.92634
2675,-0.59653
2676,0.57766
2677,0.93798
2678,0.23751
2679,0.57674
2680,-0.19615
2681,-0.56478
2682,0.48121
2683,0.35185
2684,-0.65475
2685,-0.81530
2686,-0.87705
2687,-0.20376
2688,0.94779
2689,0.48853
2690,0.36713
2691,0.80851
2692,0.82425
2693,0.94192
2694,0.74766
2695,0.98247
2696,-0.92814
2697,0.93064
2698,0.93058
2699,0.83402
2700,0.95443
2701,0.06915
2702,0.94922
2703,-0.75964
2704,-0.15196
2705,-0.18847
2706,0.93393
2707,0.94253
2708,0.91450
2709,0.75235
2710,-0.75518
2711,0.74297
2712,-0.03823
2713,0.87865
2714,0.55016
2715,0.98140
2716,0.62439
2717,-0.52467
2718,0.95094
2719,0.38422
2720,-0.84326
2721,0.75465
2722,-0.20106
2723,0.92401
2724,0.83665
2725,0.89930
2726,0.94805
2727,0.99020
2728,0.81702
2729,0.95838
2730,0.07791
2731,-0.12773
2732,0.83730
2733,-0.26938
2734,0.93505
2735,0.65044
2736,0.79789
2737,0.63281
2738,0.97947
2739,-0.72559
2740,-0.92996
2741,-0.34241
2742,0.58229
2743,0.96290
2744,0.79508
2745,-0.65190
2746,0.33022
2747,0.90829
2748,-0.60037
2749,-0.30353
2750,0.97246
2751,-0.53674
2752,-0.77867
2753,0.97776
2754,0.96877
2755,0.86155
2756,0.28418
2757,-0.74713
2758,0.70181
2759,0.97461
2760,0.89080
2761,-0.81877
2762,0.93822
2763,0.91489
2764,-0.00237
2765,0.01111
2766,-0.85289
2767,0.86318
2768,-0.83027
2769,0.98487
2770,0.98538
2771,-0.15575
2772,-0.68109
2773,0.69483
2774,-0.53211
2775,0.15665
2776,0.85054
2777,0.86330
2778,0.91791
2779,-0.20646
2780,-0.49982
2781,-0.84575
2782,-0.93446
2783,0.32696
2784,0.01332
2785,-0.90735
2786,0.97519
2787,0.88751
2788,0.91451
2789,0.75886
2790,0.77863
2791,0.98273
2792,0.00831
2793,0.87733
2794,-0.03373
2795,0.82034
2796,-0.14046
2797,0.97807
2798,0.92262
2799,0.02503
2800,-0.65420
2801,-0.55713
2802,-0.71959
2803,-0.84927
2804,-0.89722
2805,0.88784
2806,-0.71620
2807,0.98720
2808,0.29459
2809,0.96130
2810,-0.68290
2811,-0.91972
2812,0.97593
2813,0.09253
2814,0.95296
2815,0.99147
2816,-0.63483
2817,-0.31897
2818,0.01551
2819,-0.05372
2820,-0.07783
2821,-0.37656
2822,-0.14997
2823,-0.23196
2824,0.96719
2825,0.97216
2826,0.87390
2827,0.97126
2828,0.95901
2829,0.79686
2830,0.96423
2831,0.94070
2832,-0.09187
2833,-0.52851
2834,-0.05023
2835,0.74052
2836,0.96165
2837,0.96282
2838,0.02786
2839,-0.14188
2840,0.85453
2841,-0.60317
2842,-0.14553
2843,0.01700
2844,0.01510
2845,0.94888
2846,0.22195
2847,0.12355
2848,-0.87630
2849,-0.69664
2850,-0.81571
2851,-0.79738
2852,0.48152
2853,0.97153
2854,-0.90324
2855,-0.81662
2856,-0.15977
2857,-0.67281
2858,0.86589
2859,-0.46238
2860,-0.79129
2861,-0.90062
2862,0.24694
2863,-0.69965
2864,0.36522
2865,0.98919
2866,-0.82929
2867,-0.83880
2868,0.95593
2869,-0.51178
2870,0.64198
2871,0.30894
2872,-0.40839
2873,0.94932
2874,0.98269
2875,-0.80406
2876,-0.77338
2877,-0.83122
2878,0.17109
2879,-0.86398
2880,0.88435
2881,0.41583
2882,0.95083
2883,0.96147
2884,0.09738
2885,0.99066
2886,-0.64845
2887,0.10314
2888,-0.27180
2889,-0.89373
2890,0.90534
2891,0.91645
2892,0.91856
2893,0.15101
2894,0.70525
2895,0.95209
2896,0.98261
2897,0.96587
2898,-0.77912
2899,0.93945
2900,-0.99715
2901,0.72410
2902,0.96389
2903,-0.11568
2904,-0.59720
2905,0.95756
2906,0.93032
2907,0.94876
2908,0.92425
2909,-0.98347
2910,0.84310
2911,0.67776
2912,-0.93473
2913,0.96337
2914,-0.55414
2915,0.93781
2916,-0.01976
2917,0.98271
2918,0.97550
2919,-0.08732
2920,0.83211
2921,-0.11778
2922,0.93522
2923,-0.51792
2924,0.68045
2925,0.94695
2926,0.84266
2927,0.01220
2928,-0.15857
2929,0.90673
2930,-0.75744
2931,0.62658
2932,0.93877
2933,0.68571
2934,0.92909
2935,0.93960
2936,0.96043
2937,-0.68037
2938,0.93699
2939,0.83221
2940,0.00826
2941,0.96528
2942,-0.38426
2943,-0.69585
2944,0.85657
2945,0.96581
2946,0.45787
2947,0.81978
2948,0.29872
2949,-0.30606
2950,0.97733
2951,-0.77183
2952,0.22982
2953,0.97152
2954,-0.83538
2955,0.89436
2956,0.90351
2957,-0.06547
2958,-0.88134
2959,0.94947
2960,-0.88126
2961,-0.31281
2962,-0.59113
2963,-0.15481
2964,0.76789
2965,-0.06686
2966,0.66282
2967,0.88220
2968,-0.13271
2969,0.93034
2970,-0.42460
2971,-0.70420
2972,0.90484
2973,0.94645
2974,0.12397
2975,-0.12895
2976,0.31735
2977,0.22383
2978,0.91044
2979,0.04956
2980,0.03889
2981,0.95986
2982,0.96896
2983,0.96677
2984,-0.10220
2985,-0.52872
2986,-0.78948
2987,-0.02101
2988,0.58018
2989,-0.50297
2990,0.61257
2991,0.96056
2992,0.92116
2993,-0.20032
2994,0.89957
2995,0.89779
2996,0.83111
2997,0.99369
2998,0.95319
2999,-0.07958
3000,0.97526
3001,0.76341
3002,0.90729
3003,0.90161
3004,0.83943
3005,0.62105
3006,0.53741
3007,-0.66167
3008,0.93786
3009,0.85492
3010,-0.37294
3011,-0.23525
3012,0.93561
3013,0.83479
3014,-0.72685
3015,0.80905
3016,0.30359
3017,0.93665
3018,0.88814
3019,0.99635
3020,-0.20618
3021,-0.04510
3022,0.75545
3023,0.90429
3024,-0.12283
3025,0.97142
3026,-0.87612
3027,-0.95388
3028,0.01952
3029,0.92922
3030,-0.15911
3031,0.89727
3032,-0.75684
3033,-0.78465
3034,0.93203
3035,-0.00130
3036,0.96005
3037,-0.71538
3038,-0.43407
3039,0.93070
3040,0.99481
3041,-0.05859
3042,0.71352
3043,0.98099
3044,0.17184
3045,-0.88856
3046,0.88792
3047,-0.02445
3048,0.02902
3049,0.74668
3050,-0.74713
3051,0.88365
3052,0.97306
3053,-0.13542
3054,-0.79459
3055,0.40908
3056,0.85960
3057,-0.78476
3058,0.64443
3059,-0.40692
3060,-0.84510
3061,0.23117
3062,0.98721
3063,-0.16379
3064,0.86817
3065,-0.75762
3066,0.71799
3067,0.67886
3068,-0.06596
3069,0.92704
3070,0.98669
3071,-0.89134
3072,-0.43965
3073,0.23972
3074,0.90322
3075,0.94035
3076,-0.38164
3077,0.96534
3078,-0.67130
3079,-0.33168
3080,-0.51298
3081,0.27991
3082,0.91199
3083,-0.54044
3084,0.94929
3085,-0.00795
3086,-0.26087
3087,0.98592
3088,-0.65600
3089,0.71656
3090,0.49633
3091,-0.33305
3092,0.90844
3093,0.58124
3094,-0.59718
3095,-0.88905
3096,0.98743
3097,-0.56065
3098,0.91261
3099,-0.75565
3100,0.93269
3101,-0.63263
3102,0.94892
3103,-0.90593
3104,0.99135
3105,0.93807
3106,0.95895
3107,-0.04568
3108,-0.82931
3109,-0.38849
3110,0.98848
3111,0.95336
3112,0.91676
3113,-0.41934
3114,-0.72674
3115,0.04456
3116,0.96136
3117,0.90844
3118,-0.95355
3119,0.70539
3120,-0.76554
3121,-0.43828
3122,0.92933
3123,0.64032
3124,0.92510
3125,-0.86025
3126,0.95483
3127,0.63140
3128,0.08719
3129,0.99247
3130,-0.42771
3131,-0.69826
3132,0.58738
3133,-0.74676
3134,-0.94986
3135,-0.44468
3136,0.55205
3137,-0.78918
3138,0.96839
3139,0.95652
3140,-0.07586
3141,0.96080
3142,0.92359
3143,0.04778
3144,-0.56875
3145,-0.12211
3146,-0.41356
3147,0.95871
3148,-0.71000
3149,-0.10798
3150,-0.37340
3151,-0.63398
3152,-0.83285
3153,-0.26731
3154,0.51846
3155,0.98930
3156,0.91075
3157,-0.92658
3158,0.96896
3159,0.95988
3160,0.84357
3161,0.97291
3162,0.71780
3163,0.89026
3164,-0.68112
3165,-0.05184
3166,-0.01825
3167,0.98029
3168,0.73400
3169,-0.70219
3170,0.97571
3171,0.65671
3172,0.98348
3173,-0.79061
3174,-0.54929
3175,0.99445
3176,0.97249
3177,0.93824
3178,0.96005
3179,-0.49615
3180,0.58100
3181,0.92452
3182,0.91306
3183,0.40132
3184,-0.74108
3185,-0.15454
3186,0.91987
3187,0.38227
3188,0.99280
3189,0.90035
3190,0.66370
3191,-0.63575
3192,-0.81955
3193,0.96799
3194,-0.13577
3195,-0.03673
3196,0.99064
3197,0.99788
3198,0.92653
3199,0.94791
3200,-0.52500
3201,0.87766
3202,0.95976
3203,-0.40503
3204,0.40339
3205,0.92146
3206,0.79589
3207,-0.14619
3208,-0.76080
3209,0.97287
3210,0.96880
3211,0.28591
3212,-0.17988
3213,-0.81636
3214,-0.49849
3215,-0.48436
3216,0.81809
3217,0.24369
3218,-0.78085
3219,0.04322
3220,0.19413
3221,-0.49865
3222,-0.13408
3223,0.73199
3224,0.85037
3225,0.93637
3226,-0.57501
3227,0.97490
3228,-0.35923
3229,0.37563
3230,-0.42460
3231,0.81425
3232,0.95139
3233,0.92263
3234,0.33495
3235,0.96354
3236,-0.10800
3237,0.98137
3238,0.99124
3239,-0.46622
3240,0.52354
3241,0.46846
3242,0.96216
3243,-0.83473
3244,0.92012
3245,0.98999
3246,-0.77166
3247,-0.13733
3248,0.89530
3249,-0.45475
3250,0.94651
3251,-0.85489
3252,0.54878
3253,-0.72675
3254,-0.01727
3255,0.90999
3256,0.97680
3257,-0.16131
3258,-0.71687
3259,-0.45998
3260,-0.15529
3261,-0.30984
3262,0.80472
3263,-0.32336
3264,0.18549
3265,-0.23751
3266,0.91833
3267,-0.10468
3268,0.09464
3269,0.99478
3270,0.59344
3271,0.96000
3272,0.54649
3273,0.57387
3274,0.91009
3275,-0.83539
3276,0.56580
3277,-0.28930
3278,-0.51296
3279,0.98321
3280,0.84502
3281,0.95586
3282,0.78668
3283,-0.24897
3284,-0.69502
3285,-0.05250
3286,0.95547
3287,0.95447
3288,0.16448
3289,-0.90783
3290,0.86163
3291,0.91490
3292,0.86986
3293,-0.83188
3294,0.88508
3295,0.92327
3296,0.44968
3297,0.37730
3298,0.90354
3299,0.98712
3300,0.96039
3301,-0.13474
3302,0.95275
3303,-0.60421
3304,-0.12192
3305,0.06806
3306,-0.60897
3307,-0.71724
3308,-0.18944
3309,0.76694
3310,-0.57632
3311,-0.08690
3312,0.22135
3313,0.73415
3314,0.82573
3315,0.93326
3316,-0.35260
3317,0.24656
3318,0.93855
3319,0.84279
3320,0.04378
3321,0.70639
3322,0.59609
3323,0.75311
3324,-0.02735
3325,0.94723
3326,0.98301
3327,-0.86887
3328,-0.55001
3329,0.65289
3330,-0.02628
3331,0.86161
3332,-0.48329
3333,-0.67931
3334,0.91578
3335,0.98090
3336,0.29334
3337,0.88516
3338,-0.55686
3339,0.99439
3340,-0.54916
3341,-0.76164
3342,0.70165
3343,0.97555
3344,0.04364
3345,0.09032
3346,-0.93714
3347,0.92010
3348,0.97455
3349,0.01006
3350,-0.74045
3351,0.92907
3352,0.04613
3353,0.98700
3354,-0.12685
3355,0.89224
3356,0.97747
3357,-0.10732
3358,-0.95248
3359,0.90502
3360,0.80895
3361,-0.71083
3362,-0.85498
3363,0.21489
3364,0.91400
3365,0.31799
3366,0.89235
3367,-0.48174
3368,0.00481
3369,0.98897
3370,0.98193
3371,0.83820
3372,-0.68326
3373,0.93906
3374,-0.77989
3375,-0.70248
3376,0.71482
3377,-0.03180
3378,0.86585
3379,-0.03637
3380,-0.07553
3381,0.83412
3382,0.86500
3383,0.93748
3384,0.88818
3385,-0.62631
3386,0.90794
3387,-0.67881
3388,0.15007
3389,-0.89877
3390,0.97473
3391,0.66028
3392,0.93873
3393,0.95168
3394,-0.81344
3395,0.92235
3396,-0.43139
3397,0.98853
3398,0.87055
3399,-0.30461
3400,-0.73666
3401,-0.24522
3402,0.69662
3403,-0.88793
3404,0.94799
3405,0.97117
3406,0.98386
3407,0.94485
3408,0.05719
3409,0.99107
3410,-0.17775
3411,-0.00340
3412,0.98699
3413,-0.90450
3414,0.95790
3415,-0.28103
3416,0.96590
3417,0.96792
3418,-0.08820
3419,0.95728
3420,0.95550
3421,0.09189
3422,0.82798
3423,0.92692
3424,-0.03675
3425,-0.60392
3426,0.00097
3427,-0.62791
3428,-0.81184
3429,0.87594
3430,0.92747
3431,0.97755
3432,0.51954
3433,0.66986
3434,0.57817
3435,-0.64392
3436,0.91499
3437,-0.35570
3438,0.89541
3439,-0.65565
3440,0.99068
3441,-0.25222
3442,0.16678
3443,0.30940
3444,-0.23121
3445,-0.56017
3446,0.80358
3447,0.04947
3448,0.93436
3449,0.93321
3450,0.97652
3451,-0.65841
3452,0.80280
3453,-0.36849
3454,-0.04995
3455,0.90190
3456,-0.33552
3457,-0.22411
3458,-0.20915
3459,0.93010
3460,-0.94230
3461,0.92314
3462,0.98130
3463,-0.45524
3464,-0.34700
3465,-0.78554
3466,0.33445
3467,0.81031
3468,-0.45052
3469,-0.27363
3470,0.92476
3471,0.88649
3472,0.05838
3473,-0.83212
3474,0.90710
3475,0.94176
3476,-0.79592
3477,0.03364
3478,-0.01139
3479,0.95002
3480,0.93693
3481,0.86066
3482,0.76769
3483,-0.55908
3484,0.97425
3485,0.81068
3486,0.87458
3487,0.92436
3488,-0.04903
3489,-0.36314
3490,0.93686
3491,-0.66712
3492,0.95064
3493,0.95145
3494,0.74502
3495,0.94568
3496,0.00470
3497,0.91920
3498,-0.69897
3499,0.95829
3500,-0.56325
3501,0.98645
3502,0.78781
3503,0.69492
3504,-0.29448
3505,0.31812
3506,0.99411
3507,0.71100
3508,0.99428
3509,0.44870
3510,-0.83827
3511,0.87697
3512,0.83364
3513,-0.79966
3514,0.95460
3515,0.74572
3516,0.96561
3517,-0.12107
3518,0.71551
3519,0.70798
3520,0.71180
3521,0.94403
3522,-0.67106
3523,0.85268
3524,-0.81560
3525,0.99224
3526,-0.94098
3527,0.86260
3528,0.96551
3529,-0.86131
3530,-0.23305
3531,0.98356
3532,0.98153
3533,-0.18657
3534,0.39237
3535,0.92594
3536,-0.67601
3537,0.93107
3538,-0.84051
3539,-0.73397
3540,0.96678
3541,-0.24899
3542,0.13988
3543,0.98026
3544,0.30832
3545,0.81562
3546,0.96573
3547,-0.60322
3548,0.85537
3549,0.77714
3550,-0.40230
3551,-0.09470
3552,0.85075
3553,-0.74178
3554,0.18751
3555,0.60412
3556,-0.71790
3557,-0.21124
3558,0.90451
3559,0.62131
3560,-0.59722
3561,0.96853
3562,0.95168
3563,0.75525
3564,-0.39404
3565,0.83870
3566,0.43415
3567,0.27288
3568,0.77934
3569,-0.26234
3570,-0.06442
3571,0.08261
3572,-0.72081
3573,0.94285
3574,-0.14600
3575,0.94439
3576,0.03813
3577,-0.84060
3578,0.96488
3579,-0.33381
3580,-0.02035
3581,0.95190
3582,-0.85450
3583,0.93481
3584,0.75046
3585,-0.76185
3586,-0.94177
3587,-0.07998
3588,-0.46972
3589,-0.74801
3590,0.92424
3591,0.90942
3592,0.83066
3593,0.00343
3594,-0.48190
3595,0.18262
3596,0.84721
3597,-0.16991
3598,-0.17752
3599,-0.24335
3600,0.93941
3601,0.96405
3602,-0.03593
3603,0.03291
3604,-0.27388
3605,0.95650
3606,-0.40127
3607,-0.05743
3608,-0.34617
3609,-0.57656
3610,0.92432
3611,-0.81751
3612,0.95206
3613,0.28577
3614,0.94716
3615,0.96473
3616,-0.20554
3617,-0.89048
3618,0.59329
3619,0.19530
3620,0.92673
3621,0.89766
3622,-0.76974
3623,-0.71588
3624,-0.10112
3625,0.24331
3626,0.78315
3627,0.91234
3628,-0.59794
3629,-0.13261
3630,-0.79403
3631,0.26545
3632,0.94558
3633,0.19382
3634,0.94135
3635,-0.44695
3636,-0.15476
3637,-0.77707
3638,0.92395
3639,0.19869
3640,-0.56526
3641,-0.80586
3642,0.84372
3643,-0.77422
3644,0.97273
3645,-0.03188
3646,0.05192
3647,-0.31205
3648,0.95814
3649,0.97730
3650,0.99409
3651,0.70953
3652,0.93045
3653,-0.72473
3654,0.97028
3655,0.88062
3656,0.11873
3657,0.95803
3658,-0.65027
3659,-0.04586
3660,0.90384
3661,0.36270
3662,-0.89248
3663,0.38118
3664,-0.82496
3665,-0.17326
3666,0.67941
3667,-0.02077
3668,-0.58860
3669,-0.26472
3670,0.72789
3671,-0.82312
3672,-0.18708
3673,-0.51803
3674,-0.74419
3675,0.96503
3676,-0.64492
3677,-0.46407
3678,0.11192
3679,0.93669
3680,-0.78457
3681,0.94969
3682,0.69497
3683,0.46024
3684,0.98196
3685,-0.06452
3686,0.09686
3687,0.57156
3688,0.85812
3689,0.97054
3690,0.94290
3691,0.91659
3692,0.15776
3693,0.97239
3694,0.96631
3695,0.94465
3696,-0.40289
3697,0.59972
3698,0.83992
3699,0.46173
3700,-0.09207
3701,-0.96866
3702,0.04759
3703,-0.89265
3704,0.97837
3705,0.92154
3706,-0.05764
3707,-0.75937
3708,0.76762
3709,0.31380
3710,0.73942
3711,0.52473
3712,0.70096
3713,0.99611
3714,0.95205
3715,0.43362
3716,-0.87941
3717,0.98138
3718,0.86199
3719,-0.81569
3720,-0.59173
3721,0.96597
3722,-0.40473
3723,-0.39026
3724,-0.34472
3725,-0.52134
3726,0.64583
3727,0.69183
3728,-0.54683
3729,0.98470
3730,0.58368
3731,-0.65740
3732,-0.48686
3733,0.91117
3734,-0.77723
3735,0.91304
3736,0.86290
3737,-0.03369
3738,0.92073
3739,0.98962
3740,0.94486
3741,0.97179
3742,0.99387
3743,0.90712
3744,0.90861
3745,-0.76870
3746,0.96705
3747,0.90078
3748,0.76481
3749,0.66235
3750,0.69831
3751,0.62881
3752,-0.85361
3753,0.91343
3754,-0.26115
3755,-0.86511
3756,0.87730
3757,-0.82200
3758,0.97457
3759,0.95011
3760,-0.87139
3761,0.88576
3762,0.95867
3763,0.94002
3764,-0.86001
3765,-0.76582
3766,0.94763
3767,-0.50617
3768,-0.51454
3769,0.10307
3770,-0.21166
3771,0.61224
3772,0.93308
3773,0.34970
3774,0.96026
3775,0.91475
3776,0.38861
3777,-0.86485
3778,0.87449
3779,-0.69192
3780,0.94733
3781,0.99746
3782,0.95840
3783,-0.83814
3784,-0.73212
3785,0.91477
3786,0.33367
3787,-0.80147
3788,-0.69685
3789,0.93859
3790,-0.85009
3791,0.78369
3792,0.08081
3793,-0.02530
3794,-0.36125
3795,0.66439
3796,-0.79896
3797,0.14004
3798,0.91486
3799,-0.79998
3800,0.85990
3801,-0.10925
3802,0.60050
3803,0.97145
3804,0.97368
3805,0.97432
3806,-0.01793
3807,0.95371
3808,0.77918
3809,0.71741
3810,0.84147
3811,0.81710
3812,0.18994
3813,0.92468
3814,-0.72683
3815,-0.30987
3816,-0.86331
3817,-0.59926
3818,0.52069
3819,0.14769
3820,0.97637
3821,0.41716
3822,-0.63384
3823,0.86535
3824,-0.92170
3825,-0.63491
3826,-0.85479
3827,-0.05097
3828,-0.29506
3829,-0.68576
3830,0.96557
3831,-0.59676
3832,-0.06515
3833,0.90245
3834,-0.05673
3835,-0.55381
3836,0.41343
3837,-0.03409
3838,0.96236
3839,-0.67346
3840,0.90516
3841,0.38035
3842,-0.88786
3843,-0.02880
3844,0.99140
3845,0.93769
3846,0.97166
3847,-0.01328
3848,0.83025
3849,-0.85500
3850,-0.00600
3851,0.98558
3852,0.85537
3853,-0.73311
3854,0.97280
3855,0.85139
3856,0.96916
3857,0.87612
3858,0.96295
3859,-0.96119
3860,-0.04298
3861,-0.75568
3862,-0.81144
3863,0.96991
3864,0.95889
3865,-0.52868
3866,0.87752
3867,0.75749
3868,0.01273
3869,-0.64120
3870,0.92993
3871,-0.76307
3872,-0.27012
3873,0.12310
3874,0.75894
3875,-0.81348
3876,-0.73978
3877,0.78266
3878,-0.07030
3879,0.97350
3880,-0.47071
3881,0.97124
3882,-0.30113
3883,-0.56741
3884,0.87454
3885,0.90785
3886,-0.77783
3887,-0.87538
3888,0.97714
3889,-0.04753
3890,0.89394
3891,0.62429
3892,0.70270
3893,-0.06693
3894,0.91142
3895,0.44129
3896,-0.75102
3897,-0.59738
3898,-0.54086
3899,0.94633
3900,0.98799
3901,0.14516
3902,-0.09259
3903,0.94374
3904,0.98456
3905,0.56071
3906,0.22181
3907,0.10752
3908,0.81999
3909,0.22187
3910,0.95539
3911,0.95124
3912,0.79527
3913,-0.90526
3914,0.93721
3915,0.99546
3916,0.67108
3917,0.68223
3918,-0.55329
3919,-0.33479
3920,0.86014
3921,-0.07638
3922,0.96121
3923,0.81442
3924,0.89734
3925,0.98650
3926,0.88185
3927,0.93061
3928,0.86173
3929,-0.10181
3930,-0.68393
3931,0.95247
3932,0.94389
3933,-0.56624
3934,0.95300
3935,0.98564
3936,0.94311
3937,-0.37809
3938,0.33151
3939,-0.75703
3940,0.91264
3941,0.88926
3942,-0.16899
3943,-0.71716
3944,0.96527
3945,0.91794
3946,-0.72093
3947,0.78003
3948,0.45354
3949,0.86918
3950,0.98271
3951,0.96648
3952,0.66986
3953,0.80063
3954,-0.55209
3955,0.96618
3956,0.96303
3957,-0.70600
3958,0.91666
3959,0.86868
3960,0.98159
3961,-0.77905
3962,0.97031
3963,-0.34462
3964,0.95550
3965,0.72995
3966,-0.35795
3967,0.95114
3968,0.87943
3969,-0.18476
3970,0.75627
3971,-0.73971
3972,-0.36132
3973,0.94583
3974,0.99092
3975,0.59971
3976,0.91917
3977,0.87383
3978,-0.02091
3979,0.84860
3980,0.86532
3981,0.96898
3982,0.96850
3983,0.68229
3984,-0.84169
3985,0.77572
3986,-0.91231
3987,-0.77597
3988,0.89675
3989,0.97656
3990,-0.50026
3991,0.96623
3992,0.96181
3993,0.23525
3994,0.03544
3995,0.95293
3996,0.99021
3997,-0.40784
3998,-0.30102
3999,-0.46937
4000,0.99137
4001,0.87292
4002,0.93756
4003,-0.40578
4004,0.76701
4005,0.95773
4006,-0.14603
4007,0.25824
4008,0.63672
4009,-0.53682
4010,-0.67368
4011,0.12577
4012,-0.97839
4013,0.87907
4014,0.95917
4015,0.83566
4016,0.86869
4017,-0.77044
4018,0.93020
4019,0.93478
4020,-0.87573
4021,-0.68962
4022,0.97258
4023,0.93032
4024,0.01226
4025,0.29517
4026,0.91761
4027,-0.53958
4028,-0.13083
4029,0.96336
4030,-0.36615
4031,0.36871
4032,0.49761
4033,0.92289
4034,-0.37186
4035,0.86622
4036,-0.63112
4037,0.86262
4038,-0.43747
4039,-0.73711
4040,-0.69858
4041,0.46916
4042,0.77472
4043,0.18235
4044,0.19417
4045,-0.25552
4046,0.20031
4047,-0.09926
4048,0.00706
4049,0.99907
4050,0.14256
4051,-0.90153
4052,0.57154
4053,-0.89286
4054,-0.84987
4055,-0.31288
4056,-0.29000
4057,0.52902
4058,0.95946
4059,-0.82330
4060,0.89805
4061,0.36423
4062,0.25431
4063,0.59835
4064,0.96136
4065,-0.08399
4066,0.01908
4067,0.91285
4068,-0.73921
4069,-0.72328
4070,0.81217
4071,0.87985
4072,0.93404
4073,0.90440
4074,-0.47176
4075,-0.05573
4076,-0.07422
4077,0.98552
4078,0.57411
4079,0.17357
4080,0.66615
4081,-0.36941
4082,-0.64111
4083,0.95410
4084,-0.82442
4085,0.69429
4086,0.71539
4087,-0.06182
4088,0.35523
4089,0.64469
4090,-0.73429
4091,-0.92193
4092,0.92206
4093,0.94764
4094,0.98420
4095,0.18895
4096,-0.42551
4097,0.85544
4098,0.96074
4099,0.93063
4100,0.94703
4101,0.97545
4102,0.52529
4103,-0.40331
4104,0.79517
4105,0.90418
4106,0.92990
4107,0.98355
4108,0.45041
4109,0.86617
4110,-0.25095
4111,0.64652
4112,0.91077
4113,-0.80154
4114,0.95833
4115,0.97128
4116,0.91097
4117,0.98567
4118,0.93226
4119,0.07838
4120,0.95580
4121,0.94743
4122,-0.17293
4123,-0.66349
4124,0.68922
4125,-0.92345
4126,-0.87138
4127,0.85064
4128,0.95622
4129,0.92637
4130,0.41944
4131,0.77262
4132,0.79931
4133,0.96174
4134,0.99563
4135,0.90977
4136,-0.09736
4137,-0.28140
4138,0.91955
4139,-0.86443
4140,0.72212
4141,0.72770
4142,-0.50896
4143,0.60480
4144,-0.02789
4145,-0.64329
4146,0.89608
4147,0.82292
4148,-0.66146
4149,0.40900
4150,0.50305
4151,0.76302
4152,0.68448
4153,0.98304
4154,-0.03356
4155,0.11098
4156,0.77641
4157,0.95190
4158,-0.93030
4159,-0.81297
4160,-0.00180
4161,0.93426
4162,0.89275
4163,-0.64529
4164,0.93141
4165,0.94592
4166,-0.04959
4167,-0.06570
4168,0.77249
4169,0.98402
4170,0.00503
4171,0.93525
4172,0.85608
4173,0.74337
4174,0.97380
4175,-0.91923
4176,-0.85054
4177,-0.28561
4178,0.95382
4179,-0.01915
4180,0.54154
4181,0.93254
4182,-0.76973
4183,-0.05782
4184,0.95566
4185,0.89760
4186,-0.84828
4187,0.92194
4188,-0.69680
4189,-0.38992
4190,-0.81929
4191,0.93602
4192,0.98273
4193,0.93439
4194,0.90266
4195,-0.70683
4196,0.25312
4197,0.12156
4198,0.67162
4199,0.93047
4200,0.03308
4201,0.90064
4202,0.94084
4203,0.85133
4204,-0.35021
4205,0.83494
4206,0.55991
4207,-0.84225
4208,0.92627
4209,0.91969
4210,-0.75489
4211,-0.08960
4212,-0.76744
4213,0.15459
4214,0.91472
4215,0.87953
4216,0.94789
4217,0.95851
4218,0.93451
4219,0.87425
4220,-0.80147
4221,0.86742
4222,0.41288
4223,0.96112
4224,-0.70111
4225,-0.96490
4226,0.81845
4227,0.76408
4228,0.51182
4229,0.90379
4230,-1.00000
4231,-0.06197
4232,-0.66638
4233,0.92658
4234,0.89003
4235,0.92599
4236,0.36152
4237,0.10583
4238,0.21876
4239,0.76758
4240,-0.10540
4241,-0.93895
4242,0.48460
4243,-0.39038
4244,0.15065
4245,0.85736
4246,-0.08936
4247,-0.64325
4248,0.40902
4249,-0.01180
4250,-0.72060
4251,-0.60959
4252,0.99851
4253,-0.19814
4254,-0.15613
4255,0.99290
4256,-0.07720
4257,-0.52417
4258,0.60090
4259,0.55350
4260,0.95750
4261,0.18383
4262,-0.15585
4263,0.92563
4264,-0.03842
4265,-0.42963
4266,-0.41448
4267,-0.03026
4268,0.91390
4269,0.64735
4270,0.67189
4271,0.79440
4272,0.94853
4273,-0.46326
4274,0.97149
4275,-0.04416
4276,0.90622
4277,0.75540
4278,-0.45622
4279,0.94874
4280,0.91469
4281,-0.09001
4282,-0.82199
4283,-0.80515
4284,0.35288
4285,-0.43260
4286,0.92313
4287,-0.52420
4288,0.75540
4289,-0.85308
4290,-0.67082
4291,0.89106
4292,0.86399
4293,0.99553
4294,-0.36625
4295,0.72434
4296,0.45540
4297,0.32507
4298,0.52011
4299,0.08284
4300,0.95311
4301,0.98390
4302,-0.22686
4303,0.86833
4304,0.79611
4305,0.98358
4306,0.90982
4307,0.93288
4308,-0.75068
4309,-0.93861
4310,0.07910
4311,-0.63561
4312,-0.06898
4313,0.98419
4314,-0.10214
4315,0.97588
4316,-0.48912
4317,0.75578
4318,-0.62489
4319,-0.59879
4320,-0.67599
4321,0.95957
4322,-0.87612
4323,0.01449
4324,0.44029
4325,-0.59035
4326,-0.74135
4327,0.05581
4328,0.86344
4329,0.95547
4330,0.89839
4331,-0.20913
4332,-0.26415
4333,0.54169
4334,0.90891
4335,-0.74196
4336,0.95187
4337,-0.31172
4338,0.98027
4339,-0.20657
4340,-0.03775
4341,0.88518
4342,-0.64613
4343,0.06851
4344,-0.72605
4345,0.94201
4346,0.97268
4347,0.88298
4348,0.77599
4349,0.09964
4350,-0.30867
4351,0.94148
4352,0.96437
4353,0.96184
4354,0.72409
4355,0.19117
4356,-0.68324
4357,0.28586
4358,0.09901
4359,0.93206
4360,0.94397
4361,0.50113
4362,0.73634
4363,0.18980
4364,-0.93101
4365,0.97392
4366,0.96155
4367,0.95071
4368,0.91149
4369,-0.28802
4370,0.99197
4371,0.82507
4372,0.95479
4373,0.92372
4374,-0.76559
4375,-0.08406
4376,-0.62369
4377,0.96799
4378,0.80685
4379,-0.00352
4380,-0.09998
4381,-0.47220
4382,0.96727
4383,-0.01674
4384,-0.81543
4385,0.87814
4386,-0.61636
4387,0.77001
4388,-0.13825
4389,0.97312
4390,0.00768
4391,0.22509
4392,0.86735
4393,0.76528
4394,-0.79443
4395,0.43161
4396,-0.28550
4397,0.89014
4398,0.44561
4399,0.87738
4400,0.77589
4401,0.68724
4402,0.32389
4403,0.97360
4404,0.84927
4405,-0.76919
4406,-0.17810
4407,-0.85368
4408,0.92246
4409,0.05831
4410,0.98089
4411,0.99258
4412,-0.09704
4413,-0.12532
4414,0.96408
4415,0.80582
4416,0.99549
4417,-0.88910
4418,-0.64393
4419,-0.71437
4420,-0.11067
4421,0.96755
4422,-0.23063
4423,0.66744
4424,-0.69246
4425,0.62139
4426,-0.03858
4427,-0.04203
4428,-0.55025
4429,-0.82482
4430,-0.68359
4431,0.83425
4432,0.29530
4433,0.82023
4434,0.89031
4435,0.09731
4436,-0.80654
4437,0.81022
4438,0.88498
4439,-0.54968
4440,-0.30257
4441,-0.10516
4442,0.02291
4443,-0.69884
4444,0.96868
4445,-0.08381
4446,0.72125
4447,0.95932
4448,-0.76622
4449,-0.85331
4450,-0.52916
4451,0.01380
4452,-0.04355
4453,0.97536
4454,0.98741
4455,0.94763
4456,0.76443
4457,0.67226
4458,-0.45604
4459,0.51353
4460,0.02293
4461,-0.25084
4462,0.62590
4463,0.49960
4464,0.28568
4465,0.37520
4466,0.90507
4467,-0.66222
4468,0.69247
4469,0.82838
4470,-0.76872
4471,0.85213
4472,-0.25496
4473,-0.95314
4474,-0.19760
4475,0.78123
4476,0.93942
4477,0.99962
4478,0.98237
4479,0.99825
4480,0.54293
4481,-0.53895
4482,0.97844
4483,0.96048
4484,-0.17660
4485,-0.23085
4486,0.95012
4487,0.53369
4488,-0.65647
4489,-0.81308
4490,0.85155
4491,-0.75667
4492,-0.11733
4493,0.99256
4494,-0.68996
4495,-0.59336
4496,0.90341
4497,0.95872
4498,0.97016
4499,0.95117
4500,0.95296
4501,0.79216
4502,-0.85364
4503,0.98900
4504,0.96544
4505,0.99145
4506,-0.79313
4507,0.57928
4508,0.32794
4509,0.88215
4510,0.99243
4511,0.51985
4512,0.96098
4513,0.92882
4514,0.86173
4515,-0.67218
4516,-0.69715
4517,-0.68510
4518,0.95071
4519,-0.78265
4520,-0.11831
4521,-0.11413
4522,0.75260
4523,0.99260
4524,0.07832
4525,-0.51353
4526,0.97255
4527,0.48155
4528,-0.88031
4529,0.13441
4530,-0.63095
4531,0.00787
4532,0.64949
4533,0.94870
4534,-0.04504
4535,0.98137
4536,-0.92204
4537,0.13633
4538,0.97954
4539,0.92163
4540,-0.44671
4541,-0.81146
4542,-0.95814
4543,-0.03315
4544,0.73184
4545,-0.04249
4546,0.88792
4547,-0.83180
4548,0.98690
4549,-0.83628
4550,0.96427
4551,0.90856
4552,-0.01815
4553,0.92740
4554,0.92049
4555,0.89918
4556,0.68039
4557,-0.90112
4558,0.98888
4559,-0.37195
4560,-0.07108
4561,-0.63435
4562,0.98168
4563,-0.00745
4564,-0.89650
4565,0.98985
4566,0.36379
4567,0.89003
4568,-0.77762
4569,0.95640
4570,0.27773
4571,0.71330
4572,0.77751
4573,0.00351
4574,-0.90282
4575,-0.18812
4576,-0.73177
4577,0.96594
4578,0.89241
4579,-0.07347
4580,0.09342
4581,0.96349
4582,0.87610
4583,0.91509
4584,-0.16204
4585,-0.56902
4586,0.94613
4587,-0.80302
4588,0.59397
4589,0.89448
4590,-0.16833
4591,0.84853
4592,-0.31861
4593,0.71357
4594,-0.87670
4595,0.77125
4596,-0.13389
4597,0.93055
4598,0.94687
4599,0.73720
4600,-0.01527
4601,0.23831
4602,0.94810
4603,-0.45153
4604,-0.09058
4605,-0.11378
4606,0.31500
4607,0.98750
4608,-0.78788
4609,0.04557
4610,-0.59272
4611,-0.61072
4612,0.16452
4613,0.17114
4614,0.95694
4615,0.75088
4616,-0.83974
4617,0.56003
4618,-0.32414
4619,0.33812
4620,0.88416
4621,-0.67909
4622,-0.72064
4623,0.93338
4624,0.88769
4625,-0.79657
4626,-0.90322
4627,0.89127
4628,0.87736
4629,-0.61881
4630,0.91846
4631,-0.85987
4632,0.80173
4633,-0.13424
4634,0.00543
4635,0.43141
4636,-0.40077
4637,0.96700
4638,-0.89283
4639,0.80318
4640,-0.20872
4641,0.82916
4642,0.16721
4643,0.96893
4644,0.51735
4645,-0.51333
4646,0.78615
4647,0.90189
4648,-0.14442
4649,0.54208
4650,-0.48338
4651,0.90738
4652,0.13277
4653,0.52636
4654,0.82113
4655,0.97297
4656,0.37998
4657,0.91380
4658,0.67630
4659,0.99508
4660,-0.52918
4661,0.75015
4662,-0.07862
4663,-0.92558
4664,0.71149
4665,-0.98651
4666,0.19975
4667,0.91617
4668,-0.90016
4669,0.98348
4670,0.67620
4671,0.48874
4672,0.09040
4673,-0.89471
4674,0.60412
4675,0.82929
4676,0.68968
4677,-0.47581
4678,-0.68267
4679,-0.72494
4680,0.97156
4681,0.24060
4682,-0.80289
4683,0.70726
4684,-0.60436
4685,-0.77956
4686,0.86948
4687,0.85524
4688,0.59840
4689,-0.02567
4690,0.61160
4691,0.20802
4692,-0.32639
4693,-0.65979
4694,-0.74678
4695,0.23905
4696,-0.54608
4697,-0.32255
4698,0.21550
4699,0.63031
4700,-0.65285
4701,-0.05853
4702,0.97570
4703,-0.92248
4704,-0.67690
4705,0.35293
4706,0.96287
4707,0.97330
4708,-0.04161
4709,0.91437
4710,-0.78362
4711,0.77508
4712,-0.72190
4713,-0.62399
4714,0.75573
4715,-0.12176
4716,0.85666
4717,0.86625
4718,0.90428
4719,-0.50103
4720,0.76171
4721,0.29003
4722,-0.67053
4723,0.98256
4724,0.88575
4725,0.97721
4726,0.66250
4727,0.44874
4728,-0.39132
4729,0.90016
4730,0.49608
4731,0.72045
4732,0.98088
4733,0.81943
4734,0.38919
4735,-0.95770
4736,-0.06560
4737,-0.15621
4738,0.50270
4739,0.91655
4740,0.84685
4741,0.98751
4742,0.62673
4743,-0.79867
4744,-0.62481
4745,0.61324
4746,0.93534
4747,-0.10250
4748,0.88992
4749,0.63543
4750,-0.90723
4751,-0.02624
4752,0.27290
4753,0.50424
4754,0.96743
4755,0.90700
4756,0.76948
4757,-0.84372
4758,-0.13317
4759,-0.38729
4760,-0.20330
4761,0.97639
4762,0.94184
4763,0.95057
4764,0.86317
4765,0.99234
4766,-0.81393
4767,0.19548
4768,0.93645
4769,0.88913
4770,0.82483
4771,0.89749
4772,-0.55153
4773,-0.81351
4774,-0.00694
4775,-0.10268
4776,0.85931
4777,0.67853
4778,-0.53092
4779,0.12455
4780,-0.27805
4781,0.23359
4782,0.68666
4783,0.98449
4784,-0.06289
4785,-0.63635
4786,-0.75568
4787,0.85784
4788,-0.37296
4789,0.05923
4790,0.97894
4791,-0.94436
4792,0.95356
4793,0.87668
4794,0.89662
4795,0.97480
4796,-0.14942
4797,-0.52969
4798,-0.87284
4799,0.00030
4800,-0.71800
4801,0.90805
4802,0.91952
4803,0.92032
4804,0.98609
4805,-0.68286
4806,-0.42128
4807,0.95762
4808,-0.77301
4809,-0.53988
4810,0.86937
4811,0.82163
4812,0.95798
4813,0.90535
4814,0.87248
4815,-0.40601
4816,0.60772
4817,0.37137
4818,0.24461
4819,-0.88779
4820,0.80738
4821,-0.05323
4822,0.87451
4823,-0.87084
4824,-0.47827
4825,-0.00092
4826,0.73175
4827,-0.74485
4828,0.43961
4829,-0.63460
4830,-0.00134
4831,-0.86196
4832,0.92558
4833,-0.90565
4834,0.93822
4835,0.65559
4836,0.80755
4837,-0.02209
4838,-0.83738
4839,-0.84037
4840,-0.37526
4841,-0.12153
4842,0.94416
4843,0.90174
4844,-0.67882
4845,0.13243
4846,0.57173
4847,0.42535
4848,-0.72739
4849,-0.00944
4850,-0.15607
4851,0.88328
4852,0.68587
4853,0.87037
4854,0.93101
4855,-0.02310
4856,0.91589
4857,0.95322
4858,0.93709
4859,-0.85105
4860,0.78870
4861,0.86371
4862,0.91729
4863,-0.72874
4864,-0.18476
4865,0.79036
4866,0.88142
4867,-0.61258
4868,0.92875
4869,-0.49160
4870,0.01591
4871,-0.07619
4872,0.99704
4873,-0.63380
4874,0.95171
4875,-0.83722
4876,-0.03367
4877,-0.84397
4878,0.96021
4879,0.93804
4880,-0.46580
4881,0.07990
4882,-0.11398
4883,0.49531
4884,0.96067
4885,0.93250
4886,0.54218
4887,-0.79821
4888,0.77240
4889,-0.18767
4890,0.03745
4891,0.54069
4892,0.91839
4893,0.00519
4894,-0.00296
4895,0.85307
4896,0.82834
4897,0.07037
4898,0.97631
4899,0.56261
4900,0.89600
4901,-0.02741
4902,-0.12738
4903,-0.92408
4904,-0.07056
4905,0.94474
4906,0.98200
4907,0.65895
4908,-0.24759
4909,0.25368
4910,-0.30363
4911,0.84875
4912,0.86353
4913,0.92352
4914,-0.95350
4915,0.73554
4916,0.94867
4917,0.88991
4918,-0.04320
4919,0.56876
4920,0.92885
4921,-0.82928
4922,0.80568
4923,0.97357
4924,-0.38780
4925,0.54554
4926,0.41488
4927,0.85571
4928,0.99453
4929,0.93216
4930,-0.42286
4931,-0.61187
4932,-0.24304
4933,0.76075
4934,0.98277
4935,0.07966
4936,-0.95599
4937,0.96317
4938,0.80076
4939,0.94569
4940,-0.83269
4941,-0.09630
4942,0.04137
4943,0.00486
4944,0.96725
4945,-0.41640
4946,0.92047
4947,-0.05726
4948,-0.51289
4949,-0.64798
4950,0.54301
4951,0.97820
4952,-0.18672
4953,0.92841
4954,-0.06649
4955,-0.00510
4956,-0.18149
4957,-0.09616
4958,-0.73006
4959,-0.63226
4960,0.94566
4961,0.90498
4962,0.76249
4963,-0.11114
4964,0.02557
4965,0.96648
4966,-0.11531
4967,-0.15616
4968,0.77910
4969,-0.92474
4970,-0.93055
4971,0.86864
4972,0.79932
4973,-0.86518
4974,-0.82346
4975,0.71945
4976,0.89785
4977,0.59647
4978,-0.38408
4979,0.23650
4980,-0.73425
4981,-0.47583
4982,0.96549
4983,0.34238
4984,0.98589
4985,-0.79414
4986,0.92850
4987,0.89610
4988,0.28566
4989,0.84576
4990,-0.14095
4991,-0.68455
4992,0.00138
4993,-0.26846
4994,0.96680
4995,0.94463
4996,-0.33099
4997,0.97461
4998,0.67586
4999,0.96401
5000,-0.45064
5001,-0.27295
5002,-0.82055
5003,0.90795
5004,0.98610
5005,-0.69171
5006,-0.59650
5007,0.07774
5008,0.51957
5009,0.76590
5010,0.94928
5011,-0.78040
5012,0.00212
5013,0.99378
5014,-0.13982
5015,-0.01978
5016,0.82083
5017,-0.59853
5018,0.84368
5019,-0.27608
5020,-0.00804
5021,0.50707
5022,-0.40995
5023,0.95156
5024,0.79862
5025,0.53382
5026,0.98947
5027,0.91446
5028,0.80105
5029,0.87219
5030,0.94444
5031,0.73957
5032,0.96983
5033,0.98969
5034,-0.72597
5035,0.90566
5036,-0.85954
5037,0.97377
5038,-0.47313
5039,0.50898
5040,0.99397
5041,0.29422
5042,-0.28433
5043,0.10424
5044,-0.13555
5045,0.95607
5046,0.34606
5047,0.79020
5048,0.97440
5049,0.91902
5050,0.44579
5051,0.98379
5052,0.93086
5053,0.21623
5054,-0.87856
5055,-0.68766
5056,0.94984
5057,0.97795
5058,0.95351
5059,0.84809
5060,0.97869
5061,0.07479
5062,0.91265
5063,0.88971
5064,-0.86539
5065,-0.61748
5066,-0.01089
5067,0.93884
5068,-0.84569
5069,0.90565
5070,0.92873
5071,0.57800
5072,0.99805
5073,0.92816
5074,0.91237
5075,-0.09943
5076,-0.33159
5077,0.41703
5078,-0.37704
5079,0.97384
5080,0.92511
5081,-0.21851
5082,0.89416
5083,0.99397
5084,-0.40710
5085,-0.20658
5086,0.85019
5087,-0.61797
5088,0.57262
5089,0.62182
5090,0.55086
5091,0.98377
5092,0.88477
5093,-0.86161
5094,0.33180
5095,0.96684
5096,0.70785
5097,-0.34139
5098,0.09507
5099,0.24336
5100,-0.07684
5101,0.99377
5102,0.94799
5103,-0.36787
5104,0.98158
5105,0.72277
5106,0.11784
5107,0.89833
5108,0.89317
5109,-0.15234
5110,0.98141
5111,0.96453
5112,0.75143
5113,-0.01869
5114,0.23437
5115,0.93586
5116,0.60928
5117,0.93271
5118,0.79684
5119,0.80079
5120,-0.52847
5121,0.93034
5122,-0.53468
5123,-0.90104
5124,0.86523
5125,0.30016
5126,-0.64774
5127,0.98190
5128,0.19357
5129,0.56509
5130,-0.52885
5131,0.78616
5132,0.34788
5133,0.96016
5134,0.96843
5135,-0.64029
5136,0.83935
5137,-0.49587
5138,0.92786
5139,0.88218
5140,-0.40214
5141,0.90671
5142,-0.09223
5143,-0.75010
5144,-0.57096
5145,0.92564
5146,0.97013
5147,-0.25467
5148,-0.18404
5149,0.91606
5150,0.99030
5151,-0.67701
5152,0.81606
5153,0.95498
5154,-0.84646
5155,-0.63741
5156,0.97437
5157,-0.13091
5158,-0.71717
5159,0.97063
5160,0.69774
5161,-0.01411
5162,0.98500
5163,0.97907
5164,0.89883
5165,-0.11079
5166,0.97666
5167,-0.84528
5168,0.08035
5169,-0.25972
5170,-0.81617
5171,0.95541
5172,0.53746
5173,0.94828
5174,-0.32407
5175,0.04483
5176,0.96286
5177,-0.20295
5178,-0.26396
5179,0.97048
5180,-0.71635
5181,-0.62287
5182,-0.05205
5183,0.77832
5184,0.13180
5185,-0.46287
5186,0.70601
5187,0.34659
5188,-0.95429
5189,0.74109
5190,0.84413
5191,0.45059
5192,0.90632
5193,-0.71480
5194,0.82137
5195,0.88637
5196,-0.69062
5197,0.90748
5198,0.09150
5199,0.53914
5200,-0.34768
5201,-0.65500
5202,0.91585
5203,0.94154
5204,0.92634
5205,0.84398
5206,0.01658
5207,-0.85945
5208,-0.88235
5209,-0.00032
5210,-0.14860
5211,0.78048
5212,-0.01938
5213,-0.21964
5214,0.14061
5215,0.43711
5216,-0.39181
5217,0.71659
5218,0.99303
5219,0.92936
5220,0.91377
5221,0.89019
5222,-0.55996
5223,-0.70394
5224,0.04700
5225,0.69755
5226,0.74743
5227,0.85564
5228,-0.82387
5229,-0.29942
5230,0.66916
5231,-0.36623
5232,-0.77042
5233,-0.77537
5234,0.69710
5235,0.93088
5236,-0.78910
5237,-0.77965
5238,-0.85779
5239,0.62333
5240,0.86873
5241,0.92550
5242,0.23457
5243,0.10189
5244,0.07657
5245,-0.05955
5246,0.97913
5247,0.97292
5248,0.93325
5249,0.85184
5250,0.90927
5251,-0.12767
5252,0.26104
5253,0.49873
5254,0.86702
5255,0.60731
5256,0.60819
5257,0.80381
5258,0.97985
5259,0.88527
5260,0.64759
5261,0.01739
5262,0.48565
5263,0.97526
5264,-0.14064
5265,-0.01679
5266,-0.00274
5267,-0.15616
5268,-0.79372
5269,-0.03098
5270,-0.26960
5271,-0.22255
5272,0.99220
5273,0.94649
5274,0.91448
5275,-0.72926
5276,0.98196
5277,-0.49139
5278,-0.19174
5279,0.33083
5280,0.00184
5281,0.18942
5282,0.99636
5283,-0.17884
5284,-0.82913
5285,-0.91916
5286,0.12205
5287,0.19996
5288,-0.58976
5289,0.81284
5290,0.87903
5291,0.93717
5292,0.37211
5293,0.98558
5294,0.92605
5295,0.51704
5296,0.98472
5297,0.65213
5298,-0.54981
5299,0.51846
5300,0.95003
5301,0.83210
5302,0.86459
5303,0.72586
5304,-0.88123
5305,-0.40023
5306,0.56618
5307,0.92227
5308,-0.85015
5309,-0.65369
5310,0.95778
5311,0.20448
5312,-0.28986
5313,0.88519
5314,0.88546
5315,-0.26300
5316,-0.03365
5317,0.90363
5318,-0.12406
5319,-0.92923
5320,0.01759
5321,0.53118
5322,-0.09312
5323,-0.21033
5324,0.74116
5325,0.71443
5326,-0.62717
5327,0.53649
5328,0.87531
5329,-0.54509
5330,-0.45104
5331,-0.04844
5332,0.30794
5333,0.69004
5334,0.96376
5335,0.99162
5336,-0.15251
5337,0.66090
5338,0.70289
5339,0.86985
5340,0.95670
5341,-0.78603
5342,-0.88045
5343,0.59958
5344,0.00156
5345,-0.83242
5346,-0.31833
5347,0.64253
5348,-0.86495
5349,-0.50338
5350,0.96895
5351,0.71468
5352,0.81344
5353,-0.05414
5354,0.89640
5355,-0.02735
5356,0.89076
5357,0.94836
5358,0.98166
5359,-0.75064
5360,0.92314
5361,-0.78572
5362,0.97568
5363,0.77854
5364,0.98892
5365,0.47458
5366,-0.90560
5367,0.95157
5368,0.10936
5369,0.89114
5370,0.74921
5371,0.98007
5372,0.88608
5373,0.32748
5374,0.96298
5375,0.99380
5376,0.95314
5377,0.86895
5378,0.32194
5379,0.52925
5380,0.92117
5381,-0.73893
5382,-0.64767
5383,-0.18454
5384,0.83152
5385,-0.22449
5386,0.94728
5387,0.97145
5388,-0.63118
5389,-0.74086
5390,0.56410
5391,0.34911
5392,0.98829
5393,-0.48030
5394,0.73547
5395,0.88545
5396,0.97135
5397,0.74492
5398,0.57059
5399,0.97161
5400,-0.79065
5401,0.83714
5402,-0.98370
5403,-0.71205
5404,0.96204
5405,-0.51798
5406,-0.64079
5407,-0.13598
5408,-0.84060
5409,0.76201
5410,0.86682
5411,0.96395
5412,0.87587
5413,-0.51701
5414,0.98521
5415,0.89337
5416,-0.85720
5417,0.94888
5418,-0.80827
5419,0.60892
5420,0.97902
5421,0.93847
5422,-0.66463
5423,0.87709
5424,0.12742
5425,0.84327
5426,0.92314
5427,0.34112
5428,0.95740
5429,-0.73816
5430,0.73554
5431,0.62939
5432,0.94726
5433,-0.49334
5434,0.92210
5435,-0.52729
5436,0.76903
5437,-0.82158
5438,-0.78600
5439,-0.69956
5440,-0.87043
5441,0.26920
5442,0.91617
5443,0.87137
5444,-0.08988
5445,-0.31657
5446,-0.73041
5447,0.81613
5448,-0.32946
5449,-0.90026
5450,-0.55987
5451,0.88827
5452,0.96007
5453,0.76058
5454,0.95340
5455,-0.63597
5456,-0.70758
5457,0.98862
5458,0.99047
5459,-0.56823
5460,-0.20320
5461,0.78977
5462,-0.33175
5463,-0.87950
5464,0.67439
5465,0.18890
5466,0.99984
5467,0.69637
5468,0.87496
5469,0.95587
5470,-0.19942
5471,0.82013
5472,0.93997
5473,0.93070
5474,0.86718
5475,0.77177
5476,-0.31621
5477,-0.88796
5478,0.86606
5479,0.94287
5480,-0.72907
5481,0.87144
5482,0.90260
5483,0.94820
5484,0.84974
5485,0.74723
5486,-0.93043
5487,0.62076
5488,0.87873
5489,-0.67589
5490,0.98811
5491,0.92457
5492,0.70229
5493,0.99246
5494,0.16484
5495,-0.65936
5496,-0.43894
5497,-0.91083
5498,0.99876
5499,0.91017
5500,0.85186
5501,-0.14930
5502,0.52946
5503,-0.52569
5504,0.42989
5505,-0.01681
5506,-0.80887
5507,0.95226
5508,-0.64991
